country_code,ID,family_importance,friends_importance,leisure_importance,work_importance,freedom,life_satisfaction,financial_satisfaction,religiousity,political_scale,sex,birthyear,age,marital_status,employment
CAN,124070003,1.0,1.0,1.0,1.0,7.0,5.0,8.0,A religious person,10.0,Female,1944.0,76.0,Separated,Retired/pensioned
CAN,124070004,1.0,1.0,2.0,1.0,5.0,8.0,2.0,A religious person,5.0,Male,1951.0,69.0,Married,Retired/pensioned
CAN,124070005,2.0,2.0,2.0,2.0,8.0,9.0,8.0,An atheist,2.0,Female,1984.0,35.0,Living together as married,Part time
CAN,124070006,1.0,2.0,2.0,2.0,4.0,7.0,8.0,A religious person,8.0,Male,1975.0,45.0,Married,Full time
CAN,124070008,1.0,2.0,2.0,2.0,7.0,1.0,9.0,Not a religious person,6.0,Male,1988.0,32.0,Divorced,Full time
CAN,124070009,1.0,2.0,2.0,1.0,6.0,7.0,8.0,An atheist,6.0,Male,1982.0,38.0,Married,Full time
CAN,124070010,1.0,1.0,1.0,1.0,9.0,9.0,9.0,An atheist,7.0,Male,1981.0,38.0,Married,Self employed
CAN,124070011,1.0,2.0,2.0,2.0,7.0,6.0,5.0,A religious person,5.0,Female,1985.0,34.0,Married,Unemployed
CAN,124070012,1.0,1.0,1.0,1.0,8.0,7.0,6.0,Not a religious person,6.0,Male,1955.0,65.0,Widowed,Self employed
CAN,124070013,1.0,3.0,2.0,2.0,6.0,6.0,9.0,A religious person,4.0,Male,1989.0,31.0,Single,Full time
CAN,124070014,1.0,1.0,1.0,1.0,8.0,7.0,5.0,Not a religious person,5.0,Female,1993.0,27.0,Single,Full time
CAN,124070015,1.0,2.0,1.0,2.0,10.0,10.0,7.0,Not a religious person,4.0,Male,1987.0,33.0,Married,Full time
CAN,124070016,1.0,1.0,2.0,4.0,8.0,8.0,9.0,An atheist,1.0,Male,1954.0,66.0,Widowed,Retired/pensioned
CAN,124070017,1.0,1.0,2.0,1.0,9.0,10.0,9.0,Not a religious person,7.0,Female,1970.0,50.0,Married,Homemaker not otherwise employed
CAN,124070018,1.0,1.0,1.0,3.0,7.0,6.0,7.0,Not a religious person,2.0,Female,1999.0,20.0,Single,Student
CAN,124070019,2.0,3.0,2.0,3.0,6.0,7.0,8.0,A religious person,8.0,Male,1986.0,34.0,Living together as married,Self employed
CAN,124070020,1.0,2.0,2.0,4.0,9.0,9.0,9.0,A religious person,6.0,Female,1946.0,74.0,Married,Retired/pensioned
CAN,124070021,2.0,1.0,1.0,2.0,5.0,7.0,6.0,An atheist,7.0,Female,1973.0,48.0,Married,Full time
CAN,124070022,1.0,3.0,1.0,4.0,7.0,3.0,8.0,An atheist,6.0,Female,1969.0,51.0,Living together as married,Full time
CAN,124070023,1.0,1.0,1.0,1.0,10.0,8.0,10.0,An atheist,1.0,Female,1984.0,36.0,Living together as married,Full time
CAN,124070024,1.0,1.0,1.0,2.0,7.0,7.0,6.0,A religious person,9.0,Male,1987.0,32.0,Married,Full time
CAN,124070025,1.0,1.0,1.0,4.0,8.0,8.0,8.0,Not a religious person,6.0,Male,1948.0,72.0,Widowed,Retired/pensioned
CAN,124070026,1.0,2.0,1.0,1.0,8.0,7.0,6.0,A religious person,6.0,Male,1995.0,25.0,Single,Part time
CAN,124070027,1.0,2.0,2.0,1.0,8.0,8.0,8.0,Not a religious person,5.0,Male,1978.0,42.0,Living together as married,Full time
CAN,124070028,1.0,1.0,1.0,1.0,7.0,8.0,7.0,Not a religious person,8.0,Female,1991.0,29.0,Single,Full time
CAN,124070029,1.0,1.0,2.0,1.0,10.0,8.0,9.0,A religious person,9.0,Male,1990.0,30.0,Married,Full time
CAN,124070030,1.0,3.0,1.0,3.0,10.0,9.0,9.0,Not a religious person,3.0,Male,1955.0,65.0,Married,Self employed
CAN,124070031,1.0,1.0,2.0,2.0,7.0,6.0,8.0,Not a religious person,5.0,Female,2001.0,19.0,Single,Part time
CAN,124070032,1.0,2.0,2.0,3.0,10.0,9.0,9.0,Not a religious person,6.0,Male,1953.0,66.0,Married,Unemployed
CAN,124070033,1.0,1.0,1.0,3.0,7.0,8.0,3.0,Not a religious person,9.0,Male,1982.0,38.0,Separated,Full time
CAN,124070034,1.0,2.0,1.0,2.0,8.0,6.0,4.0,A religious person,3.0,Male,1972.0,48.0,Married,Full time
CAN,124070035,1.0,1.0,1.0,1.0,1.0,1.0,1.0,A religious person,10.0,Male,1979.0,40.0,Single,Unemployed
CAN,124070036,1.0,2.0,1.0,1.0,7.0,7.0,6.0,Not a religious person,4.0,Female,1968.0,52.0,Divorced,Part time
CAN,124070037,2.0,2.0,2.0,3.0,5.0,4.0,4.0,A religious person,6.0,Female,1986.0,34.0,Single,Student
CAN,124070038,3.0,2.0,3.0,2.0,7.0,7.0,4.0,A religious person,7.0,Male,1977.0,43.0,Married,Full time
CAN,124070039,2.0,2.0,2.0,3.0,7.0,7.0,5.0,An atheist,8.0,Male,1990.0,30.0,Single,Self employed
CAN,124070040,1.0,2.0,3.0,4.0,4.0,4.0,3.0,Not a religious person,4.0,Female,1976.0,44.0,Separated,Other
CAN,124070041,1.0,1.0,1.0,3.0,7.0,6.0,5.0,A religious person,6.0,Female,1993.0,27.0,Living together as married,Student
CAN,124070042,1.0,2.0,2.0,2.0,8.0,7.0,6.0,Not a religious person,5.0,Female,1960.0,59.0,Married,Self employed
CAN,124070043,1.0,2.0,1.0,1.0,7.0,8.0,8.0,A religious person,4.0,Female,2001.0,19.0,Single,Student
CAN,124070045,2.0,2.0,2.0,2.0,6.0,6.0,6.0,Not a religious person,5.0,Male,1990.0,29.0,Single,Full time
CAN,124070046,1.0,1.0,1.0,2.0,8.0,8.0,8.0,Not a religious person,8.0,Male,1984.0,36.0,Married,Full time
CAN,124070047,1.0,2.0,2.0,2.0,7.0,5.0,3.0,An atheist,1.0,Female,1987.0,33.0,Married,Part time
CAN,124070048,1.0,2.0,2.0,1.0,8.0,7.0,5.0,Not a religious person,3.0,Female,1980.0,40.0,Separated,Full time
CAN,124070049,1.0,1.0,1.0,1.0,7.0,8.0,8.0,An atheist,3.0,Female,1993.0,27.0,Single,Part time
CAN,124070050,1.0,1.0,2.0,2.0,9.0,9.0,8.0,A religious person,5.0,Female,1969.0,51.0,Divorced,Full time
CAN,124070051,2.0,2.0,2.0,1.0,9.0,6.0,6.0,A religious person,5.0,Male,1996.0,24.0,Single,Full time
CAN,124070053,1.0,2.0,3.0,1.0,8.0,8.0,6.0,Not a religious person,9.0,Male,1970.0,49.0,Married,Self employed
CAN,124070054,1.0,1.0,1.0,1.0,8.0,9.0,9.0,A religious person,2.0,Female,1990.0,30.0,Living together as married,Full time
CAN,124070055,1.0,2.0,2.0,1.0,9.0,8.0,6.0,A religious person,7.0,Female,1981.0,39.0,Married,Self employed
CAN,124070056,1.0,2.0,1.0,2.0,8.0,8.0,8.0,Not a religious person,8.0,Male,1982.0,38.0,Married,Full time
CAN,124070057,2.0,2.0,2.0,3.0,9.0,9.0,9.0,A religious person,9.0,Male,1962.0,58.0,Single,Retired/pensioned
CAN,124070058,1.0,1.0,1.0,2.0,9.0,9.0,8.0,Not a religious person,7.0,Male,1987.0,33.0,Married,Full time
CAN,124070059,1.0,1.0,1.0,2.0,6.0,7.0,3.0,An atheist,10.0,Male,1977.0,43.0,Married,Self employed
CAN,124070060,1.0,2.0,1.0,2.0,9.0,7.0,6.0,Not a religious person,7.0,Male,1971.0,49.0,Single,Part time
CAN,124070061,1.0,1.0,2.0,3.0,6.0,3.0,5.0,An atheist,3.0,Male,1981.0,39.0,Living together as married,Unemployed
CAN,124070062,2.0,2.0,1.0,4.0,8.0,8.0,10.0,An atheist,5.0,Male,1948.0,71.0,Married,Retired/pensioned
CAN,124070063,1.0,3.0,1.0,2.0,10.0,10.0,10.0,A religious person,8.0,Male,1965.0,55.0,Married,Full time
CAN,124070064,1.0,1.0,2.0,2.0,8.0,6.0,9.0,A religious person,7.0,Male,1990.0,30.0,Married,Full time
CAN,124070066,1.0,1.0,1.0,1.0,8.0,8.0,8.0,An atheist,3.0,Female,1988.0,32.0,Living together as married,Full time
CAN,124070067,1.0,1.0,2.0,2.0,9.0,8.0,7.0,Not a religious person,4.0,Female,1998.0,22.0,Single,Student
CAN,124070068,2.0,2.0,2.0,2.0,8.0,7.0,6.0,An atheist,5.0,Male,1969.0,51.0,Living together as married,Full time
CAN,124070069,1.0,2.0,3.0,2.0,6.0,6.0,5.0,Not a religious person,5.0,Female,1977.0,42.0,Single,Full time
CAN,124070070,1.0,2.0,2.0,3.0,9.0,8.0,8.0,Not a religious person,8.0,Male,1998.0,22.0,Single,Student
CAN,124070071,1.0,1.0,2.0,1.0,8.0,8.0,2.0,A religious person,4.0,Male,1953.0,67.0,Married,Part time
CAN,124070072,1.0,2.0,1.0,1.0,7.0,6.0,7.0,Not a religious person,3.0,Male,1945.0,74.0,Married,Unemployed
CAN,124070073,1.0,2.0,1.0,2.0,10.0,10.0,10.0,An atheist,6.0,Female,1978.0,42.0,Living together as married,Full time
CAN,124070074,1.0,1.0,1.0,2.0,8.0,5.0,3.0,An atheist,3.0,Male,1989.0,31.0,Separated,Full time
CAN,124070100,1.0,2.0,3.0,2.0,7.0,8.0,8.0,A religious person,7.0,Male,1976.0,44.0,Living together as married,Full time
CAN,124070101,1.0,2.0,1.0,2.0,1.0,7.0,5.0,A religious person,8.0,Male,1964.0,55.0,Married,Full time
CAN,124070102,1.0,1.0,1.0,3.0,8.0,9.0,5.0,An atheist,5.0,Female,1952.0,68.0,Divorced,Retired/pensioned
CAN,124070104,1.0,2.0,2.0,2.0,8.0,7.0,7.0,Not a religious person,3.0,Male,1991.0,28.0,Married,Full time
CAN,124070106,1.0,1.0,2.0,1.0,8.0,8.0,7.0,Not a religious person,5.0,Female,1994.0,26.0,Living together as married,Full time
CAN,124070108,1.0,1.0,2.0,1.0,8.0,10.0,10.0,Not a religious person,4.0,Female,1991.0,29.0,Living together as married,Full time
CAN,124070109,1.0,1.0,1.0,1.0,8.0,5.0,8.0,Not a religious person,5.0,Female,1985.0,35.0,Single,Full time
CAN,124070111,2.0,1.0,1.0,1.0,10.0,10.0,10.0,An atheist,10.0,Male,1988.0,32.0,Single,Full time
CAN,124070112,1.0,1.0,2.0,1.0,8.0,7.0,6.0,A religious person,5.0,Male,1974.0,45.0,Living together as married,Full time
CAN,124070113,1.0,1.0,1.0,1.0,10.0,7.0,3.0,An atheist,5.0,Male,1988.0,32.0,Single,Unemployed
CAN,124070114,1.0,2.0,1.0,1.0,9.0,9.0,9.0,An atheist,8.0,Male,1980.0,39.0,Living together as married,Full time
CAN,124070115,4.0,4.0,1.0,1.0,2.0,1.0,3.0,Not a religious person,3.0,Male,1996.0,24.0,Living together as married,Part time
CAN,124070117,1.0,2.0,1.0,1.0,7.0,8.0,6.0,An atheist,7.0,Male,1982.0,38.0,Single,Full time
CAN,124070119,1.0,2.0,1.0,2.0,10.0,7.0,8.0,An atheist,2.0,Female,1991.0,29.0,Living together as married,Full time
CAN,124070120,1.0,1.0,1.0,1.0,7.0,7.0,7.0,Not a religious person,5.0,Female,1954.0,66.0,Widowed,Full time
CAN,124070121,1.0,2.0,2.0,2.0,7.0,7.0,7.0,An atheist,5.0,Female,1989.0,31.0,Single,Full time
CAN,124070122,1.0,1.0,2.0,1.0,7.0,8.0,6.0,A religious person,5.0,Female,1975.0,45.0,Single,Full time
CAN,124070123,1.0,1.0,2.0,2.0,8.0,8.0,6.0,A religious person,7.0,Female,1995.0,25.0,Married,Part time
CAN,124070125,1.0,2.0,1.0,3.0,6.0,5.0,3.0,Not a religious person,1.0,Male,1976.0,44.0,Married,Full time
CAN,124070126,2.0,3.0,2.0,2.0,8.0,8.0,8.0,A religious person,6.0,Male,1958.0,62.0,Married,Retired/pensioned
CAN,124070127,1.0,1.0,1.0,1.0,7.0,6.0,5.0,An atheist,3.0,Female,1974.0,45.0,Divorced,Full time
CAN,124070128,1.0,2.0,1.0,2.0,7.0,4.0,2.0,A religious person,5.0,Female,1969.0,51.0,Divorced,Full time
CAN,124070129,1.0,1.0,1.0,2.0,7.0,7.0,3.0,Not a religious person,5.0,Female,1987.0,33.0,Single,Student
CAN,124070130,1.0,2.0,1.0,1.0,9.0,6.0,4.0,An atheist,4.0,Male,1967.0,53.0,Married,Unemployed
CAN,124070131,1.0,1.0,1.0,2.0,7.0,7.0,7.0,Not a religious person,6.0,Male,1987.0,32.0,Living together as married,Full time
CAN,124070132,2.0,1.0,3.0,3.0,7.0,2.0,2.0,A religious person,4.0,Female,1991.0,28.0,Single,Student
CAN,124070133,1.0,1.0,1.0,1.0,9.0,9.0,8.0,Not a religious person,6.0,Female,1982.0,38.0,Living together as married,Full time
CAN,124070134,1.0,1.0,1.0,3.0,10.0,4.0,2.0,An atheist,1.0,Female,1987.0,32.0,Single,Full time
CAN,124070136,2.0,2.0,1.0,2.0,4.0,6.0,6.0,Not a religious person,5.0,Male,1992.0,27.0,Single,Full time
CAN,124070137,1.0,1.0,1.0,2.0,5.0,5.0,5.0,An atheist,2.0,Male,1973.0,47.0,Single,Part time
CAN,124070138,1.0,2.0,1.0,1.0,9.0,6.0,9.0,Not a religious person,5.0,Female,1997.0,23.0,Single,Full time
CAN,124070139,1.0,1.0,2.0,2.0,7.0,8.0,6.0,A religious person,4.0,Male,1980.0,40.0,Married,Full time
CAN,124070140,2.0,2.0,1.0,1.0,8.0,7.0,7.0,An atheist,2.0,Female,1987.0,33.0,Married,Full time
CAN,124070141,1.0,1.0,1.0,2.0,8.0,8.0,7.0,A religious person,6.0,Female,1952.0,68.0,Married,Retired/pensioned
CAN,124070142,2.0,2.0,1.0,1.0,4.0,8.0,8.0,A religious person,5.0,Female,1969.0,51.0,Divorced,Full time
CAN,124070143,2.0,1.0,2.0,2.0,6.0,6.0,5.0,A religious person,3.0,Female,1990.0,30.0,Married,Part time
CAN,124070144,3.0,2.0,2.0,2.0,6.0,6.0,5.0,An atheist,5.0,Male,1969.0,51.0,Single,Self employed
CAN,124070145,1.0,1.0,2.0,3.0,9.0,9.0,9.0,A religious person,10.0,Female,1940.0,80.0,Widowed,Retired/pensioned
CAN,124070146,2.0,2.0,1.0,3.0,8.0,7.0,9.0,An atheist,4.0,Male,1970.0,50.0,Single,Retired/pensioned
CAN,124070147,1.0,1.0,2.0,1.0,7.0,3.0,6.0,Not a religious person,7.0,Male,2001.0,19.0,Single,Part time
CAN,124070148,1.0,1.0,1.0,1.0,8.0,7.0,7.0,A religious person,3.0,Female,1994.0,26.0,Married,Full time
CAN,124070150,1.0,3.0,2.0,3.0,8.0,8.0,3.0,Not a religious person,5.0,Female,1966.0,53.0,Living together as married,Unemployed
CAN,124070151,1.0,1.0,1.0,1.0,10.0,10.0,10.0,An atheist,10.0,Male,1990.0,29.0,Living together as married,Part time
CAN,124070152,1.0,2.0,2.0,2.0,8.0,6.0,4.0,A religious person,5.0,Female,1982.0,37.0,Married,Part time
CAN,124070153,1.0,2.0,2.0,2.0,9.0,7.0,5.0,Not a religious person,4.0,Male,1987.0,33.0,Married,Full time
CAN,124070154,1.0,1.0,2.0,3.0,7.0,8.0,7.0,A religious person,1.0,Female,1933.0,86.0,Widowed,Self employed
CAN,124070155,1.0,1.0,2.0,2.0,5.0,5.0,4.0,Not a religious person,5.0,Female,1997.0,22.0,Living together as married,Student
CAN,124070156,1.0,3.0,2.0,2.0,8.0,6.0,7.0,Not a religious person,6.0,Female,1970.0,50.0,Single,Full time
CAN,124070158,1.0,1.0,1.0,2.0,8.0,8.0,7.0,An atheist,4.0,Male,1990.0,30.0,Single,Full time
CAN,124070159,1.0,1.0,2.0,1.0,9.0,5.0,4.0,Not a religious person,5.0,Female,1993.0,27.0,Separated,Part time
CAN,124070160,1.0,2.0,2.0,1.0,8.0,3.0,1.0,A religious person,5.0,Female,1975.0,45.0,Single,Unemployed
CAN,124070161,1.0,3.0,1.0,2.0,7.0,7.0,8.0,An atheist,4.0,Female,1999.0,20.0,Living together as married,Student
CAN,124070162,1.0,1.0,1.0,2.0,6.0,6.0,7.0,A religious person,8.0,Female,1997.0,23.0,Single,Part time
CAN,124070163,1.0,1.0,1.0,2.0,10.0,10.0,8.0,Not a religious person,5.0,Female,1993.0,27.0,Living together as married,Full time
CAN,124070164,1.0,1.0,1.0,1.0,7.0,7.0,7.0,Not a religious person,7.0,Female,1986.0,34.0,Married,Full time
CAN,124070166,1.0,2.0,1.0,1.0,7.0,8.0,7.0,Not a religious person,5.0,Male,1966.0,54.0,Married,Full time
CAN,124070169,2.0,1.0,1.0,1.0,8.0,8.0,5.0,An atheist,6.0,Female,1978.0,42.0,Single,Full time
CAN,124070171,1.0,2.0,1.0,2.0,5.0,5.0,6.0,A religious person,5.0,Male,2002.0,18.0,Single,Student
CAN,124070172,1.0,2.0,1.0,2.0,7.0,6.0,4.0,Not a religious person,3.0,Female,1994.0,26.0,Single,Full time
CAN,124070173,1.0,1.0,2.0,2.0,8.0,7.0,8.0,An atheist,3.0,Female,1955.0,65.0,Married,Retired/pensioned
CAN,124070174,1.0,2.0,1.0,1.0,9.0,7.0,6.0,An atheist,4.0,Female,1986.0,34.0,Married,Full time
CAN,124070175,1.0,1.0,1.0,2.0,8.0,8.0,7.0,Not a religious person,5.0,Male,1989.0,31.0,Living together as married,Full time
CAN,124070176,1.0,2.0,2.0,3.0,4.0,4.0,3.0,Not a religious person,7.0,Male,1971.0,49.0,Single,Retired/pensioned
CAN,124070177,2.0,1.0,3.0,3.0,8.0,7.0,7.0,An atheist,3.0,Female,1982.0,38.0,Married,Homemaker not otherwise employed
CAN,124070178,1.0,1.0,2.0,2.0,10.0,5.0,10.0,A religious person,5.0,Male,1998.0,21.0,Single,Student
CAN,124070179,1.0,2.0,3.0,4.0,8.0,8.0,9.0,A religious person,5.0,Female,1951.0,69.0,Divorced,Retired/pensioned
CAN,124070180,1.0,2.0,2.0,2.0,9.0,9.0,9.0,Not a religious person,7.0,Male,1964.0,56.0,Single,Retired/pensioned
CAN,124070181,1.0,2.0,2.0,2.0,7.0,7.0,7.0,Not a religious person,8.0,Female,1982.0,37.0,Married,Full time
CAN,124070182,2.0,2.0,2.0,2.0,9.0,7.0,8.0,Not a religious person,6.0,Female,1994.0,26.0,Living together as married,Student
CAN,124070183,1.0,1.0,2.0,2.0,8.0,8.0,8.0,A religious person,3.0,Female,1959.0,60.0,Divorced,Part time
CAN,124070184,2.0,2.0,1.0,1.0,9.0,8.0,8.0,Not a religious person,10.0,Female,1972.0,48.0,Married,Full time
CAN,124070185,1.0,2.0,4.0,4.0,3.0,2.0,1.0,Not a religious person,8.0,Male,1950.0,70.0,Married,Retired/pensioned
CAN,124070186,1.0,1.0,2.0,1.0,10.0,10.0,10.0,A religious person,7.0,Male,1946.0,74.0,Married,Retired/pensioned
CAN,124070187,1.0,2.0,1.0,2.0,5.0,7.0,7.0,An atheist,3.0,Male,1956.0,64.0,Married,Retired/pensioned
CAN,124070189,2.0,2.0,2.0,4.0,6.0,8.0,8.0,Not a religious person,3.0,Male,1954.0,66.0,Single,Retired/pensioned
CAN,124070190,1.0,1.0,1.0,1.0,10.0,10.0,7.0,Not a religious person,6.0,Female,1986.0,34.0,Married,Full time
CAN,124070191,1.0,1.0,2.0,4.0,9.0,8.0,7.0,An atheist,5.0,Female,1959.0,61.0,Single,Retired/pensioned
CAN,124070192,1.0,1.0,1.0,4.0,8.0,10.0,9.0,Not a religious person,5.0,Male,1962.0,58.0,Married,Retired/pensioned
CAN,124070193,1.0,1.0,2.0,4.0,7.0,6.0,5.0,A religious person,3.0,Male,1959.0,61.0,Divorced,Retired/pensioned
CAN,124070194,1.0,1.0,1.0,1.0,4.0,5.0,4.0,An atheist,5.0,Male,1986.0,34.0,Single,Unemployed
CAN,124070195,1.0,2.0,2.0,1.0,9.0,9.0,9.0,Not a religious person,4.0,Male,1943.0,77.0,Married,Retired/pensioned
CAN,124070196,1.0,3.0,1.0,2.0,10.0,6.0,6.0,A religious person,3.0,Female,1964.0,56.0,Divorced,Other
CAN,124070197,1.0,2.0,2.0,2.0,8.0,8.0,8.0,Not a religious person,5.0,Female,1977.0,43.0,Married,Full time
CAN,124070198,1.0,1.0,2.0,4.0,6.0,7.0,8.0,Not a religious person,7.0,Male,1954.0,65.0,Married,Retired/pensioned
CAN,124070199,2.0,3.0,3.0,4.0,6.0,8.0,3.0,Not a religious person,6.0,Male,1952.0,68.0,Single,Retired/pensioned
CAN,124070201,1.0,1.0,1.0,1.0,6.0,4.0,7.0,Not a religious person,7.0,Male,1976.0,44.0,Married,Full time
CAN,124070202,1.0,1.0,1.0,1.0,6.0,8.0,7.0,A religious person,7.0,Female,1975.0,45.0,Married,Part time
CAN,124070203,1.0,2.0,2.0,3.0,9.0,8.0,8.0,A religious person,7.0,Male,1956.0,64.0,Living together as married,Retired/pensioned
CAN,124070205,2.0,2.0,2.0,2.0,6.0,4.0,4.0,Not a religious person,6.0,Male,1988.0,32.0,Married,Part time
CAN,124070206,1.0,3.0,2.0,4.0,6.0,6.0,8.0,Not a religious person,3.0,Female,1953.0,67.0,Divorced,Retired/pensioned
CAN,124070207,2.0,2.0,2.0,4.0,8.0,8.0,9.0,A religious person,3.0,Female,1942.0,78.0,Married,Retired/pensioned
CAN,124070208,1.0,2.0,1.0,2.0,10.0,9.0,8.0,Not a religious person,5.0,Male,1987.0,32.0,Living together as married,Full time
CAN,124070209,1.0,1.0,1.0,2.0,8.0,8.0,8.0,A religious person,3.0,Male,1957.0,62.0,Married,Retired/pensioned
CAN,124070210,1.0,4.0,1.0,2.0,7.0,6.0,5.0,Not a religious person,7.0,Male,1971.0,49.0,Married,Full time
CAN,124070211,1.0,1.0,1.0,1.0,10.0,8.0,7.0,Not a religious person,7.0,Male,1983.0,37.0,Single,Full time
CAN,124070212,1.0,1.0,1.0,1.0,9.0,7.0,7.0,An atheist,7.0,Male,1996.0,24.0,Living together as married,Full time
CAN,124070213,1.0,1.0,2.0,2.0,9.0,8.0,9.0,A religious person,7.0,Female,1951.0,69.0,Married,Retired/pensioned
CAN,124070214,1.0,1.0,1.0,1.0,10.0,9.0,2.0,Not a religious person,9.0,Male,1954.0,66.0,Married,Self employed
CAN,124070215,1.0,1.0,2.0,4.0,8.0,7.0,3.0,A religious person,6.0,Female,1950.0,70.0,Separated,Retired/pensioned
CAN,124070216,1.0,2.0,2.0,2.0,8.0,6.0,2.0,An atheist,3.0,Female,1992.0,28.0,Single,Full time
CAN,124070217,3.0,2.0,2.0,4.0,4.0,7.0,3.0,Not a religious person,5.0,Female,1950.0,69.0,Divorced,Retired/pensioned
CAN,124070218,1.0,1.0,1.0,4.0,9.0,8.0,8.0,Not a religious person,7.0,Male,1951.0,68.0,Married,Retired/pensioned
CAN,124070219,1.0,1.0,1.0,1.0,9.0,8.0,9.0,Not a religious person,5.0,Male,1991.0,29.0,Living together as married,Self employed
CAN,124070223,1.0,2.0,2.0,3.0,9.0,7.0,5.0,A religious person,8.0,Female,1956.0,63.0,Separated,Retired/pensioned
CAN,124070224,2.0,1.0,1.0,2.0,10.0,7.0,5.0,An atheist,1.0,Male,1992.0,28.0,Married,Student
CAN,124070225,1.0,1.0,1.0,2.0,9.0,9.0,9.0,Not a religious person,9.0,Female,1975.0,45.0,Married,Full time
CAN,124070226,1.0,1.0,1.0,1.0,9.0,8.0,7.0,A religious person,5.0,Male,1953.0,67.0,Married,Retired/pensioned
CAN,124070227,1.0,2.0,2.0,2.0,8.0,8.0,6.0,Not a religious person,8.0,Male,1970.0,50.0,Married,Full time
CAN,124070228,1.0,1.0,1.0,3.0,5.0,7.0,8.0,Not a religious person,6.0,Female,1991.0,29.0,Married,Full time
CAN,124070230,1.0,3.0,1.0,4.0,9.0,6.0,4.0,A religious person,3.0,Female,1961.0,59.0,Married,Retired/pensioned
CAN,124070231,1.0,1.0,1.0,1.0,7.0,8.0,7.0,An atheist,3.0,Female,1991.0,29.0,Single,Student
CAN,124070232,1.0,1.0,1.0,4.0,8.0,7.0,7.0,An atheist,6.0,Male,1946.0,74.0,Married,Retired/pensioned
CAN,124070234,1.0,1.0,1.0,1.0,6.0,7.0,6.0,A religious person,9.0,Female,1982.0,38.0,Married,Full time
CAN,124070235,1.0,1.0,1.0,3.0,6.0,6.0,5.0,Not a religious person,2.0,Female,1983.0,37.0,Living together as married,Unemployed
CAN,124070236,1.0,2.0,2.0,2.0,4.0,7.0,3.0,Not a religious person,4.0,Female,1993.0,27.0,Married,Full time
CAN,124070237,1.0,1.0,1.0,2.0,8.0,8.0,7.0,Not a religious person,5.0,Male,1965.0,55.0,Married,Full time
CAN,124070238,1.0,1.0,2.0,1.0,7.0,7.0,5.0,Not a religious person,3.0,Male,1996.0,24.0,Single,Full time
CAN,124070239,2.0,2.0,2.0,2.0,7.0,8.0,7.0,Not a religious person,4.0,Male,1953.0,66.0,Married,Full time
CAN,124070240,1.0,2.0,2.0,3.0,7.0,8.0,8.0,A religious person,5.0,Female,1952.0,68.0,Married,Retired/pensioned
CAN,124070242,1.0,1.0,1.0,2.0,10.0,9.0,9.0,A religious person,7.0,Male,1984.0,35.0,Married,Full time
CAN,124070243,1.0,1.0,1.0,1.0,9.0,10.0,7.0,Not a religious person,3.0,Female,1997.0,23.0,Living together as married,Student
CAN,124070244,2.0,1.0,2.0,1.0,7.0,7.0,6.0,Not a religious person,3.0,Female,2002.0,18.0,Single,Student
CAN,124070245,1.0,1.0,2.0,1.0,9.0,8.0,8.0,Not a religious person,7.0,Female,1984.0,36.0,Living together as married,Full time
CAN,124070246,1.0,1.0,1.0,2.0,10.0,10.0,9.0,Not a religious person,7.0,Male,1969.0,51.0,Married,Self employed
CAN,124070247,1.0,2.0,1.0,1.0,5.0,6.0,4.0,Not a religious person,5.0,Female,1988.0,32.0,Single,Full time
CAN,124070250,1.0,1.0,1.0,3.0,7.0,7.0,7.0,An atheist,7.0,Male,1972.0,35.0,Single,Homemaker not otherwise employed
CAN,124070251,1.0,1.0,1.0,4.0,10.0,8.0,6.0,Not a religious person,5.0,Female,1954.0,65.0,Widowed,Retired/pensioned
CAN,124070252,1.0,1.0,1.0,1.0,8.0,8.0,8.0,A religious person,9.0,Female,1952.0,68.0,Married,Retired/pensioned
CAN,124070253,1.0,1.0,1.0,2.0,5.0,6.0,6.0,An atheist,1.0,Female,1994.0,26.0,Married,Homemaker not otherwise employed
CAN,124070254,3.0,2.0,1.0,2.0,7.0,7.0,7.0,Not a religious person,4.0,Male,1965.0,54.0,Separated,Full time
CAN,124070255,1.0,2.0,1.0,4.0,4.0,7.0,7.0,An atheist,1.0,Female,1964.0,56.0,Married,Retired/pensioned
CAN,124070256,1.0,1.0,2.0,1.0,8.0,9.0,6.0,A religious person,7.0,Female,1972.0,47.0,Married,Part time
CAN,124070257,1.0,2.0,2.0,4.0,6.0,5.0,5.0,Not a religious person,5.0,Female,1983.0,37.0,Married,Homemaker not otherwise employed
CAN,124070258,2.0,2.0,1.0,1.0,5.0,6.0,6.0,Not a religious person,3.0,Female,1990.0,29.0,Living together as married,Full time
CAN,124070259,1.0,1.0,1.0,1.0,8.0,6.0,7.0,Not a religious person,3.0,Female,1992.0,28.0,Living together as married,Full time
CAN,124070260,1.0,2.0,1.0,3.0,7.0,5.0,6.0,A religious person,6.0,Female,1981.0,39.0,Married,Full time
CAN,124070263,2.0,3.0,1.0,3.0,2.0,1.0,1.0,Not a religious person,4.0,Female,1986.0,34.0,Living together as married,Unemployed
CAN,124070264,1.0,1.0,1.0,1.0,8.0,7.0,7.0,A religious person,6.0,Female,1984.0,35.0,Married,Self employed
CAN,124070265,1.0,2.0,2.0,1.0,8.0,8.0,5.0,A religious person,7.0,Male,1983.0,37.0,Divorced,Full time
CAN,124070266,1.0,2.0,1.0,2.0,7.0,8.0,8.0,A religious person,4.0,Male,1982.0,37.0,Married,Full time
CAN,124070267,1.0,2.0,2.0,3.0,8.0,6.0,9.0,An atheist,7.0,Female,1984.0,36.0,Married,Full time
CAN,124070268,1.0,1.0,1.0,2.0,9.0,8.0,8.0,Not a religious person,9.0,Female,1943.0,76.0,Single,Retired/pensioned
CAN,124070269,1.0,1.0,1.0,2.0,9.0,9.0,9.0,Not a religious person,4.0,Female,1981.0,38.0,Married,Retired/pensioned
CAN,124070270,1.0,1.0,1.0,1.0,10.0,10.0,10.0,A religious person,1.0,Female,1958.0,62.0,Married,Part time
CAN,124070272,1.0,1.0,1.0,3.0,7.0,10.0,10.0,An atheist,6.0,Female,1993.0,27.0,Living together as married,Full time
CAN,124070273,1.0,1.0,1.0,3.0,9.0,8.0,10.0,Not a religious person,3.0,Female,1970.0,50.0,Living together as married,Full time
CAN,124070276,1.0,1.0,1.0,2.0,9.0,8.0,7.0,A religious person,7.0,Female,1998.0,22.0,Single,Part time
CAN,124070277,1.0,1.0,1.0,4.0,9.0,9.0,9.0,An atheist,3.0,Male,1948.0,72.0,Living together as married,Retired/pensioned
CAN,124070278,1.0,1.0,2.0,2.0,7.0,7.0,6.0,A religious person,1.0,Female,1953.0,67.0,Widowed,Retired/pensioned
CAN,124070279,1.0,2.0,3.0,1.0,8.0,7.0,6.0,Not a religious person,5.0,Male,1959.0,61.0,Married,Full time
CAN,124070280,1.0,2.0,2.0,2.0,9.0,9.0,8.0,Not a religious person,2.0,Male,1980.0,40.0,Married,Full time
CAN,124070281,2.0,1.0,2.0,2.0,7.0,7.0,6.0,An atheist,6.0,Male,1989.0,31.0,Living together as married,Full time
CAN,124070282,1.0,2.0,1.0,1.0,8.0,9.0,8.0,Not a religious person,5.0,Male,1963.0,57.0,Married,Full time
CAN,124070283,1.0,2.0,1.0,1.0,9.0,8.0,8.0,Not a religious person,10.0,Male,1957.0,63.0,Married,Full time
CAN,124070284,1.0,1.0,1.0,3.0,8.0,10.0,8.0,A religious person,7.0,Female,1968.0,52.0,Living together as married,Unemployed
CAN,124070285,1.0,2.0,2.0,4.0,9.0,8.0,7.0,Not a religious person,5.0,Male,1954.0,66.0,Divorced,Retired/pensioned
CAN,124070286,2.0,3.0,2.0,2.0,9.0,9.0,10.0,Not a religious person,9.0,Female,1972.0,48.0,Single,Full time
CAN,124070287,1.0,2.0,2.0,1.0,10.0,10.0,10.0,Not a religious person,8.0,Male,1963.0,57.0,Married,Full time
CAN,124070288,1.0,1.0,2.0,1.0,8.0,9.0,8.0,A religious person,2.0,Male,1941.0,79.0,Married,Retired/pensioned
CAN,124070289,2.0,2.0,1.0,2.0,7.0,6.0,5.0,An atheist,6.0,Male,1991.0,29.0,Divorced,Unemployed
CAN,124070290,1.0,2.0,1.0,1.0,5.0,5.0,5.0,An atheist,5.0,Male,1987.0,33.0,Married,Full time
CAN,124070291,1.0,1.0,2.0,3.0,8.0,8.0,6.0,An atheist,1.0,Female,1979.0,41.0,Divorced,Self employed
CAN,124070292,1.0,2.0,2.0,2.0,10.0,8.0,7.0,Not a religious person,3.0,Female,1985.0,35.0,Married,Full time
CAN,124070293,1.0,1.0,1.0,1.0,10.0,10.0,10.0,A religious person,10.0,Male,1970.0,48.0,Married,Full time
CAN,124070294,1.0,2.0,1.0,2.0,7.0,4.0,3.0,A religious person,5.0,Male,1962.0,59.0,Married,Unemployed
CAN,124070295,1.0,1.0,1.0,1.0,8.0,8.0,10.0,A religious person,10.0,Male,1932.0,88.0,Widowed,Retired/pensioned
CAN,124070296,1.0,2.0,1.0,2.0,3.0,4.0,3.0,A religious person,5.0,Female,1968.0,52.0,Single,Unemployed
CAN,124070297,1.0,1.0,1.0,3.0,9.0,10.0,9.0,A religious person,2.0,Female,1957.0,63.0,Married,Retired/pensioned
CAN,124070298,2.0,2.0,1.0,1.0,7.0,7.0,7.0,An atheist,6.0,Male,1964.0,56.0,Widowed,Self employed
CAN,124070299,1.0,1.0,1.0,2.0,8.0,8.0,5.0,Not a religious person,6.0,Male,1989.0,30.0,Living together as married,Full time
CAN,124070300,2.0,1.0,1.0,3.0,5.0,7.0,3.0,Not a religious person,3.0,Male,1980.0,40.0,Single,Unemployed
CAN,124070301,1.0,1.0,1.0,1.0,5.0,5.0,7.0,Not a religious person,5.0,Female,2000.0,20.0,Single,Student
CAN,124070302,2.0,3.0,2.0,2.0,9.0,9.0,9.0,A religious person,5.0,Male,1957.0,62.0,Living together as married,Full time
CAN,124070303,2.0,2.0,1.0,2.0,5.0,3.0,1.0,An atheist,5.0,Female,1966.0,54.0,Separated,Part time
CAN,124070304,2.0,2.0,1.0,1.0,5.0,4.0,4.0,An atheist,7.0,Female,2000.0,20.0,Single,Unemployed
CAN,124070305,1.0,2.0,2.0,2.0,8.0,9.0,6.0,Not a religious person,8.0,Male,1985.0,35.0,Separated,Full time
CAN,124070306,1.0,2.0,3.0,1.0,4.0,6.0,7.0,A religious person,5.0,Female,1980.0,39.0,Divorced,Full time
CAN,124070307,1.0,2.0,2.0,2.0,9.0,8.0,7.0,Not a religious person,9.0,Female,2002.0,18.0,Single,Student
CAN,124070309,2.0,2.0,3.0,3.0,5.0,1.0,4.0,A religious person,3.0,Male,1977.0,43.0,Married,Full time
CAN,124070310,1.0,1.0,1.0,2.0,7.0,6.0,7.0,Not a religious person,7.0,Male,1988.0,32.0,Single,Unemployed
CAN,124070311,2.0,2.0,2.0,4.0,8.0,8.0,8.0,A religious person,3.0,Female,1953.0,66.0,Married,Retired/pensioned
CAN,124070312,2.0,1.0,1.0,2.0,5.0,9.0,9.0,Not a religious person,4.0,Male,1936.0,84.0,Married,Retired/pensioned
CAN,124070313,1.0,2.0,1.0,1.0,6.0,8.0,6.0,A religious person,8.0,Male,1970.0,50.0,Married,Full time
CAN,124070314,1.0,1.0,1.0,2.0,8.0,9.0,7.0,Not a religious person,3.0,Female,1948.0,71.0,Divorced,Retired/pensioned
CAN,124070315,1.0,1.0,2.0,3.0,7.0,7.0,6.0,Not a religious person,4.0,Female,1938.0,81.0,Divorced,Retired/pensioned
CAN,124070316,1.0,1.0,1.0,3.0,10.0,10.0,10.0,A religious person,7.0,Male,1944.0,75.0,Married,Retired/pensioned
CAN,124070317,1.0,1.0,1.0,1.0,5.0,4.0,5.0,An atheist,8.0,Male,1966.0,54.0,Married,Self employed
CAN,124070318,1.0,3.0,2.0,3.0,5.0,7.0,6.0,Not a religious person,5.0,Male,1957.0,63.0,Married,Retired/pensioned
CAN,124070319,1.0,1.0,2.0,1.0,7.0,6.0,6.0,Not a religious person,4.0,Female,1982.0,38.0,Living together as married,Full time
CAN,124070320,1.0,1.0,2.0,2.0,10.0,8.0,9.0,An atheist,3.0,Male,1938.0,82.0,Married,Retired/pensioned
CAN,124070321,1.0,1.0,2.0,2.0,6.0,6.0,5.0,An atheist,5.0,Female,1994.0,26.0,Single,Full time
CAN,124070322,1.0,1.0,1.0,1.0,8.0,8.0,6.0,A religious person,3.0,Male,1962.0,58.0,Single,Full time
CAN,124070323,1.0,2.0,2.0,3.0,10.0,4.0,5.0,A religious person,8.0,Male,1946.0,73.0,Married,Retired/pensioned
CAN,124070325,2.0,1.0,1.0,1.0,6.0,5.0,7.0,Not a religious person,5.0,Male,1977.0,44.0,Living together as married,Self employed
CAN,124070326,1.0,1.0,1.0,1.0,8.0,9.0,9.0,A religious person,6.0,Male,1956.0,64.0,Married,Self employed
CAN,124070327,1.0,1.0,2.0,4.0,7.0,6.0,4.0,Not a religious person,8.0,Male,1934.0,86.0,Married,Retired/pensioned
CAN,124070328,1.0,1.0,2.0,3.0,9.0,9.0,7.0,An atheist,8.0,Female,1954.0,66.0,Married,Retired/pensioned
CAN,124070329,1.0,1.0,1.0,2.0,4.0,7.0,6.0,A religious person,7.0,Male,1969.0,51.0,Married,Self employed
CAN,124070330,1.0,1.0,1.0,2.0,8.0,8.0,8.0,A religious person,5.0,Male,1979.0,40.0,Married,Full time
CAN,124070331,1.0,1.0,1.0,1.0,7.0,8.0,8.0,A religious person,9.0,Male,1989.0,31.0,Separated,Full time
CAN,124070332,1.0,1.0,1.0,1.0,9.0,10.0,7.0,Not a religious person,9.0,Male,1979.0,41.0,Married,Full time
CAN,124070333,2.0,3.0,3.0,2.0,4.0,4.0,1.0,Not a religious person,4.0,Male,1978.0,42.0,Living together as married,Full time
CAN,124070334,1.0,1.0,1.0,1.0,6.0,7.0,5.0,An atheist,1.0,Male,1985.0,35.0,Married,Full time
CAN,124070335,1.0,2.0,2.0,2.0,7.0,7.0,7.0,Not a religious person,6.0,Female,1981.0,39.0,Living together as married,Full time
CAN,124070336,3.0,1.0,1.0,2.0,8.0,8.0,1.0,A religious person,5.0,Female,1950.0,69.0,Single,Self employed
CAN,124070337,1.0,3.0,3.0,4.0,10.0,6.0,1.0,An atheist,3.0,Male,1960.0,60.0,Single,Retired/pensioned
CAN,124070338,1.0,1.0,2.0,2.0,8.0,8.0,8.0,Not a religious person,3.0,Female,1946.0,74.0,Divorced,Retired/pensioned
CAN,124070339,2.0,2.0,2.0,1.0,6.0,7.0,5.0,An atheist,5.0,Male,1948.0,72.0,Divorced,Self employed
CAN,124070340,1.0,2.0,2.0,1.0,4.0,5.0,6.0,A religious person,10.0,Male,1976.0,43.0,Married,Full time
CAN,124070341,1.0,1.0,1.0,1.0,8.0,7.0,6.0,An atheist,3.0,Male,1982.0,38.0,Married,Full time
CAN,124070342,1.0,1.0,1.0,2.0,8.0,8.0,7.0,Not a religious person,4.0,Female,1964.0,56.0,Married,Unemployed
CAN,124070343,1.0,2.0,2.0,2.0,9.0,8.0,7.0,A religious person,9.0,Male,1986.0,34.0,Married,Full time
CAN,124070344,1.0,1.0,1.0,2.0,10.0,8.0,10.0,Not a religious person,3.0,Female,1987.0,32.0,Married,Full time
CAN,124070345,1.0,2.0,2.0,2.0,10.0,7.0,7.0,An atheist,5.0,Female,1991.0,28.0,Single,Full time
CAN,124070347,4.0,1.0,2.0,3.0,6.0,4.0,3.0,An atheist,2.0,Male,1971.0,49.0,Single,Self employed
CAN,124070348,1.0,1.0,2.0,2.0,8.0,8.0,7.0,An atheist,4.0,Male,1953.0,67.0,Single,Retired/pensioned
CAN,124070349,1.0,3.0,2.0,3.0,8.0,9.0,9.0,A religious person,6.0,Male,1956.0,63.0,Married,Retired/pensioned
CAN,124070350,1.0,2.0,1.0,1.0,9.0,6.0,9.0,A religious person,6.0,Male,1986.0,35.0,Married,Full time
CAN,124070351,1.0,1.0,1.0,1.0,10.0,8.0,7.0,A religious person,5.0,Female,1980.0,40.0,Living together as married,Full time
CAN,124070353,1.0,2.0,1.0,2.0,9.0,7.0,7.0,Not a religious person,3.0,Female,1988.0,32.0,Married,Homemaker not otherwise employed
CAN,124070354,1.0,1.0,1.0,2.0,6.0,6.0,4.0,Not a religious person,5.0,Male,1983.0,37.0,Living together as married,Full time
CAN,124070355,1.0,2.0,2.0,1.0,7.0,8.0,7.0,A religious person,5.0,Female,1986.0,33.0,Married,Homemaker not otherwise employed
CAN,124070356,1.0,1.0,1.0,4.0,8.0,7.0,8.0,Not a religious person,1.0,Female,1957.0,63.0,Married,Retired/pensioned
CAN,124070357,2.0,1.0,1.0,1.0,10.0,8.0,8.0,An atheist,1.0,Male,1962.0,58.0,Divorced,Self employed
CAN,124070358,1.0,2.0,2.0,2.0,6.0,7.0,6.0,An atheist,6.0,Male,1980.0,40.0,Married,Full time
CAN,124070359,1.0,2.0,2.0,2.0,8.0,8.0,8.0,An atheist,3.0,Male,1973.0,47.0,Married,Full time
CAN,124070360,2.0,3.0,1.0,4.0,8.0,8.0,8.0,Not a religious person,2.0,Male,1953.0,67.0,Divorced,Retired/pensioned
CAN,124070361,1.0,1.0,1.0,2.0,8.0,7.0,6.0,Not a religious person,6.0,Male,1975.0,45.0,Married,Full time
CAN,124070362,1.0,1.0,1.0,3.0,7.0,7.0,6.0,A religious person,2.0,Female,2000.0,19.0,Single,Student
CAN,124070363,1.0,1.0,1.0,1.0,8.0,8.0,9.0,An atheist,4.0,Female,1974.0,45.0,Married,Full time
CAN,124070364,1.0,2.0,1.0,2.0,8.0,8.0,8.0,Not a religious person,5.0,Female,1978.0,42.0,Single,Full time
CAN,124070365,1.0,2.0,1.0,2.0,8.0,8.0,8.0,Not a religious person,4.0,Male,1973.0,47.0,Married,Full time
CAN,124070366,1.0,2.0,1.0,2.0,8.0,6.0,8.0,Not a religious person,6.0,Female,1999.0,21.0,Single,Student
CAN,124070367,1.0,1.0,2.0,4.0,3.0,3.0,1.0,Not a religious person,2.0,Female,1961.0,59.0,Divorced,Unemployed
CAN,124070368,1.0,1.0,1.0,1.0,8.0,8.0,7.0,A religious person,7.0,Male,1949.0,71.0,Married,Retired/pensioned
CAN,124070369,2.0,2.0,2.0,1.0,9.0,8.0,9.0,An atheist,4.0,Male,1983.0,36.0,Married,Unemployed
CAN,124070370,1.0,2.0,1.0,1.0,10.0,10.0,10.0,A religious person,5.0,Female,1964.0,56.0,Living together as married,Full time
CAN,124070371,1.0,1.0,2.0,1.0,8.0,9.0,10.0,An atheist,8.0,Male,1993.0,27.0,Living together as married,Full time
CAN,124070372,1.0,3.0,2.0,1.0,7.0,6.0,8.0,Not a religious person,6.0,Male,1976.0,43.0,Single,Full time
CAN,124070373,1.0,1.0,2.0,2.0,8.0,9.0,9.0,Not a religious person,8.0,Female,1990.0,29.0,Married,Full time
CAN,124070374,2.0,1.0,2.0,2.0,7.0,7.0,5.0,An atheist,3.0,Female,2001.0,19.0,Single,Student
CAN,124070375,1.0,1.0,3.0,1.0,8.0,8.0,6.0,A religious person,9.0,Male,1986.0,34.0,Married,Full time
CAN,124070376,1.0,2.0,1.0,1.0,9.0,9.0,8.0,A religious person,5.0,Male,1961.0,58.0,Single,Full time
CAN,124070377,1.0,3.0,2.0,1.0,7.0,7.0,6.0,An atheist,7.0,Male,1976.0,44.0,Single,Full time
CAN,124070378,1.0,3.0,2.0,3.0,8.0,9.0,10.0,A religious person,5.0,Male,1951.0,68.0,Married,Retired/pensioned
CAN,124070379,1.0,1.0,2.0,3.0,5.0,8.0,8.0,A religious person,10.0,Male,1942.0,78.0,Married,Retired/pensioned
CAN,124070380,2.0,3.0,3.0,4.0,10.0,9.0,9.0,An atheist,3.0,Male,1942.0,78.0,Separated,Retired/pensioned
CAN,124070381,1.0,1.0,2.0,3.0,8.0,8.0,7.0,Not a religious person,3.0,Female,1952.0,67.0,Married,Retired/pensioned
CAN,124070382,2.0,2.0,2.0,2.0,9.0,9.0,8.0,Not a religious person,9.0,Male,1988.0,32.0,Married,Full time
CAN,124070383,1.0,1.0,1.0,2.0,8.0,7.0,7.0,Not a religious person,7.0,Female,1951.0,69.0,Living together as married,Retired/pensioned
CAN,124070384,2.0,2.0,1.0,1.0,6.0,6.0,7.0,Not a religious person,4.0,Male,1981.0,39.0,Single,Full time
CAN,124070387,1.0,3.0,1.0,2.0,2.0,9.0,3.0,A religious person,5.0,Male,1994.0,26.0,Living together as married,Unemployed
CAN,124070388,1.0,1.0,1.0,2.0,6.0,6.0,7.0,An atheist,1.0,Male,1982.0,38.0,Married,Full time
CAN,124070389,1.0,1.0,1.0,2.0,8.0,4.0,6.0,Not a religious person,5.0,Female,1986.0,34.0,Single,Unemployed
CAN,124070390,1.0,2.0,2.0,2.0,9.0,9.0,7.0,An atheist,8.0,Male,1986.0,34.0,Married,Full time
CAN,124070391,1.0,1.0,2.0,2.0,7.0,8.0,7.0,Not a religious person,7.0,Male,1978.0,42.0,Married,Full time
CAN,124070392,1.0,2.0,2.0,2.0,7.0,6.0,6.0,A religious person,5.0,Male,1977.0,43.0,Married,Full time
CAN,124070394,3.0,2.0,2.0,1.0,8.0,6.0,10.0,A religious person,7.0,Male,1987.0,34.0,Married,Full time
CAN,124070395,1.0,3.0,2.0,2.0,6.0,9.0,7.0,A religious person,7.0,Male,1988.0,32.0,Married,Full time
CAN,124070396,2.0,2.0,2.0,2.0,6.0,7.0,6.0,An atheist,4.0,Male,1945.0,75.0,Married,Part time
CAN,124070397,1.0,1.0,1.0,3.0,4.0,3.0,6.0,An atheist,5.0,Male,1988.0,31.0,Married,Full time
CAN,124070398,1.0,2.0,2.0,1.0,10.0,10.0,5.0,A religious person,5.0,Female,1992.0,28.0,Married,Homemaker not otherwise employed
CAN,124070399,2.0,1.0,2.0,2.0,7.0,7.0,6.0,A religious person,3.0,Male,1992.0,28.0,Living together as married,Unemployed
CAN,124070400,1.0,1.0,1.0,2.0,7.0,7.0,5.0,A religious person,6.0,Female,1961.0,58.0,Separated,Full time
CAN,124070402,1.0,2.0,2.0,2.0,8.0,8.0,7.0,An atheist,6.0,Male,1992.0,27.0,Living together as married,Full time
CAN,124070403,1.0,3.0,1.0,3.0,8.0,9.0,9.0,Not a religious person,5.0,Male,1961.0,59.0,Married,Retired/pensioned
CAN,124070404,3.0,2.0,2.0,3.0,7.0,6.0,5.0,Not a religious person,5.0,Male,1988.0,32.0,Single,Full time
CAN,124070405,1.0,2.0,1.0,2.0,8.0,7.0,7.0,A religious person,5.0,Female,1985.0,35.0,Living together as married,Full time
CAN,124070406,1.0,2.0,1.0,1.0,6.0,6.0,6.0,Not a religious person,5.0,Female,1988.0,32.0,Single,Full time
CAN,124070407,1.0,1.0,1.0,1.0,8.0,8.0,4.0,Not a religious person,5.0,Female,1987.0,33.0,Married,Full time
CAN,124070408,1.0,2.0,2.0,2.0,9.0,9.0,9.0,Not a religious person,9.0,Male,1979.0,41.0,Married,Full time
CAN,124070409,2.0,2.0,1.0,2.0,8.0,7.0,7.0,An atheist,8.0,Female,1982.0,37.0,Living together as married,Full time
CAN,124070410,1.0,2.0,1.0,2.0,8.0,9.0,9.0,A religious person,7.0,Male,1946.0,74.0,Married,Retired/pensioned
CAN,124070411,1.0,3.0,2.0,4.0,6.0,7.0,8.0,An atheist,1.0,Male,1949.0,71.0,Living together as married,Retired/pensioned
CAN,124070412,2.0,1.0,2.0,4.0,3.0,3.0,7.0,An atheist,6.0,Female,1965.0,55.0,Living together as married,Retired/pensioned
CAN,124070413,1.0,2.0,2.0,2.0,8.0,7.0,8.0,Not a religious person,4.0,Female,1954.0,66.0,Married,Part time
CAN,124070414,2.0,1.0,1.0,2.0,5.0,5.0,5.0,Not a religious person,5.0,Male,1988.0,32.0,Single,Full time
CAN,124070415,1.0,1.0,1.0,2.0,8.0,7.0,6.0,Not a religious person,5.0,Female,1986.0,33.0,Single,Full time
CAN,124070416,1.0,2.0,2.0,2.0,10.0,9.0,9.0,A religious person,10.0,Female,1985.0,35.0,Living together as married,Self employed
CAN,124070417,1.0,2.0,2.0,2.0,8.0,9.0,7.0,A religious person,7.0,Male,1985.0,34.0,Married,Full time
CAN,124070418,1.0,2.0,2.0,2.0,7.0,7.0,8.0,Not a religious person,6.0,Female,1971.0,49.0,Married,Part time
CAN,124070419,1.0,1.0,2.0,2.0,9.0,7.0,8.0,A religious person,4.0,Male,1947.0,73.0,Married,Retired/pensioned
CAN,124070421,1.0,1.0,1.0,1.0,6.0,5.0,7.0,Not a religious person,6.0,Male,1983.0,37.0,Single,Full time
CAN,124070422,1.0,2.0,2.0,2.0,8.0,9.0,9.0,An atheist,5.0,Male,1961.0,58.0,Living together as married,Full time
CAN,124070423,2.0,2.0,1.0,2.0,6.0,5.0,3.0,Not a religious person,6.0,Male,1993.0,27.0,Single,Student
CAN,124070425,1.0,1.0,1.0,3.0,8.0,7.0,4.0,A religious person,8.0,Male,1989.0,31.0,Married,Part time
CAN,124070426,1.0,1.0,1.0,2.0,9.0,8.0,7.0,A religious person,5.0,Female,1990.0,30.0,Single,Full time
CAN,124070427,1.0,2.0,2.0,3.0,9.0,7.0,8.0,A religious person,8.0,Male,1940.0,80.0,Married,Retired/pensioned
CAN,124070428,2.0,2.0,2.0,3.0,7.0,6.0,4.0,A religious person,5.0,Female,1987.0,32.0,Single,Student
CAN,124070429,1.0,1.0,2.0,1.0,8.0,10.0,8.0,A religious person,4.0,Female,2002.0,18.0,Single,Student
CAN,124070431,1.0,3.0,3.0,3.0,8.0,8.0,7.0,A religious person,6.0,Male,1956.0,64.0,Married,Retired/pensioned
CAN,124070432,1.0,1.0,2.0,1.0,7.0,7.0,8.0,Not a religious person,5.0,Male,1983.0,37.0,Married,Full time
CAN,124070433,1.0,2.0,2.0,2.0,8.0,8.0,8.0,A religious person,8.0,Female,1964.0,56.0,Married,Part time
CAN,124070434,1.0,2.0,1.0,3.0,8.0,8.0,8.0,A religious person,8.0,Male,1950.0,69.0,Married,Retired/pensioned
CAN,124070435,1.0,1.0,3.0,1.0,8.0,7.0,8.0,A religious person,7.0,Male,1992.0,28.0,Married,Full time
CAN,124070436,1.0,1.0,1.0,2.0,7.0,8.0,6.0,An atheist,3.0,Male,1992.0,28.0,Living together as married,Full time
CAN,124070437,1.0,1.0,1.0,1.0,7.0,7.0,8.0,An atheist,5.0,Female,1992.0,27.0,Living together as married,Full time
CAN,124070439,1.0,1.0,1.0,1.0,9.0,9.0,9.0,Not a religious person,9.0,Male,1957.0,63.0,Married,Retired/pensioned
CAN,124070440,1.0,1.0,1.0,2.0,7.0,7.0,7.0,A religious person,7.0,Male,1964.0,56.0,Living together as married,Full time
CAN,124070441,1.0,1.0,1.0,3.0,5.0,5.0,1.0,Not a religious person,5.0,Female,1991.0,29.0,Single,Full time
CAN,124070442,1.0,1.0,1.0,3.0,8.0,6.0,7.0,An atheist,4.0,Male,1971.0,48.0,Living together as married,Self employed
CAN,124070443,1.0,1.0,1.0,2.0,7.0,5.0,5.0,A religious person,10.0,Male,1970.0,50.0,Married,Full time
CAN,124070444,2.0,2.0,2.0,3.0,8.0,8.0,9.0,A religious person,4.0,Female,1951.0,69.0,Living together as married,Retired/pensioned
CAN,124070445,1.0,1.0,1.0,4.0,9.0,5.0,6.0,A religious person,3.0,Female,1954.0,66.0,Married,Retired/pensioned
CAN,124070446,1.0,2.0,2.0,2.0,6.0,5.0,2.0,Not a religious person,5.0,Female,1973.0,47.0,Single,Part time
CAN,124070447,1.0,1.0,2.0,1.0,6.0,7.0,6.0,Not a religious person,7.0,Male,1972.0,48.0,Married,Full time
CAN,124070448,1.0,1.0,1.0,2.0,8.0,8.0,8.0,A religious person,8.0,Male,1997.0,23.0,Single,Student
CAN,124070449,1.0,2.0,2.0,1.0,7.0,6.0,5.0,Not a religious person,6.0,Female,1977.0,43.0,Married,Unemployed
CAN,124070450,1.0,2.0,2.0,2.0,7.0,7.0,10.0,Not a religious person,6.0,Female,1961.0,59.0,Married,Retired/pensioned
CAN,124070451,2.0,4.0,1.0,2.0,10.0,10.0,10.0,Not a religious person,5.0,Male,1967.0,53.0,Married,Full time
CAN,124070452,1.0,1.0,2.0,2.0,9.0,7.0,7.0,Not a religious person,7.0,Male,1970.0,50.0,Single,Full time
CAN,124070453,1.0,2.0,2.0,2.0,7.0,8.0,8.0,An atheist,5.0,Female,1977.0,43.0,Married,Homemaker not otherwise employed
CAN,124070454,1.0,1.0,1.0,1.0,8.0,8.0,9.0,Not a religious person,3.0,Male,1950.0,70.0,Married,Self employed
CAN,124070456,1.0,1.0,1.0,3.0,6.0,3.0,1.0,Not a religious person,1.0,Female,1994.0,25.0,Single,Unemployed
CAN,124070457,2.0,1.0,1.0,2.0,8.0,7.0,6.0,Not a religious person,6.0,Male,2001.0,18.0,Single,Student
CAN,124070459,2.0,2.0,1.0,2.0,5.0,4.0,5.0,Not a religious person,6.0,Female,1996.0,24.0,Single,Part time
CAN,124070460,1.0,1.0,1.0,2.0,5.0,5.0,2.0,A religious person,5.0,Female,1954.0,66.0,Divorced,Part time
CAN,124070461,1.0,1.0,1.0,2.0,10.0,10.0,9.0,Not a religious person,3.0,Male,1991.0,29.0,Living together as married,Full time
CAN,124070463,1.0,1.0,2.0,2.0,9.0,7.0,7.0,Not a religious person,5.0,Male,1960.0,60.0,Married,Full time
CAN,124070464,1.0,2.0,2.0,4.0,9.0,8.0,8.0,Not a religious person,8.0,Male,1957.0,63.0,Married,Retired/pensioned
CAN,124070465,1.0,1.0,1.0,3.0,9.0,8.0,8.0,A religious person,8.0,Male,1986.0,34.0,Married,Full time
CAN,124070466,1.0,1.0,2.0,1.0,7.0,6.0,9.0,Not a religious person,5.0,Male,1990.0,30.0,Single,Full time
CAN,124070467,1.0,2.0,2.0,2.0,8.0,7.0,6.0,Not a religious person,5.0,Male,1969.0,51.0,Living together as married,Full time
CAN,124070468,1.0,1.0,1.0,2.0,7.0,7.0,6.0,A religious person,5.0,Male,1983.0,35.0,Married,Full time
CAN,124070469,1.0,1.0,2.0,1.0,9.0,8.0,9.0,An atheist,5.0,Female,1983.0,37.0,Separated,Full time
CAN,124070470,3.0,2.0,1.0,1.0,6.0,8.0,8.0,Not a religious person,2.0,Male,1982.0,38.0,Single,Full time
CAN,124070471,2.0,2.0,3.0,2.0,7.0,6.0,6.0,A religious person,6.0,Male,1994.0,26.0,Single,Full time
CAN,124070472,1.0,1.0,1.0,1.0,8.0,8.0,6.0,An atheist,7.0,Male,1979.0,41.0,Married,Full time
CAN,124070473,1.0,1.0,1.0,1.0,8.0,8.0,6.0,An atheist,3.0,Female,1980.0,40.0,Single,Full time
CAN,124070474,1.0,2.0,1.0,1.0,7.0,7.0,7.0,A religious person,7.0,Male,1962.0,58.0,Married,Full time
CAN,124070475,1.0,2.0,2.0,2.0,10.0,10.0,10.0,A religious person,6.0,Female,1983.0,37.0,Married,Full time
CAN,124070476,1.0,1.0,1.0,2.0,9.0,9.0,8.0,Not a religious person,6.0,Female,1986.0,34.0,Married,Part time
CAN,124070478,2.0,1.0,2.0,1.0,9.0,8.0,8.0,Not a religious person,8.0,Male,1993.0,26.0,Single,Full time
CAN,124070479,1.0,1.0,1.0,2.0,9.0,8.0,8.0,An atheist,5.0,Female,1963.0,56.0,Divorced,Full time
CAN,124070480,1.0,1.0,2.0,1.0,6.0,7.0,4.0,A religious person,7.0,Female,2000.0,20.0,Living together as married,Part time
CAN,124070481,2.0,2.0,2.0,2.0,7.0,6.0,7.0,Not a religious person,7.0,Female,1990.0,30.0,Married,Full time
CAN,124070482,1.0,1.0,1.0,1.0,8.0,8.0,7.0,Not a religious person,3.0,Male,1986.0,34.0,Single,Full time
CAN,124070483,1.0,2.0,2.0,2.0,10.0,6.0,7.0,Not a religious person,8.0,Male,1998.0,22.0,Married,Full time
CAN,124070484,1.0,2.0,1.0,4.0,8.0,6.0,8.0,A religious person,8.0,Male,1945.0,65.0,Married,Retired/pensioned
CAN,124070485,1.0,1.0,1.0,1.0,8.0,9.0,8.0,A religious person,7.0,Male,1980.0,40.0,Married,Full time
CAN,124070486,1.0,1.0,1.0,1.0,7.0,3.0,4.0,Not a religious person,8.0,Male,1943.0,76.0,Married,Retired/pensioned
CAN,124070487,1.0,2.0,2.0,2.0,7.0,7.0,7.0,Not a religious person,5.0,Female,2002.0,18.0,Single,Part time
CAN,124070488,2.0,1.0,1.0,2.0,7.0,8.0,8.0,A religious person,7.0,Male,1980.0,39.0,Single,Full time
CAN,124070490,1.0,2.0,1.0,2.0,7.0,7.0,8.0,A religious person,7.0,Female,1995.0,24.0,Married,Student
CAN,124070491,3.0,3.0,3.0,3.0,6.0,6.0,6.0,An atheist,6.0,Male,1994.0,25.0,Single,Full time
CAN,124070492,1.0,2.0,1.0,1.0,8.0,9.0,9.0,A religious person,8.0,Male,1995.0,25.0,Single,Student
CAN,124070493,1.0,1.0,1.0,4.0,8.0,7.0,5.0,Not a religious person,5.0,Male,1962.0,58.0,Married,Retired/pensioned
CAN,124070494,3.0,3.0,2.0,3.0,5.0,4.0,3.0,A religious person,8.0,Male,1969.0,51.0,Single,Full time
CAN,124070495,1.0,1.0,2.0,2.0,8.0,6.0,7.0,An atheist,2.0,Male,1960.0,60.0,Married,Full time
CAN,124070496,1.0,1.0,1.0,4.0,6.0,6.0,5.0,A religious person,3.0,Male,1972.0,48.0,Single,Unemployed
CAN,124070497,1.0,2.0,2.0,1.0,6.0,7.0,7.0,Not a religious person,6.0,Female,1978.0,41.0,Single,Full time
CAN,124070498,1.0,1.0,1.0,2.0,7.0,7.0,6.0,Not a religious person,5.0,Male,1965.0,54.0,Married,Full time
CAN,124070499,1.0,3.0,2.0,3.0,1.0,5.0,2.0,Not a religious person,3.0,Female,1981.0,39.0,Married,Other
CAN,124070500,1.0,1.0,1.0,2.0,8.0,6.0,8.0,An atheist,5.0,Male,1976.0,44.0,Single,Full time
CAN,124070501,1.0,1.0,1.0,1.0,8.0,9.0,10.0,An atheist,6.0,Male,1991.0,29.0,Single,Full time
CAN,124070502,1.0,2.0,2.0,3.0,7.0,8.0,8.0,A religious person,4.0,Male,1944.0,76.0,Married,Retired/pensioned
CAN,124070505,1.0,2.0,2.0,2.0,8.0,8.0,9.0,Not a religious person,6.0,Male,1949.0,71.0,Married,Retired/pensioned
CAN,124070506,1.0,1.0,2.0,2.0,5.0,7.0,7.0,A religious person,6.0,Male,1998.0,22.0,Single,Unemployed
CAN,124070507,1.0,1.0,1.0,2.0,8.0,8.0,8.0,Not a religious person,5.0,Female,1981.0,39.0,Married,Homemaker not otherwise employed
CAN,124070508,1.0,1.0,1.0,1.0,7.0,8.0,9.0,Not a religious person,3.0,Female,1999.0,20.0,Single,Full time
CAN,124070509,2.0,2.0,2.0,1.0,4.0,2.0,7.0,Not a religious person,5.0,Female,1978.0,42.0,Single,Self employed
CAN,124070510,1.0,1.0,1.0,2.0,7.0,7.0,7.0,A religious person,5.0,Female,1980.0,40.0,Married,Full time
CAN,124070511,1.0,1.0,2.0,2.0,8.0,9.0,7.0,An atheist,4.0,Female,1959.0,60.0,Married,Part time
CAN,124070512,1.0,2.0,2.0,2.0,7.0,6.0,7.0,Not a religious person,2.0,Female,1975.0,45.0,Single,Full time
CAN,124070513,1.0,1.0,1.0,3.0,8.0,7.0,6.0,Not a religious person,4.0,Female,1989.0,31.0,Married,Part time
CAN,124070514,1.0,2.0,2.0,1.0,3.0,3.0,7.0,Not a religious person,5.0,Female,1990.0,29.0,Single,Full time
CAN,124070515,1.0,1.0,1.0,1.0,8.0,8.0,5.0,A religious person,6.0,Female,1963.0,57.0,Divorced,Full time
CAN,124070516,1.0,2.0,1.0,3.0,2.0,5.0,7.0,Not a religious person,1.0,Female,1985.0,35.0,Married,Homemaker not otherwise employed
CAN,124070517,4.0,4.0,1.0,3.0,2.0,1.0,1.0,An atheist,5.0,Male,1969.0,51.0,Single,Unemployed
CAN,124070518,1.0,2.0,2.0,2.0,7.0,5.0,3.0,Not a religious person,3.0,Female,1969.0,51.0,Divorced,Full time
CAN,124070519,1.0,1.0,1.0,1.0,10.0,9.0,8.0,Not a religious person,4.0,Female,1979.0,41.0,Living together as married,Full time
CAN,124070520,1.0,2.0,1.0,2.0,8.0,9.0,9.0,A religious person,5.0,Female,1974.0,46.0,Married,Homemaker not otherwise employed
CAN,124070521,4.0,2.0,1.0,2.0,5.0,5.0,6.0,A religious person,5.0,Female,2002.0,18.0,Single,Part time
CAN,124070522,1.0,2.0,2.0,4.0,5.0,7.0,7.0,Not a religious person,7.0,Male,1951.0,68.0,Married,Retired/pensioned
CAN,124070523,1.0,1.0,1.0,4.0,10.0,10.0,10.0,A religious person,5.0,Male,1951.0,69.0,Married,Retired/pensioned
CAN,124070524,1.0,2.0,2.0,2.0,7.0,9.0,9.0,Not a religious person,5.0,Male,1952.0,68.0,Married,Retired/pensioned
CAN,124070525,1.0,1.0,1.0,2.0,8.0,8.0,7.0,Not a religious person,3.0,Male,1985.0,35.0,Married,Full time
CAN,124070526,1.0,2.0,3.0,2.0,8.0,1.0,1.0,Not a religious person,6.0,Female,1944.0,75.0,Single,Self employed
CAN,124070527,1.0,1.0,2.0,1.0,8.0,8.0,7.0,A religious person,8.0,Male,1988.0,32.0,Married,Full time
CAN,124070528,1.0,2.0,2.0,2.0,5.0,6.0,5.0,An atheist,5.0,Male,1969.0,51.0,Living together as married,Full time
CAN,124070529,1.0,1.0,2.0,1.0,8.0,8.0,7.0,Not a religious person,4.0,Male,1940.0,79.0,Married,Retired/pensioned
CAN,124070530,1.0,2.0,2.0,2.0,6.0,8.0,7.0,Not a religious person,3.0,Male,1990.0,30.0,Living together as married,Self employed
CAN,124070531,1.0,1.0,1.0,3.0,8.0,8.0,6.0,A religious person,5.0,Female,1949.0,71.0,Divorced,Retired/pensioned
CAN,124070532,1.0,3.0,2.0,3.0,10.0,8.0,6.0,A religious person,6.0,Male,1977.0,43.0,Married,Full time
CAN,124070533,1.0,1.0,1.0,4.0,5.0,5.0,5.0,A religious person,10.0,Male,1978.0,41.0,Single,Unemployed
CAN,124070534,1.0,2.0,1.0,2.0,9.0,9.0,7.0,A religious person,5.0,Male,1981.0,38.0,Married,Full time
CAN,124070535,1.0,1.0,1.0,2.0,3.0,3.0,7.0,A religious person,4.0,Female,1995.0,25.0,Single,Student
CAN,124070536,1.0,2.0,3.0,2.0,9.0,7.0,7.0,A religious person,10.0,Male,1977.0,43.0,Married,Part time
CAN,124070537,2.0,1.0,3.0,2.0,8.0,3.0,2.0,Not a religious person,6.0,Female,1958.0,62.0,Single,Unemployed
CAN,124070538,1.0,2.0,2.0,2.0,5.0,6.0,2.0,Not a religious person,5.0,Female,1968.0,52.0,Divorced,Unemployed
CAN,124070539,1.0,2.0,2.0,2.0,7.0,8.0,7.0,An atheist,5.0,Male,1984.0,36.0,Married,Full time
CAN,124070540,2.0,3.0,2.0,2.0,7.0,5.0,7.0,Not a religious person,4.0,Male,1988.0,32.0,Single,Student
CAN,124070541,1.0,2.0,2.0,1.0,8.0,8.0,7.0,Not a religious person,5.0,Female,1985.0,35.0,Single,Full time
CAN,124070542,1.0,3.0,2.0,1.0,8.0,10.0,9.0,Not a religious person,8.0,Male,1966.0,54.0,Married,Full time
CAN,124070543,2.0,3.0,1.0,2.0,5.0,4.0,2.0,An atheist,1.0,Male,1975.0,45.0,Married,Full time
CAN,124070544,1.0,2.0,1.0,2.0,2.0,3.0,8.0,An atheist,3.0,Female,1954.0,66.0,Single,Other
CAN,124070545,1.0,2.0,1.0,1.0,9.0,9.0,9.0,Not a religious person,3.0,Female,1990.0,30.0,Living together as married,Full time
CAN,124070546,1.0,2.0,2.0,3.0,8.0,9.0,6.0,A religious person,5.0,Female,1999.0,21.0,Single,Part time
CAN,124070547,2.0,2.0,2.0,3.0,7.0,4.0,5.0,A religious person,6.0,Female,1999.0,21.0,Single,Student
CAN,124070548,1.0,1.0,1.0,1.0,8.0,7.0,7.0,A religious person,7.0,Female,1953.0,67.0,Married,Part time
CAN,124070549,1.0,1.0,1.0,2.0,5.0,8.0,7.0,A religious person,6.0,Female,1954.0,65.0,Married,Retired/pensioned
CAN,124070550,1.0,1.0,1.0,2.0,8.0,5.0,5.0,An atheist,3.0,Male,1975.0,45.0,Living together as married,Full time
CAN,124070551,1.0,1.0,1.0,2.0,7.0,6.0,4.0,Not a religious person,5.0,Female,1976.0,44.0,Married,Unemployed
CAN,124070552,1.0,2.0,1.0,2.0,7.0,7.0,7.0,Not a religious person,5.0,Male,1971.0,49.0,Married,Full time
CAN,124070553,1.0,1.0,1.0,1.0,8.0,8.0,5.0,A religious person,5.0,Female,1979.0,41.0,Separated,Self employed
CAN,124070554,2.0,3.0,1.0,2.0,5.0,5.0,7.0,A religious person,5.0,Male,1988.0,32.0,Single,Full time
CAN,124070555,1.0,1.0,2.0,2.0,7.0,8.0,6.0,A religious person,7.0,Female,1987.0,33.0,Married,Part time
CAN,124070556,2.0,1.0,2.0,1.0,10.0,8.0,8.0,Not a religious person,9.0,Male,1974.0,45.0,Married,Self employed
CAN,124070558,1.0,1.0,1.0,1.0,9.0,8.0,7.0,A religious person,5.0,Male,1986.0,34.0,Married,Full time
CAN,124070559,2.0,1.0,1.0,2.0,8.0,8.0,8.0,A religious person,4.0,Male,1998.0,21.0,Married,Student
CAN,124070560,1.0,2.0,1.0,1.0,7.0,7.0,7.0,Not a religious person,5.0,Female,1973.0,47.0,Married,Full time
CAN,124070561,1.0,2.0,2.0,1.0,8.0,7.0,7.0,Not a religious person,5.0,Female,1993.0,27.0,Single,Student
CAN,124070562,1.0,1.0,2.0,1.0,9.0,9.0,6.0,A religious person,5.0,Female,1966.0,54.0,Single,Full time
CAN,124070563,1.0,3.0,2.0,2.0,7.0,7.0,2.0,Not a religious person,5.0,Male,1956.0,63.0,Single,Full time
CAN,124070564,1.0,1.0,1.0,1.0,9.0,9.0,7.0,An atheist,7.0,Female,1989.0,31.0,Living together as married,Full time
CAN,124070565,1.0,2.0,2.0,2.0,8.0,8.0,7.0,An atheist,7.0,Male,1950.0,69.0,Single,Retired/pensioned
CAN,124070566,1.0,1.0,1.0,3.0,9.0,9.0,9.0,An atheist,3.0,Male,1958.0,62.0,Married,Self employed
CAN,124070567,1.0,1.0,1.0,2.0,2.0,2.0,1.0,Not a religious person,5.0,Female,1962.0,58.0,Living together as married,Unemployed
CAN,124070568,1.0,1.0,1.0,2.0,8.0,8.0,8.0,Not a religious person,7.0,Female,1957.0,63.0,Married,Retired/pensioned
CAN,124070569,1.0,2.0,2.0,2.0,8.0,5.0,6.0,An atheist,7.0,Female,1999.0,21.0,Separated,Self employed
CAN,124070570,1.0,1.0,2.0,2.0,9.0,9.0,8.0,A religious person,5.0,Female,1976.0,44.0,Single,Full time
CAN,124070571,4.0,3.0,2.0,1.0,5.0,2.0,1.0,An atheist,5.0,Male,1984.0,36.0,Single,Unemployed
CAN,124070572,2.0,2.0,1.0,2.0,8.0,7.0,8.0,An atheist,3.0,Male,1994.0,26.0,Single,Full time
CAN,124070573,1.0,1.0,1.0,1.0,8.0,8.0,4.0,Not a religious person,4.0,Female,1961.0,59.0,Married,Full time
CAN,124070574,3.0,3.0,1.0,2.0,7.0,7.0,8.0,Not a religious person,4.0,Female,1973.0,47.0,Single,Full time
CAN,124070575,1.0,2.0,2.0,1.0,7.0,7.0,4.0,Not a religious person,3.0,Female,1993.0,27.0,Living together as married,Full time
CAN,124070576,1.0,1.0,1.0,2.0,3.0,3.0,6.0,Not a religious person,3.0,Female,2002.0,18.0,Single,Student
CAN,124070577,2.0,2.0,1.0,2.0,8.0,7.0,7.0,Not a religious person,8.0,Female,1954.0,66.0,Married,Retired/pensioned
CAN,124070578,2.0,2.0,2.0,1.0,3.0,6.0,5.0,Not a religious person,6.0,Male,1990.0,29.0,Single,Full time
CAN,124070579,1.0,1.0,1.0,1.0,7.0,8.0,8.0,Not a religious person,8.0,Female,1983.0,37.0,Married,Full time
CAN,124070580,1.0,1.0,1.0,1.0,7.0,6.0,7.0,A religious person,6.0,Male,1987.0,33.0,Single,Full time
CAN,124070581,1.0,1.0,2.0,1.0,8.0,8.0,7.0,A religious person,5.0,Male,1980.0,40.0,Married,Full time
CAN,124070582,1.0,1.0,2.0,1.0,10.0,7.0,8.0,Not a religious person,6.0,Female,1990.0,30.0,Single,Student
CAN,124070583,1.0,2.0,2.0,3.0,8.0,6.0,5.0,An atheist,2.0,Male,1977.0,42.0,Living together as married,Self employed
CAN,124070584,2.0,2.0,1.0,2.0,8.0,7.0,7.0,An atheist,5.0,Male,1994.0,25.0,Single,Full time
CAN,124070585,2.0,2.0,2.0,2.0,5.0,7.0,7.0,Not a religious person,3.0,Male,1985.0,35.0,Married,Full time
CAN,124070586,3.0,4.0,1.0,2.0,6.0,4.0,4.0,An atheist,3.0,Male,1984.0,36.0,Married,Unemployed
CAN,124070587,1.0,3.0,1.0,2.0,7.0,6.0,6.0,An atheist,5.0,Male,1977.0,44.0,Living together as married,Full time
CAN,124070588,1.0,1.0,1.0,1.0,4.0,3.0,4.0,An atheist,5.0,Female,1981.0,38.0,Single,Full time
CAN,124070589,1.0,3.0,1.0,2.0,7.0,6.0,6.0,Not a religious person,5.0,Male,1985.0,35.0,Single,Full time
CAN,124070590,3.0,3.0,2.0,2.0,10.0,8.0,1.0,A religious person,10.0,Male,1970.0,50.0,Single,Unemployed
CAN,124070595,1.0,1.0,1.0,4.0,4.0,4.0,8.0,An atheist,5.0,Female,1956.0,64.0,Married,Retired/pensioned
CAN,124070596,3.0,2.0,2.0,4.0,10.0,10.0,10.0,A religious person,10.0,Male,1975.0,44.0,Single,Unemployed
CAN,124070597,1.0,2.0,2.0,2.0,7.0,7.0,7.0,A religious person,9.0,Male,1994.0,26.0,Married,Full time
CAN,124070598,1.0,1.0,1.0,4.0,4.0,3.0,3.0,A religious person,5.0,Female,1971.0,48.0,Single,Other
CAN,124070599,2.0,2.0,2.0,2.0,5.0,5.0,6.0,Not a religious person,5.0,Male,1987.0,33.0,Living together as married,Full time
CAN,124070600,1.0,1.0,1.0,2.0,7.0,7.0,8.0,Not a religious person,4.0,Male,1996.0,24.0,Single,Student
CAN,124070601,1.0,1.0,1.0,1.0,8.0,8.0,4.0,A religious person,8.0,Male,1993.0,27.0,Single,Full time
CAN,124070602,2.0,2.0,2.0,2.0,4.0,3.0,4.0,A religious person,5.0,Female,1986.0,33.0,Single,Part time
CAN,124070603,2.0,1.0,2.0,4.0,1.0,3.0,4.0,A religious person,6.0,Male,1970.0,50.0,Living together as married,Full time
CAN,124070604,1.0,2.0,1.0,1.0,8.0,7.0,6.0,Not a religious person,4.0,Male,1977.0,43.0,Married,Full time
CAN,124070605,1.0,1.0,1.0,1.0,5.0,5.0,1.0,A religious person,5.0,Female,1992.0,28.0,Single,Part time
CAN,124070606,1.0,1.0,1.0,2.0,8.0,9.0,4.0,Not a religious person,5.0,Female,1987.0,33.0,Married,Homemaker not otherwise employed
CAN,124070607,1.0,1.0,1.0,2.0,8.0,8.0,6.0,A religious person,5.0,Female,1968.0,52.0,Married,Full time
CAN,124070609,1.0,1.0,1.0,1.0,7.0,7.0,10.0,A religious person,5.0,Female,1989.0,31.0,Single,Full time
CAN,124070610,1.0,1.0,1.0,2.0,7.0,7.0,5.0,Not a religious person,6.0,Female,1988.0,31.0,Married,Unemployed
CAN,124070611,1.0,1.0,1.0,2.0,6.0,5.0,5.0,A religious person,3.0,Female,1999.0,20.0,Single,Student
CAN,124070612,1.0,2.0,3.0,2.0,7.0,9.0,6.0,Not a religious person,8.0,Male,1990.0,31.0,Married,Full time
CAN,124070613,1.0,2.0,4.0,2.0,10.0,10.0,10.0,Not a religious person,10.0,Male,1970.0,49.0,Divorced,Full time
CAN,124070614,1.0,3.0,3.0,1.0,10.0,7.0,9.0,A religious person,8.0,Male,1987.0,33.0,Married,Full time
CAN,124070615,1.0,2.0,1.0,2.0,7.0,7.0,6.0,Not a religious person,6.0,Male,1963.0,57.0,Married,Self employed
CAN,124070616,1.0,1.0,1.0,4.0,8.0,7.0,3.0,Not a religious person,5.0,Male,1957.0,63.0,Single,Retired/pensioned
CAN,124070617,2.0,2.0,3.0,1.0,7.0,7.0,4.0,A religious person,6.0,Female,1994.0,26.0,Married,Full time
CAN,124070618,1.0,2.0,2.0,2.0,9.0,7.0,2.0,A religious person,6.0,Male,1975.0,45.0,Married,Unemployed
CAN,124070620,1.0,3.0,2.0,2.0,7.0,8.0,9.0,A religious person,5.0,Male,1988.0,31.0,Married,Full time
CAN,124070621,1.0,1.0,1.0,2.0,9.0,8.0,8.0,An atheist,5.0,Female,1983.0,37.0,Living together as married,Full time
CAN,124070622,1.0,2.0,2.0,1.0,8.0,9.0,9.0,A religious person,5.0,Female,1964.0,56.0,Widowed,Full time
CAN,124070623,1.0,1.0,1.0,4.0,8.0,8.0,8.0,Not a religious person,3.0,Male,1955.0,65.0,Married,Retired/pensioned
CAN,124070624,1.0,3.0,1.0,3.0,4.0,3.0,2.0,Not a religious person,7.0,Male,1977.0,43.0,Single,Other
CAN,124070625,1.0,1.0,1.0,3.0,9.0,8.0,10.0,An atheist,3.0,Female,1967.0,52.0,Married,Homemaker not otherwise employed
CAN,124070626,1.0,2.0,2.0,2.0,6.0,6.0,7.0,Not a religious person,5.0,Male,1972.0,48.0,Separated,Full time
CAN,124070627,1.0,2.0,2.0,3.0,8.0,7.0,8.0,Not a religious person,6.0,Female,1958.0,62.0,Living together as married,Retired/pensioned
CAN,124070628,1.0,2.0,1.0,2.0,9.0,9.0,8.0,An atheist,5.0,Female,1963.0,57.0,Living together as married,Retired/pensioned
CAN,124070629,1.0,2.0,1.0,1.0,7.0,7.0,7.0,Not a religious person,6.0,Male,1968.0,52.0,Living together as married,Full time
CAN,124070630,1.0,2.0,1.0,4.0,4.0,6.0,4.0,A religious person,10.0,Male,1985.0,35.0,Living together as married,Full time
CAN,124070631,2.0,2.0,2.0,1.0,5.0,4.0,8.0,Not a religious person,3.0,Female,1970.0,50.0,Living together as married,Full time
CAN,124070632,1.0,2.0,1.0,1.0,3.0,3.0,4.0,Not a religious person,5.0,Female,2000.0,20.0,Single,Full time
CAN,124070633,1.0,2.0,1.0,2.0,8.0,9.0,7.0,Not a religious person,5.0,Female,1971.0,49.0,Married,Part time
CAN,124070634,1.0,1.0,1.0,2.0,6.0,6.0,3.0,A religious person,5.0,Female,1962.0,57.0,Married,Full time
CAN,124070636,1.0,3.0,1.0,1.0,9.0,8.0,7.0,A religious person,5.0,Female,1955.0,65.0,Married,Retired/pensioned
CAN,124070637,1.0,3.0,1.0,2.0,4.0,4.0,1.0,Not a religious person,3.0,Female,1996.0,24.0,Single,Student
CAN,124070639,1.0,1.0,2.0,4.0,2.0,8.0,2.0,Not a religious person,6.0,Male,1943.0,77.0,Married,Retired/pensioned
CAN,124070640,1.0,1.0,1.0,2.0,5.0,2.0,2.0,A religious person,6.0,Male,1968.0,52.0,Single,Unemployed
CAN,124070642,2.0,1.0,2.0,2.0,6.0,6.0,7.0,An atheist,5.0,Female,1951.0,69.0,Living together as married,Retired/pensioned
CAN,124070643,1.0,2.0,2.0,1.0,8.0,8.0,8.0,Not a religious person,5.0,Male,1976.0,44.0,Living together as married,Full time
CAN,124070644,1.0,1.0,1.0,1.0,7.0,7.0,8.0,Not a religious person,8.0,Female,1984.0,35.0,Married,Part time
CAN,124070645,1.0,1.0,3.0,1.0,6.0,8.0,7.0,An atheist,3.0,Female,2001.0,19.0,Married,Student
CAN,124070646,1.0,2.0,2.0,2.0,7.0,8.0,8.0,Not a religious person,3.0,Male,1990.0,29.0,Living together as married,Full time
CAN,124070647,1.0,1.0,1.0,1.0,10.0,10.0,10.0,A religious person,10.0,Male,1961.0,59.0,Married,Full time
CAN,124070648,2.0,2.0,1.0,2.0,3.0,4.0,2.0,Not a religious person,5.0,Male,1989.0,31.0,Living together as married,Full time
CAN,124070649,2.0,1.0,2.0,2.0,7.0,5.0,8.0,Not a religious person,4.0,Male,1967.0,52.0,Living together as married,Full time
CAN,124070650,1.0,2.0,2.0,1.0,8.0,8.0,7.0,An atheist,6.0,Male,1984.0,35.0,Married,Full time
CAN,124070651,1.0,1.0,1.0,1.0,8.0,8.0,6.0,Not a religious person,8.0,Male,1949.0,71.0,Married,Retired/pensioned
CAN,124070653,1.0,1.0,1.0,1.0,6.0,6.0,8.0,A religious person,7.0,Male,1983.0,36.0,Living together as married,Full time
CAN,124070654,2.0,2.0,2.0,2.0,5.0,3.0,5.0,An atheist,4.0,Male,1989.0,31.0,Single,Full time
CAN,124070655,1.0,2.0,2.0,1.0,9.0,9.0,9.0,Not a religious person,7.0,Male,1971.0,49.0,Single,Full time
CAN,124070656,2.0,1.0,1.0,1.0,7.0,5.0,5.0,Not a religious person,5.0,Female,1996.0,24.0,Living together as married,Full time
CAN,124070657,1.0,2.0,1.0,2.0,8.0,9.0,8.0,A religious person,7.0,Male,1951.0,69.0,Married,Retired/pensioned
CAN,124070658,1.0,3.0,1.0,1.0,5.0,5.0,3.0,An atheist,5.0,Male,1975.0,45.0,Living together as married,Full time
CAN,124070659,1.0,2.0,1.0,2.0,7.0,9.0,8.0,An atheist,4.0,Female,1992.0,28.0,Living together as married,Full time
CAN,124070660,1.0,2.0,2.0,3.0,6.0,6.0,2.0,Not a religious person,3.0,Male,1986.0,33.0,Married,Full time
CAN,124070661,1.0,1.0,1.0,1.0,6.0,5.0,6.0,An atheist,7.0,Female,1998.0,22.0,Single,Student
CAN,124070662,2.0,1.0,2.0,1.0,5.0,6.0,4.0,Not a religious person,3.0,Female,1996.0,24.0,Single,Unemployed
CAN,124070663,1.0,1.0,2.0,2.0,8.0,7.0,7.0,An atheist,4.0,Female,1994.0,26.0,Single,Full time
CAN,124070665,1.0,2.0,1.0,1.0,7.0,6.0,1.0,Not a religious person,7.0,Male,1966.0,54.0,Married,Full time
CAN,124070666,1.0,1.0,1.0,1.0,8.0,8.0,7.0,An atheist,4.0,Female,1965.0,54.0,Married,Full time
CAN,124070667,1.0,2.0,2.0,3.0,8.0,9.0,4.0,A religious person,8.0,Male,1995.0,24.0,Single,Full time
CAN,124070669,1.0,1.0,2.0,1.0,10.0,9.0,9.0,An atheist,10.0,Female,1999.0,21.0,Single,Part time
CAN,124070670,2.0,2.0,2.0,3.0,6.0,6.0,1.0,A religious person,5.0,Male,1982.0,38.0,Married,Full time
CAN,124070671,1.0,1.0,1.0,1.0,8.0,8.0,7.0,Not a religious person,3.0,Male,1960.0,60.0,Living together as married,Retired/pensioned
CAN,124070672,3.0,2.0,3.0,3.0,8.0,10.0,10.0,A religious person,6.0,Male,1949.0,71.0,Living together as married,Retired/pensioned
CAN,124070673,2.0,1.0,2.0,3.0,7.0,7.0,8.0,An atheist,2.0,Female,1986.0,34.0,Single,Student
CAN,124070674,1.0,1.0,1.0,1.0,8.0,7.0,7.0,Not a religious person,5.0,Female,1972.0,47.0,Living together as married,Part time
CAN,124070675,1.0,3.0,3.0,2.0,8.0,7.0,7.0,A religious person,8.0,Male,1979.0,41.0,Married,Unemployed
CAN,124070676,1.0,2.0,2.0,1.0,9.0,7.0,6.0,An atheist,4.0,Female,1971.0,49.0,Divorced,Full time
CAN,124070677,2.0,3.0,1.0,2.0,8.0,6.0,4.0,A religious person,3.0,Male,1957.0,63.0,Married,Retired/pensioned
CAN,124070678,1.0,2.0,2.0,2.0,7.0,6.0,8.0,A religious person,5.0,Male,1980.0,40.0,Married,Full time
CAN,124070679,1.0,2.0,2.0,3.0,9.0,9.0,8.0,An atheist,7.0,Female,1959.0,61.0,Living together as married,Retired/pensioned
CAN,124070680,1.0,1.0,2.0,1.0,3.0,4.0,1.0,An atheist,5.0,Female,1997.0,23.0,Living together as married,Full time
CAN,124070681,1.0,1.0,1.0,1.0,9.0,8.0,7.0,A religious person,5.0,Female,1987.0,35.0,Married,Full time
CAN,124070682,2.0,1.0,2.0,2.0,6.0,5.0,6.0,Not a religious person,2.0,Female,1992.0,28.0,Married,Full time
CAN,124070683,1.0,1.0,2.0,1.0,9.0,7.0,7.0,A religious person,8.0,Male,1981.0,39.0,Separated,Full time
CAN,124070685,1.0,1.0,2.0,1.0,6.0,7.0,6.0,An atheist,4.0,Male,1984.0,36.0,Married,Full time
CAN,124070686,1.0,2.0,2.0,3.0,8.0,8.0,8.0,An atheist,7.0,Male,1949.0,71.0,Married,Retired/pensioned
CAN,124070687,2.0,3.0,3.0,4.0,8.0,7.0,8.0,An atheist,8.0,Male,1943.0,77.0,Married,Retired/pensioned
CAN,124070689,1.0,2.0,3.0,2.0,5.0,7.0,4.0,Not a religious person,5.0,Female,1994.0,26.0,Single,Student
CAN,124070690,2.0,2.0,1.0,4.0,9.0,9.0,9.0,A religious person,6.0,Male,1971.0,49.0,Married,Full time
CAN,124070691,1.0,1.0,1.0,2.0,4.0,5.0,5.0,A religious person,7.0,Male,1998.0,22.0,Single,Full time
CAN,124070692,1.0,3.0,1.0,3.0,7.0,9.0,9.0,Not a religious person,5.0,Female,1972.0,48.0,Married,Homemaker not otherwise employed
CAN,124070693,1.0,1.0,2.0,1.0,5.0,5.0,5.0,Not a religious person,5.0,Female,1995.0,25.0,Married,Full time
CAN,124070694,1.0,1.0,2.0,1.0,10.0,10.0,8.0,Not a religious person,3.0,Female,2001.0,19.0,Single,Part time
CAN,124070695,1.0,2.0,2.0,2.0,9.0,9.0,9.0,Not a religious person,8.0,Female,1957.0,63.0,Married,Full time
CAN,124070696,2.0,2.0,3.0,3.0,5.0,5.0,3.0,An atheist,5.0,Male,1958.0,62.0,Married,Retired/pensioned
CAN,124070697,1.0,1.0,1.0,3.0,9.0,9.0,9.0,Not a religious person,5.0,Female,1993.0,27.0,Living together as married,Homemaker not otherwise employed
CAN,124070698,1.0,2.0,2.0,3.0,7.0,7.0,7.0,A religious person,6.0,Female,1985.0,34.0,Married,Full time
CAN,124070699,2.0,2.0,2.0,3.0,9.0,8.0,8.0,Not a religious person,4.0,Female,1972.0,48.0,Married,Homemaker not otherwise employed
CAN,124070700,1.0,2.0,1.0,2.0,8.0,8.0,8.0,Not a religious person,3.0,Male,1972.0,48.0,Married,Full time
CAN,124070701,1.0,1.0,2.0,1.0,4.0,4.0,3.0,A religious person,4.0,Male,1994.0,26.0,Single,Part time
CAN,124070702,2.0,2.0,1.0,2.0,8.0,6.0,6.0,Not a religious person,5.0,Male,1975.0,45.0,Living together as married,Full time
CAN,124070703,1.0,2.0,1.0,1.0,8.0,8.0,6.0,An atheist,5.0,Female,1998.0,22.0,Single,Student
CAN,124070704,1.0,1.0,2.0,3.0,7.0,8.0,6.0,Not a religious person,5.0,Male,1952.0,68.0,Married,Retired/pensioned
CAN,124070705,1.0,1.0,1.0,2.0,6.0,6.0,6.0,An atheist,3.0,Male,1970.0,50.0,Married,Full time
CAN,124070706,1.0,2.0,1.0,2.0,6.0,5.0,4.0,Not a religious person,1.0,Female,1985.0,35.0,Living together as married,Full time
CAN,124070707,2.0,2.0,2.0,2.0,7.0,6.0,3.0,Not a religious person,3.0,Female,1988.0,32.0,Single,Student
CAN,124070708,1.0,1.0,2.0,1.0,8.0,7.0,4.0,Not a religious person,6.0,Male,1967.0,53.0,Living together as married,Full time
CAN,124070709,2.0,3.0,2.0,2.0,9.0,8.0,9.0,An atheist,6.0,Male,1972.0,48.0,Divorced,Full time
CAN,124070710,1.0,1.0,1.0,2.0,7.0,7.0,10.0,A religious person,6.0,Male,1986.0,33.0,Married,Full time
CAN,124070711,1.0,1.0,1.0,2.0,7.0,8.0,7.0,Not a religious person,7.0,Female,1971.0,48.0,Living together as married,Full time
CAN,124070712,2.0,3.0,1.0,2.0,10.0,9.0,1.0,A religious person,5.0,Female,1952.0,68.0,Widowed,Retired/pensioned
CAN,124070713,1.0,2.0,1.0,1.0,7.0,7.0,7.0,Not a religious person,5.0,Male,1961.0,59.0,Married,Full time
CAN,124070714,2.0,1.0,2.0,2.0,8.0,8.0,8.0,Not a religious person,3.0,Male,1990.0,30.0,Living together as married,Full time
CAN,124070715,1.0,1.0,1.0,4.0,8.0,9.0,9.0,An atheist,1.0,Male,1967.0,52.0,Living together as married,Full time
CAN,124070717,1.0,1.0,1.0,1.0,6.0,5.0,3.0,Not a religious person,6.0,Male,1988.0,32.0,Married,Full time
CAN,124070718,2.0,2.0,2.0,2.0,5.0,5.0,5.0,A religious person,5.0,Male,1993.0,27.0,Single,Full time
CAN,124070719,2.0,3.0,1.0,2.0,10.0,7.0,7.0,Not a religious person,3.0,Male,1991.0,29.0,Married,Full time
CAN,124070720,1.0,1.0,1.0,3.0,10.0,7.0,4.0,Not a religious person,8.0,Female,1989.0,30.0,Single,Part time
CAN,124070721,1.0,1.0,1.0,2.0,9.0,8.0,9.0,A religious person,5.0,Female,1974.0,46.0,Married,Full time
CAN,124070722,1.0,1.0,1.0,1.0,10.0,10.0,10.0,Not a religious person,5.0,Male,2002.0,18.0,Single,Student
CAN,124070723,1.0,1.0,1.0,1.0,8.0,7.0,9.0,A religious person,8.0,Male,1987.0,33.0,Married,Full time
CAN,124070724,1.0,1.0,2.0,2.0,8.0,8.0,7.0,An atheist,3.0,Male,1951.0,69.0,Married,Retired/pensioned
CAN,124070725,1.0,1.0,1.0,1.0,8.0,9.0,9.0,Not a religious person,5.0,Female,1960.0,60.0,Married,Full time
CAN,124070726,1.0,1.0,1.0,1.0,7.0,7.0,7.0,An atheist,3.0,Female,1986.0,34.0,Living together as married,Full time
CAN,124070727,2.0,1.0,2.0,1.0,7.0,8.0,7.0,An atheist,7.0,Female,1977.0,42.0,Married,Full time
CAN,124070728,1.0,1.0,1.0,2.0,7.0,8.0,7.0,Not a religious person,4.0,Female,1988.0,32.0,Married,Full time
CAN,124070729,1.0,2.0,2.0,3.0,7.0,6.0,7.0,A religious person,6.0,Female,1993.0,27.0,Married,Homemaker not otherwise employed
CAN,124070730,2.0,2.0,2.0,2.0,8.0,7.0,8.0,An atheist,6.0,Female,1982.0,38.0,Single,Full time
CAN,124070731,2.0,1.0,1.0,2.0,5.0,5.0,4.0,Not a religious person,5.0,Female,1954.0,66.0,Single,Other
CAN,124070733,1.0,2.0,2.0,4.0,9.0,8.0,8.0,A religious person,3.0,Female,1944.0,76.0,Divorced,Retired/pensioned
CAN,124070734,1.0,2.0,1.0,2.0,9.0,8.0,8.0,An atheist,4.0,Male,1987.0,32.0,Married,Full time
CAN,124070735,1.0,1.0,1.0,2.0,10.0,8.0,8.0,A religious person,5.0,Male,1943.0,77.0,Married,Retired/pensioned
CAN,124070736,1.0,1.0,1.0,2.0,5.0,5.0,5.0,Not a religious person,5.0,Male,1987.0,33.0,Married,Full time
CAN,124070737,1.0,2.0,1.0,1.0,8.0,8.0,5.0,Not a religious person,9.0,Female,1986.0,34.0,Married,Full time
CAN,124070738,1.0,1.0,2.0,4.0,8.0,8.0,9.0,Not a religious person,4.0,Female,1949.0,71.0,Married,Retired/pensioned
CAN,124070739,1.0,1.0,1.0,2.0,10.0,9.0,8.0,An atheist,5.0,Female,2001.0,19.0,Single,Student
CAN,124070740,1.0,2.0,3.0,3.0,6.0,5.0,4.0,Not a religious person,7.0,Male,1966.0,54.0,Single,Unemployed
CAN,124070741,1.0,1.0,1.0,2.0,9.0,9.0,8.0,Not a religious person,6.0,Male,1976.0,44.0,Married,Full time
CAN,124070742,1.0,2.0,2.0,1.0,7.0,8.0,8.0,A religious person,9.0,Female,1952.0,68.0,Widowed,Part time
CAN,124070743,2.0,2.0,1.0,3.0,9.0,9.0,8.0,A religious person,5.0,Male,1970.0,49.0,Single,Full time
CAN,124070744,1.0,1.0,2.0,2.0,8.0,8.0,5.0,Not a religious person,2.0,Male,1997.0,22.0,Single,Student
CAN,124070745,2.0,2.0,2.0,3.0,8.0,9.0,6.0,An atheist,3.0,Female,1992.0,28.0,Living together as married,Full time
CAN,124070748,1.0,1.0,1.0,2.0,5.0,2.0,1.0,An atheist,5.0,Male,1988.0,31.0,Single,Unemployed
CAN,124070749,1.0,2.0,1.0,2.0,5.0,3.0,2.0,Not a religious person,3.0,Male,1986.0,33.0,Single,Full time
CAN,124070750,1.0,2.0,1.0,3.0,7.0,10.0,8.0,An atheist,2.0,Male,1956.0,64.0,Married,Part time
CAN,124070751,1.0,1.0,1.0,2.0,8.0,8.0,8.0,Not a religious person,6.0,Female,1964.0,56.0,Married,Part time
CAN,124070752,1.0,1.0,1.0,3.0,9.0,8.0,7.0,Not a religious person,1.0,Male,1975.0,44.0,Divorced,Part time
CAN,124070753,1.0,2.0,2.0,2.0,8.0,7.0,6.0,Not a religious person,4.0,Male,1989.0,31.0,Living together as married,Full time
CAN,124070754,1.0,1.0,1.0,3.0,5.0,5.0,5.0,An atheist,5.0,Male,1982.0,38.0,Married,Full time
CAN,124070755,1.0,2.0,2.0,2.0,5.0,6.0,4.0,A religious person,5.0,Female,1973.0,47.0,Single,Full time
CAN,124070756,1.0,1.0,1.0,1.0,6.0,5.0,5.0,A religious person,6.0,Male,1990.0,30.0,Married,Full time
CAN,124070757,1.0,3.0,1.0,3.0,6.0,3.0,1.0,Not a religious person,2.0,Female,1968.0,51.0,Single,Other
CAN,124070758,1.0,1.0,1.0,4.0,10.0,10.0,10.0,Not a religious person,10.0,Female,1961.0,58.0,Married,Retired/pensioned
CAN,124070759,1.0,1.0,1.0,1.0,10.0,9.0,9.0,A religious person,2.0,Female,1945.0,75.0,Widowed,Retired/pensioned
CAN,124070760,1.0,1.0,1.0,2.0,8.0,8.0,8.0,An atheist,4.0,Male,1993.0,27.0,Single,Full time
CAN,124070761,1.0,1.0,1.0,1.0,8.0,7.0,7.0,An atheist,5.0,Female,1969.0,51.0,Living together as married,Full time
CAN,124070762,3.0,2.0,1.0,2.0,7.0,6.0,9.0,A religious person,2.0,Male,1960.0,59.0,Widowed,Retired/pensioned
CAN,124070763,2.0,2.0,2.0,2.0,5.0,7.0,7.0,Not a religious person,3.0,Female,1997.0,23.0,Single,Full time
CAN,124070764,1.0,2.0,2.0,1.0,8.0,8.0,5.0,A religious person,6.0,Male,1949.0,71.0,Married,Part time
CAN,124070765,1.0,2.0,2.0,3.0,8.0,8.0,7.0,Not a religious person,7.0,Male,1988.0,32.0,Married,Full time
CAN,124070766,1.0,1.0,2.0,2.0,7.0,8.0,10.0,A religious person,5.0,Male,1952.0,67.0,Married,Retired/pensioned
CAN,124070767,1.0,1.0,1.0,1.0,10.0,9.0,9.0,A religious person,5.0,Male,1980.0,40.0,Married,Full time
CAN,124070768,1.0,1.0,1.0,1.0,8.0,8.0,6.0,A religious person,8.0,Female,1965.0,55.0,Married,Homemaker not otherwise employed
CAN,124070771,1.0,2.0,1.0,4.0,10.0,10.0,8.0,A religious person,5.0,Male,1943.0,77.0,Married,Retired/pensioned
CAN,124070772,1.0,1.0,1.0,1.0,9.0,8.0,9.0,A religious person,8.0,Male,1993.0,27.0,Married,Full time
CAN,124070774,2.0,2.0,2.0,2.0,8.0,10.0,10.0,Not a religious person,2.0,Male,1948.0,72.0,Married,Retired/pensioned
CAN,124070775,1.0,2.0,2.0,1.0,6.0,8.0,7.0,A religious person,5.0,Male,1965.0,55.0,Living together as married,Retired/pensioned
CAN,124070776,1.0,1.0,2.0,2.0,10.0,9.0,8.0,A religious person,9.0,Male,1992.0,27.0,Married,Full time
CAN,124070777,1.0,1.0,2.0,2.0,7.0,8.0,6.0,Not a religious person,5.0,Female,1965.0,54.0,Living together as married,Retired/pensioned
CAN,124070778,2.0,2.0,1.0,2.0,6.0,7.0,8.0,Not a religious person,6.0,Male,1985.0,35.0,Living together as married,Full time
CAN,124070779,1.0,1.0,1.0,1.0,10.0,9.0,7.0,A religious person,8.0,Male,1965.0,55.0,Single,Unemployed
CAN,124070780,1.0,1.0,1.0,2.0,10.0,8.0,8.0,A religious person,5.0,Female,1978.0,42.0,Single,Self employed
CAN,124070781,2.0,2.0,2.0,2.0,5.0,5.0,5.0,Not a religious person,5.0,Female,1999.0,21.0,Single,Student
CAN,124070783,1.0,2.0,1.0,1.0,8.0,9.0,9.0,Not a religious person,4.0,Female,1965.0,55.0,Married,Self employed
CAN,124070784,1.0,1.0,2.0,1.0,8.0,8.0,5.0,Not a religious person,9.0,Female,1971.0,49.0,Living together as married,Self employed
CAN,124070787,2.0,1.0,1.0,3.0,7.0,8.0,5.0,Not a religious person,5.0,Male,1963.0,57.0,Single,Full time
CAN,124070788,1.0,3.0,2.0,1.0,7.0,7.0,6.0,A religious person,5.0,Female,1981.0,39.0,Married,Homemaker not otherwise employed
CAN,124070789,1.0,2.0,2.0,1.0,8.0,9.0,9.0,Not a religious person,5.0,Female,1975.0,44.0,Living together as married,Part time
CAN,124070790,1.0,3.0,2.0,2.0,8.0,8.0,6.0,A religious person,3.0,Male,1982.0,36.0,Married,Self employed
CAN,124070792,1.0,2.0,2.0,2.0,7.0,7.0,8.0,Not a religious person,4.0,Female,1948.0,71.0,Married,Retired/pensioned
CAN,124070793,1.0,1.0,1.0,1.0,8.0,7.0,9.0,An atheist,4.0,Female,1993.0,27.0,Living together as married,Full time
CAN,124070794,1.0,1.0,1.0,2.0,7.0,7.0,6.0,An atheist,4.0,Male,1973.0,47.0,Living together as married,Full time
CAN,124070795,1.0,2.0,2.0,1.0,10.0,10.0,9.0,An atheist,5.0,Male,1951.0,68.0,Married,Retired/pensioned
CAN,124070796,2.0,2.0,2.0,1.0,6.0,7.0,4.0,An atheist,5.0,Female,2000.0,20.0,Single,Student
CAN,124070797,1.0,1.0,1.0,1.0,7.0,7.0,4.0,Not a religious person,5.0,Male,1986.0,34.0,Married,Full time
CAN,124070798,1.0,1.0,2.0,2.0,8.0,8.0,5.0,Not a religious person,5.0,Female,1954.0,66.0,Divorced,Full time
CAN,124070800,1.0,2.0,3.0,2.0,8.0,8.0,7.0,A religious person,8.0,Male,1967.0,53.0,Married,Unemployed
CAN,124070801,1.0,3.0,2.0,1.0,3.0,3.0,2.0,Not a religious person,3.0,Female,2000.0,20.0,Single,Student
CAN,124070802,2.0,2.0,3.0,3.0,8.0,6.0,6.0,Not a religious person,5.0,Female,1989.0,30.0,Married,Homemaker not otherwise employed
CAN,124070803,1.0,3.0,2.0,1.0,3.0,2.0,5.0,A religious person,5.0,Female,1970.0,50.0,Married,Unemployed
CAN,124070804,1.0,2.0,1.0,2.0,10.0,5.0,5.0,A religious person,5.0,Male,1955.0,65.0,Married,Full time
CAN,124070805,1.0,2.0,2.0,2.0,8.0,4.0,2.0,Not a religious person,2.0,Female,1971.0,48.0,Single,Full time
CAN,124070806,1.0,1.0,2.0,2.0,10.0,6.0,7.0,Not a religious person,2.0,Female,1988.0,32.0,Single,Full time
CAN,124070807,1.0,1.0,2.0,2.0,7.0,8.0,9.0,A religious person,6.0,Female,1950.0,70.0,Widowed,Retired/pensioned
CAN,124070808,1.0,2.0,1.0,3.0,8.0,8.0,7.0,Not a religious person,3.0,Male,1982.0,37.0,Divorced,Retired/pensioned
CAN,124070809,1.0,2.0,1.0,2.0,6.0,8.0,9.0,Not a religious person,6.0,Female,1995.0,24.0,Living together as married,Full time
CAN,124070811,1.0,3.0,1.0,2.0,8.0,7.0,8.0,An atheist,10.0,Male,1967.0,53.0,Married,Full time
CAN,124070813,2.0,2.0,2.0,3.0,8.0,8.0,9.0,A religious person,5.0,Male,1951.0,69.0,Single,Retired/pensioned
CAN,124070814,2.0,2.0,2.0,2.0,5.0,7.0,8.0,An atheist,4.0,Female,1992.0,28.0,Living together as married,Full time
CAN,124070816,2.0,2.0,1.0,1.0,7.0,6.0,5.0,An atheist,6.0,Female,1996.0,24.0,Single,Part time
CAN,124070817,1.0,1.0,1.0,4.0,8.0,9.0,7.0,An atheist,3.0,Female,1942.0,78.0,Divorced,Retired/pensioned
CAN,124070818,1.0,1.0,2.0,1.0,7.0,9.0,9.0,A religious person,6.0,Female,1998.0,21.0,Living together as married,Student
CAN,124070820,2.0,3.0,1.0,3.0,7.0,7.0,5.0,Not a religious person,5.0,Male,1990.0,30.0,Living together as married,Full time
CAN,124070821,1.0,2.0,1.0,2.0,9.0,7.0,7.0,Not a religious person,5.0,Female,1980.0,40.0,Living together as married,Self employed
CAN,124070822,1.0,2.0,1.0,2.0,9.0,8.0,10.0,An atheist,4.0,Female,1965.0,55.0,Married,Full time
CAN,124070824,1.0,1.0,1.0,4.0,5.0,5.0,8.0,A religious person,5.0,Male,1957.0,63.0,Widowed,Retired/pensioned
CAN,124070826,1.0,1.0,2.0,2.0,8.0,8.0,8.0,Not a religious person,8.0,Female,1958.0,62.0,Married,Retired/pensioned
CAN,124070827,1.0,1.0,1.0,4.0,10.0,10.0,10.0,An atheist,1.0,Male,1951.0,69.0,Married,Retired/pensioned
CAN,124070828,1.0,1.0,1.0,1.0,10.0,10.0,9.0,A religious person,8.0,Male,1949.0,71.0,Married,Retired/pensioned
CAN,124070830,2.0,2.0,1.0,4.0,7.0,7.0,7.0,Not a religious person,5.0,Male,1947.0,73.0,Married,Retired/pensioned
CAN,124070831,1.0,1.0,2.0,1.0,10.0,10.0,10.0,A religious person,9.0,Male,1934.0,86.0,Widowed,Retired/pensioned
CAN,124070833,1.0,3.0,1.0,2.0,8.0,9.0,6.0,A religious person,8.0,Male,1963.0,57.0,Divorced,Part time
CAN,124070835,1.0,1.0,2.0,2.0,8.0,9.0,8.0,Not a religious person,3.0,Female,1968.0,52.0,Living together as married,Full time
CAN,124070836,1.0,2.0,1.0,2.0,10.0,9.0,10.0,An atheist,3.0,Female,1981.0,39.0,Living together as married,Part time
CAN,124070837,3.0,1.0,1.0,2.0,7.0,4.0,6.0,Not a religious person,2.0,Female,1988.0,32.0,Single,Full time
CAN,124070838,1.0,2.0,2.0,1.0,5.0,5.0,2.0,Not a religious person,5.0,Male,1968.0,52.0,Single,Homemaker not otherwise employed
CAN,124070839,1.0,1.0,1.0,3.0,8.0,8.0,7.0,Not a religious person,2.0,Female,1965.0,55.0,Single,Unemployed
CAN,124070840,3.0,3.0,1.0,2.0,9.0,4.0,2.0,Not a religious person,5.0,Female,1965.0,55.0,Living together as married,Unemployed
CAN,124070841,1.0,1.0,1.0,1.0,9.0,9.0,8.0,A religious person,3.0,Female,1986.0,34.0,Married,Full time
CAN,124070842,2.0,1.0,2.0,1.0,8.0,7.0,7.0,Not a religious person,1.0,Female,1988.0,31.0,Single,Self employed
CAN,124070843,1.0,1.0,2.0,1.0,8.0,7.0,8.0,An atheist,2.0,Female,1986.0,34.0,Living together as married,Full time
CAN,124070844,1.0,2.0,2.0,2.0,8.0,7.0,3.0,Not a religious person,4.0,Female,1985.0,35.0,Living together as married,Full time
CAN,124070845,1.0,1.0,1.0,3.0,10.0,10.0,10.0,Not a religious person,5.0,Female,1990.0,30.0,Living together as married,Homemaker not otherwise employed
CAN,124070848,1.0,1.0,2.0,2.0,5.0,7.0,3.0,A religious person,5.0,Female,1998.0,22.0,Living together as married,Part time
CAN,124070850,1.0,2.0,1.0,2.0,8.0,8.0,7.0,Not a religious person,5.0,Female,1992.0,28.0,Living together as married,Full time
CAN,124070851,1.0,2.0,2.0,2.0,8.0,8.0,8.0,Not a religious person,8.0,Female,1981.0,39.0,Married,Homemaker not otherwise employed
CAN,124070852,2.0,2.0,2.0,4.0,8.0,8.0,8.0,Not a religious person,4.0,Male,1950.0,70.0,Married,Retired/pensioned
CAN,124070853,1.0,1.0,2.0,2.0,9.0,9.0,9.0,A religious person,6.0,Male,1949.0,70.0,Married,Retired/pensioned
CAN,124070854,1.0,2.0,2.0,1.0,8.0,10.0,8.0,An atheist,6.0,Male,1964.0,56.0,Married,Retired/pensioned
CAN,124070855,1.0,2.0,1.0,3.0,6.0,8.0,9.0,Not a religious person,5.0,Female,1993.0,26.0,Living together as married,Full time
CAN,124070856,2.0,2.0,1.0,2.0,8.0,7.0,6.0,Not a religious person,5.0,Female,2000.0,20.0,Single,Part time
CAN,124070857,1.0,1.0,2.0,2.0,8.0,8.0,9.0,An atheist,5.0,Female,1979.0,40.0,Divorced,Full time
CAN,124070860,1.0,1.0,2.0,1.0,3.0,2.0,1.0,Not a religious person,5.0,Female,1995.0,25.0,Living together as married,Other
CAN,124070861,2.0,2.0,2.0,2.0,4.0,5.0,5.0,Not a religious person,6.0,Female,1994.0,26.0,Single,Full time
CAN,124070862,1.0,2.0,1.0,2.0,1.0,5.0,1.0,Not a religious person,3.0,Male,1974.0,46.0,Married,Full time
CAN,124070863,1.0,1.0,1.0,3.0,9.0,7.0,6.0,A religious person,3.0,Female,1977.0,43.0,Living together as married,Full time
CAN,124070864,1.0,1.0,2.0,2.0,7.0,7.0,7.0,An atheist,5.0,Female,1963.0,57.0,Living together as married,Part time
CAN,124070865,1.0,2.0,2.0,2.0,8.0,8.0,8.0,An atheist,5.0,Male,1971.0,49.0,Living together as married,Full time
CAN,124070866,1.0,1.0,2.0,1.0,9.0,9.0,8.0,Not a religious person,6.0,Male,1948.0,68.0,Single,Retired/pensioned
CAN,124070867,1.0,1.0,1.0,4.0,10.0,9.0,10.0,An atheist,5.0,Female,1979.0,41.0,Married,Homemaker not otherwise employed
CAN,124070868,1.0,1.0,1.0,1.0,7.0,6.0,6.0,Not a religious person,7.0,Female,1994.0,26.0,Single,Full time
CAN,124070869,2.0,1.0,1.0,3.0,6.0,6.0,7.0,An atheist,2.0,Female,1989.0,31.0,Living together as married,Part time
CAN,124070870,1.0,1.0,1.0,2.0,9.0,8.0,8.0,Not a religious person,4.0,Female,1996.0,24.0,Single,Student
CAN,124070871,2.0,1.0,3.0,2.0,8.0,8.0,8.0,A religious person,8.0,Female,1967.0,53.0,Married,Homemaker not otherwise employed
CAN,124070873,1.0,1.0,1.0,1.0,6.0,6.0,6.0,A religious person,6.0,Male,1976.0,44.0,Separated,Full time
CAN,124070874,1.0,2.0,2.0,2.0,5.0,6.0,6.0,A religious person,6.0,Male,1959.0,60.0,Married,Retired/pensioned
CAN,124070876,1.0,2.0,1.0,1.0,8.0,9.0,8.0,A religious person,7.0,Male,1952.0,68.0,Married,Retired/pensioned
CAN,124070877,1.0,1.0,2.0,2.0,6.0,6.0,3.0,An atheist,3.0,Male,1963.0,57.0,Married,Unemployed
CAN,124070879,1.0,1.0,1.0,3.0,9.0,6.0,7.0,Not a religious person,3.0,Male,1987.0,32.0,Single,Self employed
CAN,124070880,1.0,1.0,2.0,1.0,7.0,6.0,6.0,Not a religious person,5.0,Female,1991.0,29.0,Separated,Full time
CAN,124070881,1.0,1.0,2.0,1.0,9.0,8.0,8.0,A religious person,5.0,Female,1947.0,72.0,Married,Retired/pensioned
CAN,124070883,1.0,2.0,2.0,2.0,6.0,7.0,7.0,A religious person,5.0,Female,1957.0,63.0,Married,Retired/pensioned
CAN,124070884,2.0,3.0,1.0,2.0,5.0,6.0,5.0,A religious person,5.0,Male,1999.0,20.0,Living together as married,Full time
CAN,124070885,1.0,2.0,1.0,1.0,9.0,9.0,9.0,A religious person,8.0,Female,1992.0,27.0,Living together as married,Part time
CAN,124070886,3.0,2.0,1.0,2.0,7.0,7.0,7.0,An atheist,7.0,Male,1952.0,68.0,Married,Retired/pensioned
CAN,124070887,1.0,1.0,1.0,1.0,9.0,9.0,8.0,Not a religious person,6.0,Male,1988.0,32.0,Married,Full time
CAN,124070890,1.0,1.0,2.0,1.0,7.0,7.0,5.0,A religious person,5.0,Female,1969.0,51.0,Single,Full time
CAN,124070891,1.0,2.0,2.0,2.0,7.0,6.0,8.0,Not a religious person,4.0,Male,1960.0,60.0,Married,Full time
CAN,124070892,1.0,2.0,1.0,3.0,6.0,9.0,7.0,A religious person,6.0,Female,1962.0,58.0,Living together as married,Retired/pensioned
CAN,124070893,1.0,2.0,1.0,3.0,6.0,9.0,9.0,Not a religious person,5.0,Female,1973.0,46.0,Married,Homemaker not otherwise employed
CAN,124070895,1.0,1.0,2.0,2.0,6.0,7.0,5.0,A religious person,5.0,Female,1971.0,48.0,Married,Full time
CAN,124070896,1.0,1.0,2.0,2.0,8.0,9.0,7.0,Not a religious person,7.0,Female,1997.0,23.0,Single,Student
CAN,124070897,3.0,3.0,3.0,3.0,9.0,8.0,8.0,Not a religious person,4.0,Male,1958.0,62.0,Married,Part time
CAN,124070898,1.0,2.0,1.0,2.0,8.0,9.0,9.0,A religious person,9.0,Female,1974.0,46.0,Married,Full time
CAN,124070899,1.0,1.0,2.0,1.0,6.0,6.0,8.0,A religious person,5.0,Female,1976.0,43.0,Married,Unemployed
CAN,124070900,1.0,1.0,1.0,1.0,8.0,9.0,9.0,A religious person,9.0,Female,1989.0,31.0,Married,Full time
CAN,124070901,1.0,1.0,1.0,2.0,3.0,6.0,3.0,Not a religious person,8.0,Female,1971.0,49.0,Married,Homemaker not otherwise employed
CAN,124070902,1.0,2.0,1.0,4.0,10.0,7.0,8.0,A religious person,5.0,Female,1955.0,65.0,Married,Retired/pensioned
CAN,124070903,1.0,2.0,2.0,2.0,9.0,4.0,3.0,A religious person,3.0,Female,1983.0,37.0,Married,Homemaker not otherwise employed
CAN,124070904,1.0,2.0,2.0,2.0,8.0,8.0,10.0,An atheist,1.0,Female,1968.0,52.0,Married,Part time
CAN,124070906,1.0,2.0,1.0,1.0,10.0,9.0,9.0,A religious person,1.0,Female,1947.0,73.0,Single,Retired/pensioned
CAN,124070908,1.0,2.0,2.0,3.0,6.0,8.0,6.0,A religious person,5.0,Male,1954.0,66.0,Married,Retired/pensioned
CAN,124070909,1.0,1.0,2.0,1.0,8.0,6.0,9.0,Not a religious person,7.0,Female,1958.0,61.0,Separated,Retired/pensioned
CAN,124070910,1.0,1.0,1.0,2.0,6.0,4.0,7.0,Not a religious person,4.0,Female,1957.0,63.0,Single,Full time
CAN,124070911,1.0,1.0,1.0,2.0,6.0,6.0,4.0,A religious person,5.0,Female,1979.0,41.0,Married,Part time
CAN,124070912,2.0,2.0,1.0,4.0,8.0,4.0,5.0,Not a religious person,5.0,Female,1971.0,49.0,Married,Homemaker not otherwise employed
CAN,124070913,1.0,1.0,1.0,2.0,6.0,8.0,8.0,Not a religious person,1.0,Female,1998.0,21.0,Living together as married,Student
CAN,124070914,1.0,1.0,1.0,2.0,9.0,7.0,5.0,An atheist,5.0,Female,1990.0,30.0,Single,Full time
CAN,124070916,1.0,2.0,1.0,1.0,8.0,8.0,5.0,Not a religious person,3.0,Female,1971.0,49.0,Divorced,Full time
CAN,124070918,1.0,1.0,1.0,2.0,8.0,9.0,8.0,Not a religious person,5.0,Female,1981.0,38.0,Single,Full time
CAN,124070919,1.0,1.0,2.0,1.0,9.0,9.0,6.0,A religious person,4.0,Female,1994.0,26.0,Living together as married,Full time
CAN,124070920,3.0,3.0,2.0,4.0,6.0,5.0,8.0,Not a religious person,5.0,Male,1955.0,65.0,Living together as married,Retired/pensioned
CAN,124070921,2.0,2.0,2.0,4.0,4.0,4.0,5.0,A religious person,5.0,Female,1971.0,49.0,Married,Other
CAN,124070922,1.0,2.0,1.0,3.0,7.0,8.0,6.0,Not a religious person,8.0,Male,1961.0,59.0,Married,Full time
CAN,124070923,1.0,2.0,1.0,2.0,5.0,7.0,5.0,An atheist,7.0,Female,1971.0,48.0,Living together as married,Part time
CAN,124070924,1.0,1.0,1.0,1.0,10.0,5.0,4.0,A religious person,5.0,Male,1985.0,35.0,Married,Part time
CAN,124070925,1.0,2.0,2.0,1.0,8.0,9.0,10.0,A religious person,6.0,Female,2000.0,20.0,Living together as married,Student
CAN,124070926,1.0,2.0,1.0,2.0,10.0,6.0,5.0,A religious person,10.0,Female,1968.0,52.0,Married,Homemaker not otherwise employed
CAN,124070927,1.0,1.0,1.0,2.0,5.0,6.0,8.0,A religious person,5.0,Female,1981.0,39.0,Living together as married,Full time
CAN,124070928,1.0,1.0,1.0,4.0,5.0,4.0,8.0,A religious person,8.0,Male,1960.0,59.0,Married,Retired/pensioned
CAN,124070929,1.0,1.0,1.0,4.0,8.0,8.0,6.0,Not a religious person,5.0,Female,1966.0,54.0,Married,Other
CAN,124070930,2.0,1.0,2.0,1.0,8.0,9.0,7.0,Not a religious person,3.0,Male,1936.0,84.0,Married,Retired/pensioned
CAN,124070931,1.0,1.0,1.0,1.0,7.0,8.0,8.0,A religious person,5.0,Female,1942.0,78.0,Widowed,Retired/pensioned
CAN,124070932,1.0,2.0,2.0,2.0,10.0,9.0,8.0,An atheist,8.0,Male,1947.0,73.0,Married,Retired/pensioned
CAN,124070933,1.0,1.0,1.0,1.0,8.0,7.0,5.0,Not a religious person,8.0,Male,1988.0,32.0,Married,Full time
CAN,124070934,1.0,2.0,1.0,2.0,8.0,4.0,8.0,A religious person,8.0,Male,1995.0,25.0,Single,Full time
CAN,124070935,1.0,2.0,2.0,1.0,8.0,8.0,7.0,Not a religious person,5.0,Female,1960.0,59.0,Separated,Full time
CAN,124070936,1.0,2.0,2.0,1.0,5.0,7.0,6.0,Not a religious person,6.0,Female,1965.0,55.0,Divorced,Full time
CAN,124070937,1.0,1.0,1.0,1.0,7.0,7.0,5.0,Not a religious person,5.0,Female,1993.0,26.0,Single,Full time
CAN,124070938,1.0,2.0,2.0,2.0,9.0,9.0,9.0,A religious person,3.0,Male,1958.0,62.0,Married,Full time
CAN,124070939,1.0,1.0,2.0,1.0,10.0,9.0,8.0,Not a religious person,6.0,Male,1998.0,21.0,Single,Student
CAN,124070940,1.0,1.0,2.0,2.0,10.0,7.0,7.0,A religious person,7.0,Female,1982.0,38.0,Married,Self employed
CAN,124070941,3.0,2.0,2.0,2.0,6.0,7.0,7.0,An atheist,3.0,Female,1969.0,51.0,Living together as married,Full time
CAN,124070943,2.0,1.0,3.0,4.0,5.0,5.0,5.0,A religious person,5.0,Male,1955.0,65.0,Widowed,Retired/pensioned
CAN,124070944,1.0,1.0,1.0,1.0,10.0,8.0,8.0,Not a religious person,5.0,Female,1972.0,48.0,Married,Full time
CAN,124070945,1.0,2.0,3.0,2.0,7.0,6.0,7.0,Not a religious person,5.0,Female,1953.0,67.0,Widowed,Retired/pensioned
CAN,124070946,1.0,1.0,1.0,2.0,10.0,8.0,10.0,Not a religious person,7.0,Male,1951.0,69.0,Married,Retired/pensioned
CAN,124070947,1.0,1.0,1.0,1.0,7.0,8.0,8.0,An atheist,5.0,Male,1981.0,39.0,Single,Unemployed
CAN,124070948,1.0,1.0,2.0,1.0,9.0,8.0,7.0,A religious person,7.0,Male,1986.0,34.0,Married,Full time
CAN,124070951,1.0,1.0,1.0,3.0,8.0,8.0,8.0,Not a religious person,1.0,Female,1996.0,24.0,Single,Student
CAN,124070952,1.0,1.0,2.0,2.0,8.0,8.0,7.0,A religious person,5.0,Male,1967.0,53.0,Married,Full time
CAN,124070953,1.0,3.0,2.0,3.0,7.0,7.0,7.0,Not a religious person,6.0,Female,1984.0,36.0,Married,Student
CAN,124070955,1.0,3.0,2.0,2.0,8.0,7.0,9.0,An atheist,4.0,Male,1980.0,40.0,Single,Full time
CAN,124070957,1.0,2.0,2.0,1.0,8.0,7.0,7.0,Not a religious person,5.0,Female,1984.0,36.0,Living together as married,Full time
CAN,124070958,1.0,2.0,2.0,1.0,6.0,4.0,4.0,An atheist,7.0,Female,1984.0,36.0,Married,Full time
CAN,124070959,1.0,1.0,2.0,1.0,6.0,5.0,4.0,A religious person,5.0,Male,1988.0,32.0,Widowed,Full time
CAN,124070961,1.0,2.0,1.0,2.0,8.0,8.0,7.0,Not a religious person,5.0,Male,1951.0,69.0,Married,Full time
CAN,124070962,2.0,1.0,2.0,2.0,6.0,7.0,6.0,Not a religious person,5.0,Male,1992.0,28.0,Married,Full time
CAN,124070963,2.0,2.0,2.0,2.0,6.0,6.0,7.0,A religious person,7.0,Male,1956.0,64.0,Married,Retired/pensioned
CAN,124070964,2.0,1.0,1.0,1.0,7.0,6.0,7.0,Not a religious person,7.0,Male,1993.0,26.0,Single,Full time
CAN,124070965,1.0,1.0,1.0,1.0,8.0,8.0,8.0,A religious person,5.0,Female,1965.0,55.0,Single,Unemployed
CAN,124070966,1.0,3.0,1.0,1.0,10.0,10.0,7.0,A religious person,5.0,Female,1992.0,27.0,Married,Full time
CAN,124070967,1.0,2.0,1.0,1.0,2.0,3.0,5.0,Not a religious person,5.0,Male,1965.0,55.0,Married,Retired/pensioned
CAN,124070968,1.0,1.0,1.0,1.0,8.0,8.0,5.0,A religious person,5.0,Female,1972.0,48.0,Married,Full time
CAN,124070969,1.0,1.0,1.0,2.0,7.0,9.0,7.0,Not a religious person,2.0,Female,1950.0,70.0,Single,Retired/pensioned
CAN,124070970,1.0,2.0,1.0,1.0,4.0,3.0,5.0,A religious person,4.0,Male,1966.0,54.0,Married,Unemployed
CAN,124070971,1.0,1.0,1.0,4.0,9.0,9.0,9.0,A religious person,2.0,Female,1941.0,79.0,Married,Retired/pensioned
CAN,124070972,1.0,1.0,1.0,2.0,8.0,8.0,7.0,Not a religious person,5.0,Male,1958.0,62.0,Married,Full time
CAN,124070973,2.0,2.0,2.0,2.0,6.0,4.0,5.0,Not a religious person,1.0,Female,1974.0,46.0,Single,Full time
CAN,124070974,1.0,3.0,2.0,4.0,9.0,8.0,6.0,Not a religious person,9.0,Female,1965.0,55.0,Single,Other
CAN,124070975,2.0,3.0,2.0,2.0,6.0,4.0,3.0,Not a religious person,5.0,Female,1995.0,24.0,Single,Full time
CAN,124070976,1.0,2.0,1.0,1.0,8.0,8.0,4.0,An atheist,6.0,Female,1980.0,40.0,Married,Full time
CAN,124070977,1.0,1.0,1.0,2.0,5.0,6.0,5.0,A religious person,1.0,Female,1985.0,35.0,Single,Full time
CAN,124070978,2.0,2.0,1.0,1.0,6.0,7.0,3.0,An atheist,5.0,Female,1957.0,63.0,Married,Full time
CAN,124070979,1.0,1.0,1.0,2.0,10.0,9.0,10.0,Not a religious person,3.0,Male,1973.0,47.0,Married,Full time
CAN,124070980,1.0,1.0,1.0,2.0,7.0,7.0,6.0,Not a religious person,4.0,Male,1967.0,53.0,Married,Full time
CAN,124070981,1.0,1.0,2.0,2.0,7.0,3.0,2.0,Not a religious person,10.0,Female,1957.0,63.0,Divorced,Full time
CAN,124070982,1.0,2.0,1.0,2.0,7.0,8.0,7.0,An atheist,7.0,Male,1972.0,48.0,Married,Full time
CAN,124070983,1.0,3.0,1.0,3.0,8.0,9.0,9.0,A religious person,3.0,Female,1949.0,71.0,Married,Retired/pensioned
CAN,124070984,1.0,1.0,2.0,3.0,8.0,7.0,10.0,An atheist,3.0,Female,2000.0,20.0,Single,Student
CAN,124070985,1.0,2.0,1.0,2.0,5.0,7.0,7.0,A religious person,7.0,Male,1950.0,69.0,Married,Retired/pensioned
CAN,124070986,1.0,1.0,1.0,2.0,6.0,8.0,8.0,An atheist,8.0,Male,1961.0,59.0,Married,Full time
CAN,124070987,3.0,3.0,3.0,4.0,7.0,6.0,2.0,A religious person,5.0,Male,1960.0,59.0,Single,Retired/pensioned
CAN,124070988,1.0,2.0,1.0,2.0,8.0,9.0,10.0,Not a religious person,5.0,Female,1989.0,31.0,Married,Full time
CAN,124070990,1.0,1.0,2.0,2.0,8.0,8.0,8.0,Not a religious person,6.0,Female,1985.0,35.0,Single,Full time
CAN,124070991,1.0,1.0,2.0,1.0,5.0,5.0,5.0,Not a religious person,5.0,Male,1997.0,23.0,Single,Full time
CAN,124070992,4.0,1.0,4.0,1.0,5.0,5.0,6.0,Not a religious person,6.0,Male,1970.0,50.0,Single,Self employed
CAN,124070993,2.0,1.0,1.0,2.0,9.0,9.0,10.0,Not a religious person,5.0,Female,1960.0,59.0,Married,Retired/pensioned
CAN,124070994,1.0,1.0,2.0,4.0,8.0,8.0,10.0,Not a religious person,5.0,Male,1947.0,73.0,Living together as married,Retired/pensioned
CAN,124070995,2.0,2.0,2.0,2.0,8.0,8.0,5.0,A religious person,7.0,Male,1972.0,48.0,Divorced,Full time
CAN,124070996,2.0,1.0,2.0,3.0,7.0,6.0,7.0,Not a religious person,3.0,Male,1985.0,35.0,Living together as married,Self employed
CAN,124070997,1.0,2.0,1.0,1.0,8.0,8.0,8.0,Not a religious person,3.0,Female,1967.0,53.0,Married,Full time
CAN,124070998,1.0,3.0,3.0,1.0,7.0,7.0,6.0,An atheist,4.0,Male,1975.0,45.0,Living together as married,Full time
CAN,124070999,1.0,1.0,1.0,1.0,8.0,9.0,7.0,Not a religious person,5.0,Female,1984.0,36.0,Married,Full time
CAN,124071000,2.0,3.0,2.0,1.0,8.0,6.0,7.0,A religious person,7.0,Male,1990.0,33.0,Single,Full time
CAN,124071001,2.0,1.0,1.0,2.0,9.0,7.0,9.0,A religious person,7.0,Female,1956.0,64.0,Married,Retired/pensioned
CAN,124071003,1.0,1.0,1.0,2.0,8.0,9.0,7.0,An atheist,3.0,Female,1994.0,26.0,Living together as married,Full time
CAN,124071005,1.0,1.0,1.0,1.0,7.0,8.0,7.0,Not a religious person,7.0,Male,1982.0,38.0,Single,Self employed
CAN,124071006,1.0,1.0,1.0,2.0,8.0,9.0,9.0,Not a religious person,1.0,Female,1989.0,31.0,Married,Part time
CAN,124071007,2.0,2.0,2.0,3.0,7.0,7.0,7.0,Not a religious person,5.0,Female,1973.0,47.0,Single,Unemployed
CAN,124071008,1.0,1.0,1.0,1.0,10.0,10.0,10.0,An atheist,5.0,Male,1981.0,38.0,Married,Full time
CAN,124071009,2.0,2.0,2.0,2.0,7.0,7.0,7.0,Not a religious person,7.0,Male,1946.0,74.0,Living together as married,Retired/pensioned
CAN,124071010,2.0,2.0,1.0,3.0,6.0,6.0,4.0,A religious person,6.0,Female,1970.0,49.0,Divorced,Full time
CAN,124071011,1.0,1.0,2.0,2.0,8.0,6.0,8.0,An atheist,8.0,Male,1966.0,54.0,Single,Full time
CAN,124071013,1.0,3.0,2.0,2.0,10.0,8.0,8.0,A religious person,6.0,Female,1960.0,60.0,Married,Self employed
CAN,124071014,1.0,1.0,2.0,3.0,8.0,9.0,8.0,A religious person,6.0,Female,1942.0,77.0,Married,Retired/pensioned
CAN,124071015,2.0,1.0,1.0,3.0,7.0,7.0,3.0,An atheist,2.0,Female,1992.0,28.0,Single,Full time
CAN,124071018,1.0,1.0,2.0,2.0,8.0,7.0,4.0,A religious person,5.0,Female,1955.0,65.0,Married,Homemaker not otherwise employed
CAN,124071019,1.0,1.0,1.0,2.0,5.0,3.0,2.0,An atheist,2.0,Female,1995.0,25.0,Single,Unemployed
CAN,124071020,1.0,1.0,2.0,4.0,8.0,7.0,3.0,An atheist,3.0,Male,1958.0,62.0,Married,Retired/pensioned
CAN,124071021,1.0,1.0,1.0,2.0,9.0,8.0,8.0,A religious person,8.0,Male,1959.0,61.0,Married,Full time
CAN,124071022,2.0,1.0,2.0,2.0,8.0,8.0,7.0,A religious person,7.0,Female,1944.0,76.0,Single,Retired/pensioned
CAN,124071023,1.0,1.0,1.0,2.0,6.0,6.0,3.0,Not a religious person,7.0,Male,1992.0,28.0,Married,Full time
CAN,124071024,1.0,2.0,2.0,2.0,7.0,8.0,8.0,Not a religious person,5.0,Female,1993.0,27.0,Living together as married,Full time
CAN,124071025,1.0,1.0,1.0,2.0,6.0,4.0,3.0,An atheist,6.0,Male,1977.0,43.0,Separated,Full time
CAN,124071026,1.0,2.0,2.0,2.0,9.0,8.0,6.0,A religious person,6.0,Female,1975.0,45.0,Single,Full time
CAN,124071027,1.0,1.0,2.0,1.0,8.0,7.0,5.0,Not a religious person,3.0,Female,1997.0,23.0,Single,Full time
CAN,124071028,1.0,1.0,1.0,4.0,5.0,2.0,2.0,Not a religious person,1.0,Female,1946.0,74.0,Single,Retired/pensioned
CAN,124071030,2.0,2.0,1.0,2.0,10.0,8.0,8.0,An atheist,3.0,Female,1954.0,65.0,Living together as married,Retired/pensioned
CAN,124071031,1.0,2.0,2.0,1.0,8.0,7.0,7.0,An atheist,8.0,Male,1942.0,78.0,Married,Retired/pensioned
CAN,124071032,1.0,2.0,2.0,3.0,9.0,9.0,9.0,A religious person,6.0,Female,1952.0,68.0,Married,Retired/pensioned
CAN,124071033,1.0,2.0,2.0,2.0,7.0,7.0,6.0,A religious person,6.0,Female,1983.0,37.0,Single,Full time
CAN,124071035,1.0,1.0,2.0,2.0,7.0,9.0,8.0,An atheist,3.0,Female,1997.0,23.0,Single,Student
CAN,124071036,1.0,1.0,1.0,4.0,5.0,5.0,1.0,A religious person,1.0,Female,1974.0,46.0,Living together as married,Homemaker not otherwise employed
CAN,124071038,2.0,1.0,1.0,2.0,6.0,8.0,9.0,Not a religious person,3.0,Female,1985.0,35.0,Married,Full time
CAN,124071039,1.0,2.0,1.0,2.0,5.0,4.0,1.0,Not a religious person,7.0,Male,1967.0,53.0,Divorced,Unemployed
CAN,124071040,1.0,2.0,1.0,2.0,10.0,8.0,7.0,A religious person,5.0,Male,1944.0,75.0,Married,Retired/pensioned
CAN,124071041,1.0,2.0,1.0,2.0,10.0,8.0,7.0,An atheist,8.0,Female,1983.0,36.0,Single,Full time
CAN,124071042,1.0,1.0,1.0,1.0,8.0,6.0,3.0,A religious person,9.0,Female,1972.0,48.0,Separated,Full time
CAN,124071043,1.0,1.0,1.0,1.0,9.0,8.0,5.0,A religious person,6.0,Female,1987.0,33.0,Married,Full time
CAN,124071045,1.0,1.0,1.0,1.0,3.0,3.0,4.0,Not a religious person,3.0,Female,1952.0,68.0,Divorced,Retired/pensioned
CAN,124071046,1.0,2.0,2.0,3.0,10.0,8.0,9.0,A religious person,8.0,Male,1980.0,40.0,Married,Homemaker not otherwise employed
CAN,124071047,1.0,3.0,1.0,1.0,4.0,5.0,2.0,Not a religious person,5.0,Male,1994.0,25.0,Single,Student
CAN,124071048,2.0,2.0,2.0,2.0,8.0,8.0,8.0,An atheist,6.0,Female,1976.0,43.0,Living together as married,Full time
CAN,124071049,2.0,1.0,3.0,2.0,6.0,7.0,7.0,A religious person,5.0,Female,1968.0,52.0,Married,Homemaker not otherwise employed
CAN,124071050,1.0,1.0,1.0,1.0,8.0,6.0,4.0,A religious person,8.0,Male,1970.0,50.0,Married,Full time
CAN,124071051,2.0,2.0,2.0,1.0,10.0,8.0,7.0,Not a religious person,6.0,Male,1992.0,28.0,Single,Full time
CAN,124071052,1.0,1.0,2.0,1.0,8.0,8.0,7.0,Not a religious person,8.0,Male,1968.0,52.0,Married,Full time
CAN,124071053,1.0,1.0,1.0,2.0,7.0,7.0,8.0,Not a religious person,6.0,Male,1987.0,33.0,Married,Full time
CAN,124071054,2.0,2.0,1.0,4.0,5.0,8.0,8.0,An atheist,5.0,Male,1960.0,59.0,Married,Retired/pensioned
CAN,124071055,1.0,3.0,2.0,1.0,9.0,7.0,3.0,Not a religious person,10.0,Male,1966.0,53.0,Married,Self employed
CAN,124071056,1.0,2.0,2.0,1.0,8.0,7.0,7.0,A religious person,5.0,Male,1962.0,57.0,Married,Full time
CAN,124071057,2.0,2.0,1.0,2.0,4.0,3.0,3.0,An atheist,3.0,Male,1995.0,25.0,Single,Student
CAN,124071058,2.0,3.0,1.0,2.0,9.0,7.0,8.0,Not a religious person,6.0,Female,1961.0,58.0,Divorced,Full time
CAN,124071059,2.0,1.0,1.0,1.0,8.0,8.0,7.0,Not a religious person,5.0,Male,1962.0,58.0,Married,Full time
CAN,124071061,1.0,2.0,2.0,3.0,7.0,5.0,7.0,A religious person,6.0,Female,1987.0,33.0,Single,Unemployed
CAN,124071062,1.0,1.0,2.0,3.0,8.0,8.0,9.0,Not a religious person,6.0,Male,1949.0,71.0,Married,Retired/pensioned
CAN,124071063,2.0,2.0,2.0,2.0,7.0,7.0,7.0,Not a religious person,7.0,Female,1995.0,24.0,Married,Full time
CAN,124071064,1.0,1.0,1.0,2.0,8.0,7.0,7.0,Not a religious person,5.0,Male,1975.0,44.0,Married,Full time
CAN,124071065,1.0,2.0,2.0,2.0,9.0,7.0,4.0,A religious person,4.0,Female,1971.0,48.0,Divorced,Full time
CAN,124071066,1.0,1.0,1.0,1.0,10.0,9.0,9.0,A religious person,6.0,Female,1993.0,27.0,Married,Full time
CAN,124071067,1.0,1.0,1.0,1.0,8.0,7.0,8.0,A religious person,6.0,Female,1998.0,22.0,Single,Unemployed
CAN,124071068,1.0,1.0,2.0,3.0,9.0,8.0,8.0,A religious person,8.0,Female,1976.0,44.0,Married,Homemaker not otherwise employed
CAN,124071069,1.0,2.0,2.0,2.0,6.0,8.0,8.0,Not a religious person,6.0,Male,1950.0,70.0,Married,Retired/pensioned
CAN,124071070,1.0,1.0,2.0,2.0,7.0,8.0,8.0,Not a religious person,5.0,Male,1955.0,65.0,Living together as married,Retired/pensioned
CAN,124071090,1.0,2.0,1.0,2.0,4.0,6.0,3.0,Not a religious person,6.0,Male,1971.0,49.0,Single,Unemployed
CAN,124071091,1.0,2.0,2.0,3.0,7.0,6.0,4.0,An atheist,6.0,Male,1948.0,71.0,Separated,Retired/pensioned
CAN,124071123,1.0,2.0,1.0,3.0,8.0,7.0,6.0,A religious person,1.0,Male,1957.0,63.0,Married,Full time
CAN,124071124,1.0,1.0,1.0,2.0,7.0,7.0,5.0,Not a religious person,5.0,Male,1950.0,70.0,Married,Retired/pensioned
CAN,124071126,2.0,2.0,1.0,1.0,8.0,7.0,8.0,Not a religious person,2.0,Female,1995.0,25.0,Single,Student
CAN,124071127,1.0,2.0,2.0,1.0,10.0,10.0,10.0,Not a religious person,5.0,Female,1954.0,66.0,Married,Retired/pensioned
CAN,124071156,1.0,1.0,1.0,2.0,9.0,9.0,7.0,Not a religious person,7.0,Male,1987.0,33.0,Married,Part time
CAN,124071157,1.0,3.0,2.0,1.0,7.0,6.0,5.0,A religious person,7.0,Female,1957.0,63.0,Married,Homemaker not otherwise employed
CAN,124071158,2.0,2.0,3.0,1.0,7.0,6.0,9.0,Not a religious person,5.0,Female,1995.0,25.0,Living together as married,Full time
CAN,124071159,1.0,1.0,2.0,1.0,7.0,6.0,5.0,A religious person,7.0,Female,2000.0,19.0,Single,Student
CAN,124071160,1.0,1.0,1.0,1.0,9.0,8.0,8.0,A religious person,1.0,Female,2000.0,19.0,Single,Student
CAN,124071161,1.0,1.0,1.0,1.0,8.0,4.0,2.0,Not a religious person,6.0,Female,1987.0,33.0,Married,Unemployed
CAN,124071162,1.0,1.0,1.0,2.0,6.0,7.0,4.0,Not a religious person,7.0,Female,1998.0,22.0,Living together as married,Full time
CAN,124071163,1.0,2.0,2.0,1.0,6.0,7.0,8.0,An atheist,5.0,Female,2001.0,19.0,Living together as married,Homemaker not otherwise employed
CAN,124071165,1.0,1.0,2.0,1.0,10.0,4.0,1.0,A religious person,9.0,Male,1968.0,52.0,Separated,Full time
CAN,124071166,1.0,1.0,1.0,1.0,9.0,8.0,7.0,Not a religious person,6.0,Male,1998.0,22.0,Living together as married,Full time
CAN,124071167,2.0,1.0,2.0,1.0,6.0,6.0,4.0,Not a religious person,3.0,Female,1994.0,26.0,Single,Full time
CAN,124071168,1.0,1.0,1.0,2.0,7.0,8.0,7.0,Not a religious person,6.0,Female,1990.0,30.0,Married,Homemaker not otherwise employed
CAN,124071169,1.0,2.0,2.0,2.0,5.0,6.0,6.0,A religious person,7.0,Male,1990.0,30.0,Married,Full time
CAN,124071170,2.0,1.0,1.0,1.0,10.0,10.0,10.0,A religious person,9.0,Male,1990.0,30.0,Married,Full time
CAN,124071171,1.0,1.0,2.0,2.0,7.0,7.0,5.0,A religious person,5.0,Female,1982.0,38.0,Married,Full time
CAN,124071172,1.0,1.0,1.0,3.0,9.0,7.0,8.0,Not a religious person,2.0,Female,1992.0,27.0,Single,Full time
CAN,124071173,1.0,1.0,1.0,1.0,6.0,7.0,5.0,Not a religious person,5.0,Male,1988.0,32.0,Married,Full time
CAN,124071174,2.0,2.0,2.0,1.0,8.0,9.0,10.0,A religious person,5.0,Female,1963.0,57.0,Single,Retired/pensioned
CAN,124071176,1.0,1.0,2.0,4.0,8.0,7.0,1.0,An atheist,7.0,Female,1959.0,61.0,Single,Other
CAN,124071177,4.0,3.0,1.0,2.0,6.0,6.0,6.0,Not a religious person,5.0,Female,2001.0,19.0,Single,Student
CAN,124071178,1.0,1.0,1.0,2.0,9.0,7.0,8.0,Not a religious person,7.0,Male,1944.0,75.0,Married,Retired/pensioned
CAN,124071179,1.0,1.0,1.0,1.0,8.0,8.0,7.0,An atheist,5.0,Female,1987.0,33.0,Single,Full time
CAN,124071180,1.0,1.0,1.0,1.0,8.0,9.0,9.0,An atheist,5.0,Female,1973.0,47.0,Living together as married,Full time
CAN,124071181,1.0,4.0,1.0,1.0,1.0,1.0,1.0,An atheist,5.0,Male,1996.0,24.0,Single,Unemployed
CAN,124071182,1.0,1.0,1.0,2.0,7.0,8.0,6.0,An atheist,2.0,Female,1990.0,29.0,Single,Full time
CAN,124071183,1.0,1.0,1.0,2.0,8.0,8.0,7.0,A religious person,5.0,Male,1964.0,56.0,Married,Full time
CAN,124071184,1.0,2.0,1.0,4.0,4.0,4.0,2.0,A religious person,3.0,Female,1967.0,53.0,Living together as married,Other
CAN,124071185,1.0,1.0,2.0,2.0,7.0,8.0,9.0,A religious person,4.0,Female,1963.0,57.0,Single,Full time
CAN,124071186,1.0,2.0,2.0,1.0,1.0,1.0,1.0,An atheist,3.0,Female,1992.0,28.0,Separated,Unemployed
CAN,124071187,1.0,2.0,1.0,2.0,7.0,7.0,7.0,Not a religious person,4.0,Female,1980.0,39.0,Married,Full time
CAN,124071189,1.0,1.0,1.0,3.0,8.0,7.0,5.0,A religious person,5.0,Female,1976.0,43.0,Single,Full time
CAN,124071190,1.0,1.0,1.0,1.0,10.0,7.0,7.0,A religious person,5.0,Female,1993.0,26.0,Living together as married,Student
CAN,124071191,1.0,2.0,1.0,1.0,7.0,7.0,6.0,An atheist,3.0,Male,1993.0,27.0,Married,Full time
CAN,124071192,1.0,1.0,1.0,3.0,7.0,8.0,8.0,An atheist,2.0,Male,1955.0,64.0,Divorced,Full time
CAN,124071193,3.0,1.0,1.0,1.0,8.0,7.0,8.0,A religious person,9.0,Male,1980.0,39.0,Married,Full time
CAN,124071194,1.0,2.0,1.0,1.0,5.0,4.0,2.0,Not a religious person,10.0,Female,1957.0,62.0,Living together as married,Full time
CAN,124071195,2.0,3.0,1.0,1.0,9.0,5.0,1.0,Not a religious person,6.0,Male,1979.0,40.0,Married,Full time
CAN,124071196,1.0,1.0,1.0,1.0,9.0,10.0,10.0,A religious person,9.0,Male,1987.0,33.0,Married,Full time
CAN,124071197,1.0,1.0,2.0,2.0,10.0,8.0,7.0,Not a religious person,4.0,Male,1990.0,29.0,Single,Full time
CAN,124071198,1.0,1.0,2.0,2.0,7.0,6.0,4.0,An atheist,9.0,Female,2001.0,19.0,Single,Student
CAN,124071199,2.0,3.0,1.0,4.0,9.0,8.0,9.0,An atheist,5.0,Male,1958.0,62.0,Widowed,Retired/pensioned
CAN,124071200,1.0,1.0,2.0,3.0,8.0,9.0,9.0,A religious person,5.0,Male,1941.0,79.0,Married,Retired/pensioned
CAN,124071201,2.0,1.0,1.0,2.0,8.0,6.0,1.0,Not a religious person,10.0,Female,2000.0,20.0,Single,Student
CAN,124071202,1.0,1.0,1.0,1.0,7.0,6.0,5.0,Not a religious person,3.0,Female,1995.0,25.0,Single,Full time
CAN,124071203,1.0,1.0,1.0,2.0,9.0,8.0,8.0,Not a religious person,9.0,Female,1988.0,32.0,Living together as married,Full time
CAN,124071204,1.0,3.0,2.0,1.0,7.0,8.0,8.0,A religious person,5.0,Female,1994.0,25.0,Living together as married,Homemaker not otherwise employed
CAN,124071205,1.0,2.0,2.0,3.0,6.0,6.0,8.0,An atheist,1.0,Male,1967.0,53.0,Living together as married,Full time
CAN,124071207,1.0,2.0,2.0,1.0,7.0,10.0,8.0,Not a religious person,8.0,Female,1989.0,31.0,Married,Full time
CAN,124071208,1.0,1.0,1.0,1.0,7.0,8.0,7.0,A religious person,5.0,Female,1986.0,33.0,Single,Self employed
CAN,124071209,1.0,2.0,2.0,2.0,7.0,7.0,7.0,An atheist,3.0,Female,1970.0,50.0,Divorced,Self employed
CAN,124071210,1.0,2.0,1.0,2.0,10.0,9.0,8.0,Not a religious person,1.0,Male,1961.0,59.0,Living together as married,Full time
CAN,124071211,2.0,2.0,2.0,2.0,8.0,8.0,8.0,A religious person,5.0,Female,1980.0,39.0,Divorced,Full time
CAN,124071212,1.0,1.0,1.0,1.0,7.0,8.0,5.0,Not a religious person,9.0,Female,1968.0,51.0,Married,Part time
CAN,124071213,1.0,2.0,2.0,2.0,5.0,7.0,4.0,A religious person,6.0,Female,1951.0,68.0,Widowed,Full time
CAN,124071214,1.0,2.0,3.0,1.0,5.0,6.0,6.0,An atheist,2.0,Female,1994.0,25.0,Living together as married,Full time
CAN,124071215,1.0,2.0,2.0,2.0,7.0,7.0,7.0,A religious person,5.0,Male,1987.0,33.0,Married,Full time
CAN,124071216,1.0,2.0,2.0,1.0,7.0,7.0,3.0,A religious person,6.0,Male,1939.0,80.0,Married,Retired/pensioned
CAN,124071217,1.0,2.0,2.0,4.0,8.0,9.0,7.0,A religious person,5.0,Female,1956.0,64.0,Married,Retired/pensioned
CAN,124071218,1.0,2.0,3.0,3.0,8.0,8.0,8.0,Not a religious person,3.0,Male,1946.0,74.0,Divorced,Retired/pensioned
CAN,124071219,1.0,1.0,1.0,1.0,8.0,7.0,8.0,Not a religious person,4.0,Female,1995.0,25.0,Single,Student
CAN,124071220,1.0,1.0,1.0,4.0,8.0,8.0,7.0,Not a religious person,5.0,Male,1952.0,68.0,Married,Retired/pensioned
CAN,124071221,2.0,1.0,1.0,3.0,9.0,9.0,9.0,Not a religious person,6.0,Female,1961.0,59.0,Single,Retired/pensioned
CAN,124071223,2.0,3.0,2.0,2.0,8.0,8.0,7.0,Not a religious person,3.0,Male,1963.0,57.0,Married,Full time
CAN,124071224,1.0,2.0,2.0,1.0,7.0,8.0,9.0,A religious person,7.0,Male,1945.0,74.0,Married,Retired/pensioned
CAN,124071225,1.0,1.0,1.0,2.0,7.0,8.0,3.0,A religious person,5.0,Female,1974.0,46.0,Divorced,Other
CAN,124071226,1.0,1.0,1.0,2.0,8.0,8.0,7.0,An atheist,7.0,Male,1948.0,72.0,Living together as married,Retired/pensioned
CAN,124071227,1.0,1.0,1.0,1.0,8.0,7.0,9.0,A religious person,10.0,Female,1995.0,25.0,Married,Homemaker not otherwise employed
CAN,124071228,1.0,1.0,1.0,2.0,5.0,3.0,1.0,An atheist,5.0,Male,1977.0,43.0,Divorced,Unemployed
CAN,124071229,3.0,2.0,2.0,1.0,5.0,3.0,4.0,Not a religious person,1.0,Female,1976.0,44.0,Living together as married,Full time
CAN,124071230,1.0,1.0,1.0,1.0,7.0,7.0,5.0,An atheist,1.0,Male,1983.0,37.0,Single,Full time
CAN,124071233,1.0,1.0,2.0,1.0,8.0,8.0,8.0,Not a religious person,5.0,Male,1948.0,72.0,Married,Retired/pensioned
CAN,124071234,2.0,1.0,2.0,4.0,8.0,8.0,8.0,An atheist,2.0,Female,1955.0,65.0,Married,Retired/pensioned
CAN,124071235,1.0,1.0,2.0,2.0,8.0,8.0,3.0,Not a religious person,5.0,Female,1972.0,48.0,Single,Full time
CAN,124071237,1.0,1.0,2.0,3.0,8.0,8.0,9.0,An atheist,3.0,Male,1954.0,66.0,Single,Retired/pensioned
CAN,124071238,2.0,1.0,1.0,2.0,8.0,9.0,7.0,Not a religious person,3.0,Male,1984.0,36.0,Living together as married,Full time
CAN,124071239,1.0,1.0,1.0,1.0,9.0,8.0,6.0,Not a religious person,5.0,Male,1985.0,34.0,Living together as married,Full time
CAN,124071240,1.0,1.0,1.0,2.0,8.0,7.0,7.0,A religious person,5.0,Female,1980.0,40.0,Married,Full time
CAN,124071241,1.0,2.0,1.0,4.0,8.0,8.0,7.0,A religious person,6.0,Female,1962.0,58.0,Married,Retired/pensioned
CAN,124071243,1.0,1.0,1.0,2.0,8.0,6.0,6.0,A religious person,5.0,Female,1999.0,21.0,Single,Student
CAN,124071244,1.0,1.0,1.0,1.0,10.0,10.0,9.0,A religious person,10.0,Male,1993.0,26.0,Married,Full time
CAN,124071245,2.0,2.0,1.0,4.0,7.0,7.0,9.0,An atheist,6.0,Male,1952.0,68.0,Married,Retired/pensioned
CAN,124071248,1.0,2.0,3.0,4.0,7.0,8.0,8.0,A religious person,5.0,Male,1949.0,71.0,Living together as married,Retired/pensioned
CAN,124071250,1.0,1.0,2.0,2.0,8.0,7.0,5.0,An atheist,5.0,Female,1955.0,64.0,Single,Unemployed
CAN,124071251,1.0,1.0,1.0,1.0,8.0,7.0,7.0,A religious person,6.0,Male,1935.0,85.0,Married,Retired/pensioned
CAN,124071252,3.0,2.0,2.0,2.0,9.0,8.0,8.0,Not a religious person,6.0,Male,1959.0,61.0,Married,Retired/pensioned
CAN,124071253,1.0,2.0,2.0,3.0,7.0,7.0,6.0,Not a religious person,5.0,Female,1961.0,59.0,Living together as married,Retired/pensioned
CAN,124071255,2.0,1.0,1.0,1.0,7.0,7.0,7.0,An atheist,2.0,Female,1995.0,25.0,Single,Student
CAN,124071256,1.0,2.0,1.0,2.0,7.0,8.0,4.0,Not a religious person,5.0,Male,1975.0,45.0,Living together as married,Unemployed
CAN,124071257,1.0,1.0,2.0,2.0,7.0,7.0,8.0,A religious person,6.0,Male,1990.0,29.0,Married,Full time
CAN,124071258,2.0,2.0,1.0,1.0,10.0,10.0,10.0,A religious person,10.0,Male,1991.0,28.0,Married,Full time
CAN,124071259,1.0,2.0,2.0,2.0,9.0,7.0,5.0,Not a religious person,6.0,Female,1989.0,31.0,Single,Self employed
CAN,124071260,1.0,2.0,2.0,2.0,10.0,10.0,10.0,A religious person,6.0,Female,1952.0,67.0,Divorced,Retired/pensioned
CAN,124071261,1.0,1.0,1.0,2.0,6.0,7.0,7.0,A religious person,8.0,Male,1959.0,60.0,Married,Retired/pensioned
CAN,124071263,1.0,1.0,1.0,2.0,9.0,10.0,9.0,Not a religious person,9.0,Female,1988.0,32.0,Married,Part time
CAN,124071265,1.0,1.0,2.0,1.0,8.0,8.0,6.0,A religious person,9.0,Female,1989.0,31.0,Married,Full time
CAN,124071266,1.0,1.0,1.0,4.0,7.0,7.0,8.0,Not a religious person,7.0,Female,1954.0,66.0,Widowed,Retired/pensioned
CAN,124071268,1.0,1.0,2.0,2.0,6.0,5.0,9.0,A religious person,3.0,Female,1938.0,82.0,Married,Retired/pensioned
CAN,124071269,1.0,2.0,1.0,1.0,3.0,3.0,1.0,An atheist,6.0,Female,1983.0,37.0,Married,Unemployed
CAN,124071270,1.0,3.0,1.0,2.0,9.0,8.0,8.0,A religious person,8.0,Female,1960.0,59.0,Living together as married,Unemployed
CAN,124071271,1.0,2.0,2.0,2.0,10.0,10.0,10.0,A religious person,3.0,Male,1999.0,21.0,Single,Student
CAN,124071272,1.0,2.0,1.0,4.0,8.0,9.0,10.0,An atheist,4.0,Male,1950.0,70.0,Married,Retired/pensioned
CAN,124071275,1.0,1.0,1.0,3.0,6.0,6.0,8.0,Not a religious person,5.0,Female,2000.0,20.0,Single,Student
CAN,124071276,1.0,2.0,1.0,1.0,6.0,6.0,4.0,An atheist,4.0,Female,1975.0,45.0,Living together as married,Unemployed
CAN,124071279,3.0,2.0,2.0,2.0,7.0,6.0,5.0,Not a religious person,4.0,Male,1969.0,51.0,Divorced,Full time
CAN,124071280,1.0,1.0,2.0,1.0,9.0,9.0,9.0,An atheist,6.0,Female,1957.0,63.0,Married,Part time
CAN,124071281,1.0,1.0,2.0,2.0,9.0,9.0,8.0,A religious person,4.0,Female,1949.0,71.0,Married,Full time
CAN,124071282,1.0,2.0,3.0,2.0,7.0,7.0,7.0,A religious person,5.0,Male,1951.0,69.0,Married,Retired/pensioned
CAN,124071283,1.0,2.0,1.0,2.0,8.0,8.0,8.0,An atheist,9.0,Male,1981.0,39.0,Living together as married,Full time
CAN,124071284,1.0,2.0,3.0,1.0,3.0,7.0,3.0,An atheist,7.0,Male,1944.0,76.0,Married,Retired/pensioned
CAN,124071288,1.0,2.0,2.0,2.0,10.0,8.0,9.0,An atheist,7.0,Male,1957.0,63.0,Living together as married,Retired/pensioned
CAN,124071289,1.0,2.0,1.0,1.0,8.0,8.0,7.0,Not a religious person,5.0,Male,1971.0,49.0,Married,Self employed
CAN,124071291,1.0,1.0,2.0,1.0,9.0,9.0,8.0,An atheist,9.0,Male,1962.0,58.0,Single,Retired/pensioned
CAN,124071292,1.0,2.0,2.0,2.0,8.0,9.0,8.0,A religious person,5.0,Female,1955.0,65.0,Single,Retired/pensioned
CAN,124071293,1.0,2.0,2.0,2.0,8.0,7.0,5.0,A religious person,2.0,Female,1995.0,25.0,Single,Student
CAN,124071294,1.0,2.0,1.0,1.0,5.0,6.0,2.0,A religious person,5.0,Female,1993.0,27.0,Single,Unemployed
CAN,124071295,1.0,1.0,1.0,2.0,9.0,9.0,9.0,A religious person,8.0,Male,1967.0,53.0,Married,Self employed
CAN,124071297,1.0,1.0,1.0,1.0,9.0,9.0,8.0,Not a religious person,6.0,Female,1996.0,24.0,Single,Student
CAN,124071298,1.0,3.0,1.0,3.0,6.0,6.0,6.0,A religious person,6.0,Male,1956.0,64.0,Married,Retired/pensioned
CAN,124071299,1.0,1.0,2.0,3.0,8.0,8.0,9.0,A religious person,10.0,Male,1944.0,76.0,Married,Retired/pensioned
CAN,124071300,1.0,1.0,1.0,2.0,7.0,7.0,7.0,Not a religious person,5.0,Female,1989.0,30.0,Married,Full time
CAN,124071302,1.0,1.0,1.0,4.0,9.0,9.0,9.0,A religious person,6.0,Male,1948.0,72.0,Married,Retired/pensioned
CAN,124071304,1.0,1.0,2.0,2.0,9.0,8.0,7.0,Not a religious person,6.0,Male,1973.0,46.0,Married,Full time
CAN,124071306,1.0,1.0,1.0,2.0,3.0,3.0,3.0,Not a religious person,3.0,Female,1954.0,65.0,Single,Retired/pensioned
CAN,124071307,2.0,3.0,1.0,3.0,3.0,3.0,2.0,An atheist,3.0,Male,1991.0,29.0,Single,Unemployed
CAN,124071308,1.0,1.0,1.0,1.0,9.0,6.0,7.0,Not a religious person,3.0,Female,1999.0,21.0,Single,Student
CAN,124071310,1.0,1.0,1.0,1.0,7.0,7.0,7.0,Not a religious person,5.0,Male,1965.0,55.0,Married,Full time
CAN,124071312,1.0,1.0,1.0,1.0,9.0,9.0,7.0,Not a religious person,3.0,Male,1989.0,31.0,Living together as married,Full time
CAN,124071314,2.0,2.0,2.0,2.0,9.0,8.0,8.0,Not a religious person,2.0,Female,1947.0,73.0,Separated,Retired/pensioned
CAN,124071317,1.0,2.0,2.0,2.0,5.0,8.0,8.0,A religious person,2.0,Female,1956.0,64.0,Divorced,Retired/pensioned
CAN,124071318,2.0,2.0,1.0,3.0,7.0,5.0,4.0,Not a religious person,4.0,Male,1997.0,23.0,Single,Unemployed
CAN,124071319,1.0,1.0,1.0,1.0,10.0,8.0,8.0,A religious person,1.0,Female,1965.0,55.0,Married,Self employed
CAN,124071320,1.0,2.0,1.0,2.0,5.0,6.0,6.0,Not a religious person,5.0,Male,1954.0,65.0,Married,Retired/pensioned
CAN,124071321,1.0,1.0,1.0,3.0,8.0,6.0,9.0,Not a religious person,2.0,Female,1931.0,89.0,Widowed,Retired/pensioned
CAN,124071322,1.0,1.0,1.0,2.0,8.0,8.0,8.0,Not a religious person,8.0,Male,1967.0,53.0,Married,Full time
CAN,124071325,1.0,3.0,2.0,1.0,6.0,6.0,4.0,A religious person,6.0,Male,1954.0,66.0,Married,Retired/pensioned
CAN,124071328,1.0,1.0,1.0,1.0,10.0,7.0,7.0,Not a religious person,1.0,Male,1994.0,26.0,Single,Full time
CAN,124071329,1.0,1.0,1.0,1.0,3.0,8.0,7.0,A religious person,6.0,Male,1973.0,47.0,Married,Self employed
CAN,124071330,1.0,2.0,2.0,2.0,9.0,9.0,6.0,A religious person,5.0,Female,1981.0,38.0,Living together as married,Full time
CAN,124071331,1.0,2.0,2.0,1.0,7.0,5.0,5.0,A religious person,1.0,Female,1989.0,31.0,Separated,Full time
CAN,124071332,1.0,1.0,2.0,2.0,10.0,10.0,10.0,Not a religious person,6.0,Male,1980.0,40.0,Married,Full time
CAN,124071333,1.0,2.0,1.0,3.0,9.0,9.0,9.0,A religious person,4.0,Female,1950.0,70.0,Married,Retired/pensioned
CAN,124071334,1.0,1.0,1.0,1.0,8.0,9.0,8.0,Not a religious person,4.0,Male,1992.0,28.0,Living together as married,Full time
CAN,124071336,2.0,2.0,2.0,3.0,6.0,7.0,8.0,An atheist,7.0,Male,1959.0,60.0,Living together as married,Other
CAN,124071337,1.0,2.0,1.0,4.0,8.0,8.0,6.0,A religious person,10.0,Female,1943.0,77.0,Married,Retired/pensioned
CAN,124071338,1.0,1.0,2.0,2.0,7.0,7.0,6.0,An atheist,5.0,Female,1979.0,41.0,Married,Unemployed
CAN,124071340,1.0,2.0,1.0,1.0,5.0,5.0,5.0,Not a religious person,5.0,Male,1988.0,32.0,Single,Unemployed
CAN,124071341,2.0,2.0,2.0,2.0,5.0,3.0,4.0,An atheist,7.0,Male,1980.0,40.0,Living together as married,Full time
CAN,124071342,2.0,1.0,1.0,4.0,8.0,8.0,9.0,Not a religious person,3.0,Female,1947.0,72.0,Widowed,Retired/pensioned
CAN,124071343,1.0,1.0,1.0,1.0,8.0,9.0,9.0,Not a religious person,4.0,Male,1952.0,67.0,Married,Full time
CAN,124071344,2.0,2.0,1.0,1.0,7.0,6.0,6.0,Not a religious person,3.0,Female,2000.0,20.0,Single,Part time
CAN,124071345,1.0,1.0,1.0,1.0,8.0,8.0,8.0,A religious person,5.0,Male,1951.0,69.0,Married,Self employed
CAN,124071346,1.0,3.0,1.0,2.0,9.0,8.0,6.0,A religious person,10.0,Male,1972.0,48.0,Married,Full time
CAN,124071347,1.0,1.0,1.0,4.0,9.0,9.0,8.0,Not a religious person,7.0,Male,1955.0,65.0,Married,Retired/pensioned
CAN,124071348,1.0,2.0,1.0,2.0,7.0,3.0,8.0,Not a religious person,4.0,Male,1969.0,51.0,Married,Full time
CAN,124071349,1.0,1.0,1.0,2.0,7.0,7.0,6.0,A religious person,3.0,Female,1971.0,49.0,Married,Full time
CAN,124071350,1.0,2.0,1.0,2.0,8.0,6.0,8.0,A religious person,7.0,Female,1958.0,62.0,Married,Full time
CAN,124071351,1.0,1.0,1.0,4.0,8.0,8.0,10.0,An atheist,5.0,Female,1939.0,80.0,Single,Retired/pensioned
CAN,124071352,1.0,1.0,1.0,2.0,9.0,8.0,9.0,A religious person,7.0,Male,1942.0,78.0,Married,Retired/pensioned
CAN,124071355,1.0,1.0,2.0,3.0,8.0,7.0,8.0,A religious person,5.0,Female,1955.0,65.0,Single,Part time
CAN,124071356,1.0,2.0,1.0,4.0,8.0,4.0,10.0,Not a religious person,4.0,Female,1957.0,63.0,Living together as married,Retired/pensioned
CAN,124071357,1.0,1.0,2.0,4.0,6.0,4.0,1.0,Not a religious person,2.0,Female,1956.0,64.0,Married,Retired/pensioned
CAN,124071360,1.0,2.0,2.0,3.0,5.0,5.0,5.0,Not a religious person,5.0,Male,1954.0,66.0,Living together as married,Retired/pensioned
CAN,124071361,1.0,1.0,2.0,3.0,7.0,7.0,9.0,A religious person,5.0,Male,1953.0,67.0,Married,Retired/pensioned
CAN,124071362,1.0,2.0,1.0,2.0,6.0,7.0,5.0,Not a religious person,9.0,Male,1977.0,42.0,Living together as married,Full time
CAN,124071363,3.0,2.0,2.0,3.0,7.0,3.0,4.0,An atheist,5.0,Female,1979.0,41.0,Single,Unemployed
CAN,124071364,1.0,2.0,3.0,1.0,7.0,6.0,6.0,A religious person,5.0,Female,1995.0,25.0,Single,Student
CAN,124071365,2.0,2.0,1.0,2.0,7.0,5.0,5.0,Not a religious person,3.0,Female,2002.0,18.0,Single,Student
CAN,124071367,1.0,1.0,1.0,1.0,9.0,8.0,8.0,Not a religious person,4.0,Female,1976.0,44.0,Single,Full time
CAN,124071368,1.0,1.0,1.0,2.0,5.0,3.0,1.0,Not a religious person,3.0,Female,1987.0,32.0,Separated,Full time
CAN,124071370,1.0,2.0,1.0,3.0,8.0,8.0,8.0,An atheist,2.0,Male,1975.0,44.0,Married,Full time
CAN,124071374,1.0,2.0,2.0,1.0,8.0,8.0,8.0,A religious person,7.0,Male,1953.0,67.0,Married,Full time
CAN,124071375,1.0,2.0,2.0,3.0,7.0,9.0,9.0,Not a religious person,3.0,Male,1950.0,70.0,Married,Part time
CAN,124071376,1.0,1.0,1.0,1.0,8.0,4.0,7.0,An atheist,2.0,Female,2002.0,18.0,Single,Student
CAN,124071377,1.0,2.0,2.0,2.0,8.0,7.0,8.0,A religious person,7.0,Female,1997.0,22.0,Married,Unemployed
CAN,124071379,2.0,2.0,2.0,1.0,9.0,7.0,8.0,A religious person,7.0,Male,1975.0,45.0,Married,Full time
CAN,124071380,1.0,1.0,1.0,2.0,3.0,3.0,2.0,An atheist,2.0,Male,1958.0,62.0,Living together as married,Full time
CAN,124071381,1.0,1.0,1.0,1.0,10.0,10.0,10.0,Not a religious person,6.0,Female,1948.0,72.0,Married,Retired/pensioned
CAN,124071382,1.0,2.0,1.0,4.0,8.0,8.0,8.0,Not a religious person,1.0,Female,1956.0,64.0,Married,Retired/pensioned
CAN,124071383,1.0,2.0,1.0,2.0,6.0,7.0,5.0,Not a religious person,6.0,Female,1990.0,30.0,Living together as married,Homemaker not otherwise employed
CAN,124071384,1.0,1.0,1.0,3.0,7.0,8.0,9.0,Not a religious person,4.0,Male,1953.0,66.0,Married,Retired/pensioned
CAN,124071385,1.0,1.0,1.0,1.0,5.0,5.0,3.0,A religious person,5.0,Female,1969.0,50.0,Living together as married,Unemployed
CAN,124071386,1.0,2.0,2.0,2.0,9.0,8.0,7.0,A religious person,7.0,Female,1959.0,60.0,Divorced,Unemployed
CAN,124071387,1.0,1.0,2.0,2.0,7.0,7.0,7.0,Not a religious person,3.0,Female,1975.0,45.0,Widowed,Full time
CAN,124071388,1.0,2.0,1.0,1.0,9.0,8.0,7.0,A religious person,5.0,Male,1942.0,77.0,Married,Retired/pensioned
CAN,124071389,1.0,1.0,1.0,2.0,7.0,8.0,2.0,An atheist,1.0,Male,1975.0,44.0,Living together as married,Full time
CAN,124071390,1.0,2.0,2.0,2.0,8.0,8.0,9.0,An atheist,5.0,Male,1949.0,70.0,Separated,Retired/pensioned
CAN,124071393,1.0,2.0,3.0,1.0,7.0,6.0,4.0,A religious person,6.0,Male,1968.0,52.0,Married,Unemployed
CAN,124071394,1.0,1.0,1.0,3.0,8.0,9.0,9.0,An atheist,3.0,Female,1953.0,67.0,Living together as married,Retired/pensioned
CAN,124071395,1.0,2.0,2.0,2.0,8.0,7.0,5.0,A religious person,7.0,Female,1974.0,46.0,Married,Full time
CAN,124071396,1.0,2.0,2.0,2.0,8.0,7.0,2.0,Not a religious person,7.0,Female,1951.0,69.0,Divorced,Retired/pensioned
CAN,124071398,1.0,2.0,1.0,4.0,10.0,8.0,8.0,A religious person,5.0,Female,1951.0,68.0,Married,Retired/pensioned
CAN,124071400,1.0,1.0,1.0,1.0,5.0,8.0,4.0,A religious person,2.0,Female,1953.0,67.0,Single,Unemployed
CAN,124071401,2.0,4.0,2.0,1.0,7.0,8.0,8.0,Not a religious person,2.0,Female,1956.0,64.0,Married,Retired/pensioned
CAN,124071402,1.0,2.0,1.0,4.0,4.0,4.0,7.0,A religious person,5.0,Male,1960.0,60.0,Married,Retired/pensioned
CAN,124071403,1.0,2.0,2.0,1.0,8.0,6.0,6.0,A religious person,7.0,Female,1990.0,29.0,Single,Full time
CAN,124071404,1.0,2.0,1.0,2.0,6.0,7.0,7.0,A religious person,8.0,Female,1990.0,30.0,Living together as married,Full time
CAN,124071405,1.0,2.0,2.0,1.0,8.0,6.0,4.0,A religious person,3.0,Female,1983.0,37.0,Single,Full time
CAN,124071406,1.0,1.0,1.0,2.0,8.0,5.0,7.0,An atheist,2.0,Female,1975.0,44.0,Married,Full time
CAN,124071407,1.0,1.0,1.0,1.0,9.0,9.0,9.0,A religious person,9.0,Female,1952.0,68.0,Married,Retired/pensioned
CAN,124071408,1.0,2.0,1.0,1.0,5.0,7.0,6.0,A religious person,5.0,Male,1976.0,44.0,Living together as married,Full time
CAN,124071409,1.0,2.0,1.0,1.0,7.0,8.0,5.0,Not a religious person,5.0,Female,1996.0,24.0,Living together as married,Student
CAN,124071410,2.0,2.0,1.0,2.0,6.0,7.0,6.0,An atheist,6.0,Female,1993.0,27.0,Single,Full time
CAN,124071411,1.0,2.0,3.0,3.0,7.0,8.0,7.0,A religious person,3.0,Female,1942.0,77.0,Single,Retired/pensioned
CAN,124071412,1.0,2.0,1.0,2.0,7.0,8.0,9.0,Not a religious person,5.0,Male,1975.0,44.0,Married,Full time
CAN,124071413,1.0,1.0,1.0,1.0,5.0,7.0,6.0,Not a religious person,5.0,Female,1973.0,46.0,Married,Full time
CAN,124071414,2.0,2.0,2.0,3.0,8.0,7.0,6.0,An atheist,8.0,Male,1954.0,66.0,Married,Self employed
CAN,124071415,2.0,2.0,1.0,1.0,6.0,7.0,9.0,Not a religious person,7.0,Female,1948.0,71.0,Married,Retired/pensioned
CAN,124071416,2.0,2.0,2.0,3.0,5.0,5.0,4.0,Not a religious person,5.0,Male,1967.0,53.0,Single,Unemployed
CAN,124071417,1.0,3.0,3.0,2.0,5.0,5.0,5.0,Not a religious person,6.0,Female,1970.0,49.0,Single,Homemaker not otherwise employed
CAN,124071418,3.0,2.0,1.0,2.0,4.0,5.0,3.0,A religious person,6.0,Male,1946.0,73.0,Single,Retired/pensioned
CAN,124071419,1.0,2.0,2.0,2.0,7.0,7.0,7.0,Not a religious person,7.0,Male,1967.0,53.0,Separated,Full time
CAN,124071420,1.0,2.0,1.0,1.0,2.0,5.0,1.0,An atheist,1.0,Female,1976.0,44.0,Married,Homemaker not otherwise employed
CAN,124071423,1.0,2.0,2.0,3.0,8.0,8.0,8.0,Not a religious person,1.0,Female,1972.0,48.0,Living together as married,Full time
CAN,124071424,1.0,1.0,1.0,2.0,8.0,6.0,6.0,Not a religious person,5.0,Female,1996.0,24.0,Single,Student
CAN,124071425,1.0,1.0,1.0,1.0,8.0,8.0,8.0,An atheist,5.0,Female,1995.0,25.0,Single,Part time
CAN,124071426,1.0,1.0,1.0,3.0,10.0,8.0,7.0,Not a religious person,5.0,Female,1961.0,59.0,Divorced,Retired/pensioned
CAN,124071427,1.0,2.0,2.0,2.0,5.0,5.0,9.0,Not a religious person,5.0,Male,1963.0,57.0,Married,Full time
CAN,124071428,1.0,1.0,1.0,4.0,7.0,6.0,7.0,Not a religious person,9.0,Female,1952.0,68.0,Married,Retired/pensioned
CAN,124071429,3.0,1.0,2.0,1.0,6.0,4.0,3.0,Not a religious person,5.0,Female,1973.0,47.0,Divorced,Full time
CAN,124071430,2.0,2.0,2.0,2.0,8.0,8.0,8.0,A religious person,5.0,Male,1969.0,51.0,Single,Unemployed
CAN,124071431,1.0,1.0,1.0,2.0,8.0,8.0,8.0,A religious person,10.0,Female,1978.0,42.0,Married,Full time
CAN,124071432,1.0,3.0,2.0,3.0,7.0,7.0,5.0,A religious person,1.0,Male,1986.0,34.0,Married,Part time
CAN,124071433,1.0,2.0,1.0,1.0,6.0,6.0,7.0,A religious person,6.0,Female,1961.0,59.0,Married,Full time
CAN,124071434,1.0,2.0,2.0,1.0,6.0,7.0,7.0,Not a religious person,5.0,Male,1927.0,93.0,Widowed,Part time
CAN,124071435,1.0,1.0,2.0,1.0,8.0,8.0,8.0,A religious person,5.0,Male,1934.0,86.0,Married,Retired/pensioned
CAN,124071436,1.0,2.0,2.0,1.0,8.0,8.0,8.0,A religious person,8.0,Male,1969.0,51.0,Single,Full time
CAN,124071437,2.0,2.0,3.0,4.0,6.0,5.0,5.0,An atheist,6.0,Female,1961.0,59.0,Married,Homemaker not otherwise employed
CAN,124071438,1.0,3.0,2.0,3.0,8.0,9.0,8.0,Not a religious person,5.0,Female,1951.0,69.0,Married,Retired/pensioned
CAN,124071440,3.0,1.0,2.0,1.0,8.0,3.0,2.0,An atheist,2.0,Male,2002.0,18.0,Single,Student
CAN,124071442,1.0,1.0,1.0,1.0,9.0,5.0,2.0,A religious person,5.0,Female,1961.0,59.0,Married,Full time
CAN,124071443,1.0,1.0,1.0,1.0,9.0,9.0,9.0,A religious person,9.0,Male,1980.0,40.0,Married,Part time
CAN,124071444,1.0,2.0,2.0,3.0,8.0,7.0,2.0,Not a religious person,3.0,Male,1988.0,32.0,Married,Full time
CAN,124071445,1.0,2.0,3.0,4.0,8.0,8.0,6.0,Not a religious person,5.0,Male,1944.0,76.0,Married,Retired/pensioned
CAN,124071447,1.0,1.0,3.0,1.0,10.0,9.0,9.0,Not a religious person,8.0,Male,1963.0,57.0,Married,Part time
CAN,124071448,1.0,2.0,2.0,1.0,8.0,8.0,6.0,Not a religious person,6.0,Male,1976.0,44.0,Divorced,Full time
CAN,124071450,1.0,1.0,1.0,1.0,10.0,8.0,7.0,A religious person,9.0,Male,1940.0,79.0,Widowed,Self employed
CAN,124071451,1.0,2.0,2.0,2.0,7.0,7.0,5.0,Not a religious person,5.0,Female,1976.0,44.0,Separated,Full time
CAN,124071452,1.0,1.0,1.0,1.0,10.0,7.0,5.0,An atheist,7.0,Male,1991.0,28.0,Single,Full time
CAN,124071454,1.0,1.0,1.0,1.0,8.0,8.0,7.0,Not a religious person,6.0,Female,1967.0,53.0,Married,Full time
CAN,124071455,1.0,1.0,1.0,2.0,7.0,10.0,10.0,Not a religious person,6.0,Female,1947.0,73.0,Widowed,Retired/pensioned
CAN,124071456,1.0,2.0,2.0,3.0,7.0,7.0,7.0,Not a religious person,4.0,Female,1954.0,65.0,Married,Retired/pensioned
CAN,124071457,2.0,3.0,3.0,2.0,7.0,7.0,4.0,A religious person,5.0,Female,1954.0,65.0,Divorced,Retired/pensioned
CAN,124071458,1.0,1.0,1.0,2.0,7.0,7.0,6.0,Not a religious person,4.0,Male,1990.0,30.0,Single,Full time
CAN,124071459,1.0,1.0,1.0,1.0,7.0,7.0,2.0,Not a religious person,5.0,Female,1974.0,46.0,Married,Full time
CAN,124071460,1.0,1.0,1.0,1.0,7.0,8.0,7.0,Not a religious person,7.0,Male,1969.0,50.0,Married,Full time
CAN,124071461,1.0,1.0,2.0,1.0,8.0,7.0,6.0,Not a religious person,4.0,Female,2000.0,19.0,Single,Full time
CAN,124071462,1.0,1.0,1.0,3.0,7.0,8.0,8.0,An atheist,5.0,Male,1949.0,71.0,Married,Retired/pensioned
CAN,124071463,2.0,1.0,1.0,2.0,7.0,6.0,6.0,An atheist,3.0,Female,1990.0,30.0,Single,Full time
CAN,124071464,1.0,2.0,1.0,1.0,7.0,6.0,4.0,Not a religious person,5.0,Male,1994.0,26.0,Single,Full time
CAN,124071465,1.0,1.0,1.0,1.0,8.0,8.0,7.0,Not a religious person,5.0,Female,1964.0,55.0,Married,Full time
CAN,124071466,1.0,1.0,1.0,1.0,6.0,7.0,3.0,An atheist,7.0,Female,1972.0,48.0,Divorced,Full time
CAN,124071467,1.0,1.0,1.0,1.0,2.0,8.0,6.0,A religious person,9.0,Male,1979.0,41.0,Married,Full time
CAN,124071468,1.0,1.0,1.0,4.0,8.0,8.0,8.0,Not a religious person,6.0,Female,1945.0,75.0,Married,Retired/pensioned
CAN,124071469,2.0,1.0,1.0,1.0,8.0,7.0,7.0,An atheist,7.0,Male,1968.0,52.0,Living together as married,Other
CAN,124071470,2.0,2.0,3.0,2.0,6.0,6.0,4.0,Not a religious person,6.0,Male,1940.0,79.0,Widowed,Retired/pensioned
CAN,124071471,1.0,1.0,1.0,2.0,4.0,9.0,9.0,A religious person,8.0,Male,1951.0,69.0,Married,Retired/pensioned
CAN,124071472,1.0,3.0,2.0,2.0,2.0,7.0,1.0,A religious person,5.0,Female,1977.0,43.0,Living together as married,Other
CAN,124071473,1.0,2.0,3.0,2.0,8.0,8.0,6.0,Not a religious person,5.0,Female,1994.0,26.0,Living together as married,Full time
CAN,124071476,2.0,2.0,1.0,4.0,9.0,8.0,8.0,An atheist,6.0,Female,1946.0,74.0,Married,Retired/pensioned
CAN,124071477,1.0,1.0,1.0,2.0,9.0,8.0,8.0,Not a religious person,3.0,Male,1954.0,65.0,Married,Part time
CAN,124071478,1.0,2.0,1.0,2.0,9.0,8.0,7.0,A religious person,5.0,Female,1966.0,54.0,Married,Homemaker not otherwise employed
CAN,124071480,1.0,2.0,2.0,2.0,8.0,8.0,8.0,A religious person,5.0,Male,1945.0,75.0,Married,Retired/pensioned
CAN,124071481,1.0,2.0,1.0,4.0,10.0,10.0,10.0,Not a religious person,10.0,Female,1967.0,53.0,Married,Retired/pensioned
CAN,124071482,1.0,1.0,1.0,2.0,7.0,9.0,8.0,A religious person,5.0,Male,1965.0,55.0,Single,Full time
CAN,124071483,1.0,1.0,2.0,1.0,7.0,8.0,6.0,A religious person,6.0,Male,1984.0,36.0,Married,Full time
CAN,124071485,2.0,2.0,2.0,2.0,8.0,7.0,9.0,Not a religious person,8.0,Male,1992.0,28.0,Single,Full time
CAN,124071486,1.0,1.0,1.0,3.0,8.0,8.0,8.0,Not a religious person,7.0,Male,1948.0,72.0,Married,Retired/pensioned
CAN,124071487,3.0,1.0,1.0,2.0,8.0,8.0,6.0,Not a religious person,5.0,Female,1994.0,25.0,Single,Unemployed
CAN,124071488,2.0,3.0,3.0,2.0,9.0,7.0,2.0,Not a religious person,2.0,Female,1968.0,52.0,Divorced,Full time
CAN,124071489,1.0,1.0,2.0,3.0,7.0,4.0,4.0,Not a religious person,6.0,Female,1962.0,58.0,Living together as married,Retired/pensioned
CAN,124071491,2.0,2.0,2.0,2.0,5.0,5.0,5.0,An atheist,4.0,Male,1960.0,60.0,Living together as married,Self employed
CAN,124071492,1.0,2.0,2.0,1.0,6.0,6.0,4.0,A religious person,5.0,Female,1978.0,42.0,Living together as married,Full time
CAN,124071493,1.0,2.0,2.0,2.0,7.0,8.0,8.0,Not a religious person,7.0,Male,1961.0,59.0,Married,Other
CAN,124071494,4.0,1.0,2.0,2.0,8.0,9.0,8.0,A religious person,9.0,Male,1963.0,57.0,Single,Retired/pensioned
CAN,124071496,2.0,2.0,2.0,2.0,8.0,8.0,7.0,A religious person,4.0,Male,1955.0,65.0,Married,Retired/pensioned
CAN,124071497,2.0,3.0,2.0,4.0,6.0,6.0,6.0,A religious person,6.0,Female,1957.0,62.0,Married,Retired/pensioned
CAN,124071500,1.0,1.0,1.0,1.0,7.0,8.0,7.0,Not a religious person,4.0,Male,1992.0,28.0,Living together as married,Full time
CAN,124071501,1.0,2.0,1.0,1.0,8.0,7.0,2.0,A religious person,8.0,Female,1976.0,43.0,Married,Full time
CAN,124071502,1.0,1.0,1.0,1.0,7.0,7.0,6.0,A religious person,8.0,Male,1983.0,37.0,Married,Full time
CAN,124071504,1.0,2.0,2.0,1.0,9.0,6.0,3.0,Not a religious person,7.0,Male,1972.0,48.0,Living together as married,Full time
CAN,124071506,1.0,2.0,1.0,1.0,10.0,10.0,5.0,A religious person,5.0,Female,1995.0,25.0,Single,Full time
CAN,124071507,1.0,2.0,1.0,2.0,7.0,7.0,5.0,Not a religious person,5.0,Male,1984.0,36.0,Single,Full time
CAN,124071509,1.0,3.0,2.0,3.0,7.0,7.0,8.0,A religious person,3.0,Female,1954.0,66.0,Married,Retired/pensioned
CAN,124071510,1.0,2.0,1.0,1.0,9.0,8.0,8.0,Not a religious person,6.0,Male,1990.0,30.0,Married,Full time
CAN,124071511,4.0,2.0,1.0,2.0,6.0,8.0,9.0,A religious person,7.0,Male,1998.0,22.0,Single,Part time
CAN,124071513,2.0,2.0,1.0,1.0,8.0,8.0,8.0,Not a religious person,4.0,Female,1996.0,24.0,Single,Full time
CAN,124071514,2.0,2.0,2.0,3.0,8.0,7.0,7.0,Not a religious person,6.0,Male,1965.0,54.0,Single,Full time
CAN,124071515,1.0,1.0,1.0,2.0,7.0,8.0,9.0,A religious person,7.0,Male,1947.0,73.0,Married,Retired/pensioned
CAN,124071517,1.0,1.0,1.0,1.0,5.0,5.0,6.0,A religious person,5.0,Male,1996.0,24.0,Single,Student
CAN,124071518,1.0,1.0,2.0,2.0,8.0,7.0,7.0,Not a religious person,8.0,Male,1964.0,56.0,Married,Full time
CAN,124071519,1.0,1.0,1.0,1.0,7.0,8.0,5.0,A religious person,6.0,Female,1968.0,52.0,Married,Full time
CAN,124071520,1.0,1.0,2.0,2.0,7.0,7.0,7.0,A religious person,5.0,Female,1951.0,69.0,Married,Part time
CAN,124071521,1.0,1.0,1.0,4.0,10.0,10.0,10.0,A religious person,5.0,Female,1946.0,74.0,Married,Retired/pensioned
CAN,124071522,1.0,2.0,2.0,2.0,7.0,6.0,4.0,Not a religious person,5.0,Male,1971.0,49.0,Married,Full time
CAN,124071523,1.0,1.0,1.0,3.0,8.0,8.0,8.0,Not a religious person,7.0,Female,1969.0,51.0,Married,Self employed
CAN,124071524,2.0,2.0,2.0,3.0,4.0,4.0,4.0,Not a religious person,5.0,Female,1958.0,61.0,Married,Retired/pensioned
CAN,124071525,1.0,2.0,3.0,2.0,10.0,7.0,6.0,A religious person,8.0,Female,1962.0,58.0,Married,Other
CAN,124071526,3.0,3.0,2.0,2.0,7.0,7.0,7.0,Not a religious person,3.0,Female,1964.0,56.0,Separated,Full time
CAN,124071527,2.0,1.0,1.0,2.0,10.0,7.0,9.0,An atheist,3.0,Male,1980.0,40.0,Married,Full time
CAN,124071529,1.0,1.0,2.0,1.0,8.0,7.0,8.0,Not a religious person,7.0,Female,1959.0,61.0,Married,Retired/pensioned
CAN,124071530,1.0,2.0,1.0,4.0,6.0,5.0,8.0,An atheist,2.0,Male,1955.0,65.0,Married,Retired/pensioned
CAN,124071531,1.0,1.0,1.0,4.0,10.0,10.0,10.0,An atheist,5.0,Male,1946.0,74.0,Living together as married,Retired/pensioned
CAN,124071532,1.0,2.0,3.0,1.0,10.0,7.0,4.0,Not a religious person,5.0,Female,1988.0,32.0,Living together as married,Full time
CAN,124071533,2.0,1.0,2.0,1.0,6.0,10.0,10.0,A religious person,5.0,Female,1995.0,25.0,Single,Full time
CAN,124071535,2.0,2.0,2.0,2.0,4.0,6.0,6.0,A religious person,6.0,Male,1973.0,46.0,Separated,Self employed
CAN,124071536,1.0,1.0,1.0,2.0,9.0,9.0,7.0,Not a religious person,2.0,Male,2001.0,18.0,Single,Student
CAN,124071538,1.0,1.0,1.0,1.0,9.0,9.0,8.0,Not a religious person,10.0,Male,1980.0,40.0,Married,Full time
CAN,124071540,1.0,1.0,1.0,4.0,10.0,10.0,10.0,Not a religious person,5.0,Female,1960.0,60.0,Single,Other
CAN,124071541,2.0,2.0,4.0,2.0,1.0,1.0,7.0,Not a religious person,5.0,Male,1988.0,32.0,Single,Full time
CAN,124071542,2.0,2.0,1.0,2.0,8.0,8.0,8.0,An atheist,7.0,Male,1993.0,26.0,Single,Full time
CAN,124071543,1.0,2.0,2.0,3.0,8.0,7.0,7.0,Not a religious person,5.0,Female,2000.0,20.0,Married,Student
CAN,124071544,1.0,2.0,1.0,2.0,9.0,9.0,7.0,A religious person,2.0,Female,1985.0,35.0,Married,Homemaker not otherwise employed
CAN,124071546,1.0,1.0,2.0,1.0,9.0,9.0,9.0,Not a religious person,4.0,Female,1955.0,65.0,Married,Retired/pensioned
CAN,124071548,2.0,1.0,3.0,1.0,7.0,6.0,6.0,Not a religious person,6.0,Male,1968.0,52.0,Single,Unemployed
CAN,124071549,1.0,2.0,1.0,1.0,6.0,3.0,1.0,A religious person,5.0,Female,1978.0,42.0,Divorced,Full time
CAN,124071551,1.0,1.0,2.0,2.0,8.0,8.0,10.0,Not a religious person,6.0,Male,1958.0,62.0,Living together as married,Retired/pensioned
CAN,124071553,1.0,1.0,1.0,1.0,8.0,7.0,7.0,Not a religious person,3.0,Female,1973.0,46.0,Single,Part time
CAN,124071555,1.0,1.0,1.0,4.0,4.0,5.0,4.0,A religious person,1.0,Female,1957.0,63.0,Divorced,Retired/pensioned
CAN,124071556,2.0,2.0,2.0,3.0,7.0,7.0,6.0,Not a religious person,3.0,Female,1999.0,21.0,Single,Student
CAN,124071557,1.0,1.0,1.0,1.0,10.0,8.0,8.0,Not a religious person,5.0,Female,1967.0,53.0,Divorced,Retired/pensioned
CAN,124071558,1.0,1.0,1.0,2.0,7.0,7.0,7.0,A religious person,10.0,Male,1984.0,36.0,Married,Retired/pensioned
CAN,124071560,1.0,1.0,1.0,1.0,5.0,6.0,5.0,Not a religious person,8.0,Male,1979.0,41.0,Married,Full time
CAN,124071561,1.0,1.0,2.0,1.0,8.0,8.0,6.0,A religious person,5.0,Female,1988.0,32.0,Divorced,Full time
CAN,124071562,1.0,2.0,2.0,3.0,7.0,7.0,7.0,Not a religious person,6.0,Male,1947.0,73.0,Widowed,Self employed
CAN,124071563,1.0,1.0,1.0,2.0,7.0,9.0,7.0,A religious person,5.0,Female,1965.0,54.0,Married,Full time
CAN,124071564,1.0,2.0,2.0,2.0,5.0,8.0,6.0,An atheist,2.0,Female,1951.0,69.0,Married,Retired/pensioned
CAN,124071565,1.0,1.0,3.0,2.0,10.0,7.0,8.0,A religious person,5.0,Male,1995.0,25.0,Married,Full time
CAN,124071567,2.0,1.0,2.0,2.0,8.0,8.0,8.0,An atheist,3.0,Female,1952.0,68.0,Divorced,Retired/pensioned
CAN,124071568,1.0,1.0,1.0,1.0,10.0,7.0,8.0,A religious person,5.0,Female,1948.0,72.0,Widowed,Retired/pensioned
CAN,124071569,1.0,2.0,2.0,2.0,8.0,8.0,7.0,A religious person,5.0,Female,1972.0,48.0,Married,Student
CAN,124071570,1.0,2.0,3.0,4.0,4.0,4.0,1.0,A religious person,5.0,Female,1940.0,80.0,Widowed,Retired/pensioned
CAN,124071571,1.0,1.0,1.0,1.0,9.0,7.0,4.0,Not a religious person,5.0,Female,1979.0,41.0,Living together as married,Full time
CAN,124071572,1.0,3.0,2.0,3.0,9.0,8.0,7.0,Not a religious person,1.0,Female,1972.0,48.0,Married,Homemaker not otherwise employed
CAN,124071573,1.0,1.0,1.0,1.0,9.0,3.0,5.0,Not a religious person,6.0,Female,1982.0,37.0,Single,Unemployed
CAN,124071574,2.0,1.0,1.0,1.0,6.0,6.0,6.0,Not a religious person,5.0,Male,1970.0,50.0,Married,Full time
CAN,124071575,1.0,1.0,1.0,3.0,7.0,9.0,4.0,A religious person,5.0,Female,2000.0,20.0,Single,Part time
CAN,124071576,1.0,2.0,1.0,1.0,8.0,10.0,7.0,A religious person,8.0,Male,1976.0,44.0,Married,Full time
CAN,124071577,1.0,1.0,1.0,2.0,9.0,9.0,8.0,Not a religious person,6.0,Male,1990.0,30.0,Married,Student
CAN,124071585,2.0,2.0,1.0,2.0,10.0,10.0,10.0,Not a religious person,6.0,Female,1994.0,26.0,Single,Unemployed
CAN,124071586,3.0,1.0,1.0,2.0,7.0,5.0,4.0,An atheist,3.0,Female,1995.0,25.0,Single,Unemployed
CAN,124071618,1.0,1.0,1.0,4.0,7.0,9.0,8.0,Not a religious person,5.0,Female,1955.0,65.0,Married,Retired/pensioned
CAN,124071684,1.0,1.0,1.0,1.0,8.0,9.0,8.0,Not a religious person,3.0,Male,1987.0,33.0,Single,Self employed
CAN,124071685,1.0,1.0,1.0,1.0,7.0,7.0,7.0,A religious person,6.0,Female,1964.0,55.0,Single,Unemployed
CAN,124071686,1.0,1.0,1.0,1.0,9.0,9.0,7.0,A religious person,6.0,Female,1958.0,62.0,Living together as married,Full time
CAN,124071687,2.0,3.0,2.0,2.0,7.0,1.0,6.0,A religious person,5.0,Male,1976.0,43.0,Divorced,Full time
CAN,124071688,1.0,1.0,1.0,2.0,4.0,5.0,4.0,Not a religious person,5.0,Female,1996.0,24.0,Single,Unemployed
CAN,124071689,1.0,1.0,1.0,3.0,6.0,5.0,5.0,A religious person,5.0,Female,1966.0,54.0,Married,Self employed
CAN,124071690,2.0,1.0,1.0,2.0,8.0,7.0,5.0,A religious person,10.0,Male,1964.0,56.0,Single,Full time
CAN,124071717,1.0,1.0,1.0,2.0,8.0,7.0,8.0,Not a religious person,7.0,Male,1990.0,30.0,Living together as married,Full time
CAN,124071718,1.0,1.0,1.0,3.0,6.0,7.0,7.0,Not a religious person,1.0,Female,1988.0,31.0,Single,Full time
CAN,124071719,1.0,2.0,2.0,3.0,7.0,6.0,7.0,Not a religious person,3.0,Female,1971.0,49.0,Divorced,Retired/pensioned
CAN,124071720,2.0,1.0,2.0,2.0,8.0,7.0,3.0,Not a religious person,3.0,Female,1964.0,56.0,Widowed,Other
CAN,124071721,2.0,2.0,2.0,1.0,6.0,7.0,5.0,A religious person,5.0,Female,1992.0,28.0,Living together as married,Homemaker not otherwise employed
CAN,124071723,2.0,2.0,1.0,2.0,10.0,8.0,8.0,A religious person,8.0,Male,1988.0,32.0,Married,Full time
CAN,124071727,1.0,1.0,1.0,1.0,10.0,10.0,10.0,An atheist,10.0,Female,1981.0,39.0,Married,Homemaker not otherwise employed
CAN,124071728,2.0,3.0,1.0,3.0,3.0,4.0,4.0,An atheist,9.0,Male,1987.0,33.0,Single,Unemployed
CAN,124071729,2.0,1.0,1.0,2.0,4.0,4.0,5.0,Not a religious person,6.0,Male,1950.0,70.0,Single,Full time
CAN,124071730,1.0,1.0,2.0,2.0,10.0,8.0,10.0,Not a religious person,1.0,Female,1968.0,52.0,Living together as married,Full time
CAN,124071731,1.0,1.0,1.0,2.0,9.0,9.0,9.0,A religious person,8.0,Male,1973.0,47.0,Married,Full time
CAN,124071732,1.0,1.0,2.0,2.0,9.0,9.0,10.0,An atheist,3.0,Female,1983.0,37.0,Living together as married,Full time
CAN,124071733,2.0,3.0,3.0,4.0,1.0,1.0,1.0,A religious person,5.0,Female,1994.0,26.0,Single,Other
CAN,124071734,1.0,3.0,1.0,2.0,8.0,8.0,8.0,A religious person,3.0,Male,1962.0,58.0,Living together as married,Full time
CAN,124071735,1.0,2.0,2.0,3.0,10.0,8.0,7.0,Not a religious person,6.0,Male,1981.0,38.0,Living together as married,Part time
CAN,124071737,2.0,2.0,1.0,1.0,10.0,8.0,10.0,A religious person,10.0,Male,1988.0,32.0,Married,Full time
CAN,124071738,2.0,2.0,2.0,3.0,7.0,7.0,8.0,An atheist,4.0,Male,1978.0,42.0,Single,Full time
CAN,124071739,1.0,2.0,3.0,2.0,7.0,5.0,1.0,Not a religious person,2.0,Female,1993.0,27.0,Living together as married,Homemaker not otherwise employed
CAN,124071740,1.0,2.0,1.0,1.0,8.0,9.0,5.0,Not a religious person,5.0,Male,1967.0,53.0,Married,Full time
CAN,124071741,1.0,1.0,1.0,2.0,6.0,4.0,4.0,Not a religious person,4.0,Female,1992.0,28.0,Single,Student
CAN,124071742,1.0,1.0,2.0,2.0,4.0,1.0,1.0,An atheist,3.0,Female,1991.0,29.0,Single,Student
CAN,124071743,1.0,2.0,1.0,2.0,9.0,9.0,9.0,A religious person,9.0,Male,1965.0,55.0,Divorced,Full time
CAN,124071744,2.0,2.0,2.0,2.0,9.0,8.0,7.0,Not a religious person,5.0,Female,1969.0,50.0,Living together as married,Full time
CAN,124071745,1.0,2.0,1.0,3.0,6.0,7.0,4.0,An atheist,5.0,Female,1995.0,25.0,Single,Full time
CAN,124071746,1.0,1.0,2.0,1.0,5.0,3.0,9.0,Not a religious person,1.0,Female,1990.0,30.0,Living together as married,Full time
CAN,124071748,1.0,4.0,2.0,1.0,5.0,5.0,5.0,Not a religious person,5.0,Male,1976.0,43.0,Married,Full time
CAN,124071749,1.0,1.0,1.0,3.0,9.0,7.0,8.0,Not a religious person,3.0,Male,1957.0,63.0,Single,Full time
CAN,124071750,1.0,2.0,2.0,4.0,7.0,6.0,7.0,An atheist,2.0,Female,1954.0,66.0,Widowed,Retired/pensioned
CAN,124071752,1.0,1.0,1.0,1.0,7.0,6.0,7.0,An atheist,3.0,Female,1944.0,76.0,Divorced,Part time
CAN,124071754,1.0,2.0,2.0,2.0,9.0,7.0,5.0,A religious person,5.0,Female,1979.0,40.0,Married,Full time
CAN,124071755,1.0,1.0,1.0,4.0,7.0,7.0,6.0,A religious person,5.0,Female,1966.0,53.0,Married,Other
CAN,124071756,1.0,1.0,1.0,3.0,8.0,8.0,8.0,Not a religious person,5.0,Female,1958.0,62.0,Living together as married,Retired/pensioned
CAN,124071759,1.0,1.0,1.0,2.0,9.0,10.0,4.0,Not a religious person,6.0,Female,1999.0,21.0,Single,Full time
CAN,124071761,1.0,3.0,2.0,4.0,3.0,5.0,5.0,An atheist,2.0,Male,1956.0,64.0,Married,Retired/pensioned
CAN,124071762,1.0,1.0,1.0,2.0,6.0,7.0,6.0,An atheist,3.0,Male,1983.0,37.0,Married,Full time
CAN,124071763,1.0,1.0,1.0,2.0,8.0,8.0,7.0,A religious person,8.0,Female,1980.0,40.0,Single,Full time
CAN,124071764,1.0,1.0,1.0,4.0,7.0,8.0,7.0,A religious person,5.0,Female,1955.0,65.0,Divorced,Retired/pensioned
CAN,124071765,1.0,2.0,1.0,2.0,10.0,9.0,9.0,Not a religious person,8.0,Female,1968.0,52.0,Living together as married,Self employed
CAN,124071767,1.0,1.0,1.0,1.0,10.0,6.0,4.0,A religious person,8.0,Female,1978.0,42.0,Divorced,Full time
CAN,124071768,1.0,1.0,1.0,1.0,7.0,5.0,1.0,Not a religious person,5.0,Female,1968.0,52.0,Divorced,Unemployed
CAN,124071770,2.0,2.0,1.0,1.0,9.0,7.0,5.0,Not a religious person,10.0,Male,1984.0,36.0,Married,Full time
CAN,124071771,1.0,2.0,1.0,2.0,10.0,9.0,8.0,A religious person,10.0,Male,1993.0,26.0,Married,Full time
CAN,124071772,1.0,2.0,1.0,1.0,8.0,7.0,6.0,A religious person,8.0,Male,1971.0,48.0,Married,Self employed
CAN,124071775,1.0,2.0,1.0,1.0,8.0,8.0,7.0,A religious person,7.0,Female,1995.0,25.0,Living together as married,Student
CAN,124071777,1.0,2.0,2.0,1.0,7.0,7.0,8.0,A religious person,3.0,Male,1955.0,65.0,Married,Retired/pensioned
CAN,124071778,1.0,3.0,3.0,2.0,8.0,9.0,8.0,A religious person,5.0,Female,1986.0,34.0,Married,Homemaker not otherwise employed
CAN,124071779,1.0,2.0,1.0,2.0,10.0,9.0,10.0,Not a religious person,9.0,Male,1992.0,27.0,Married,Full time
CAN,124071780,4.0,1.0,2.0,2.0,10.0,8.0,7.0,A religious person,2.0,Female,1943.0,77.0,Divorced,Self employed
CAN,124071781,1.0,1.0,2.0,1.0,8.0,9.0,9.0,A religious person,6.0,Male,1980.0,39.0,Single,Full time
CAN,124071782,1.0,1.0,2.0,4.0,8.0,6.0,6.0,Not a religious person,4.0,Female,1952.0,68.0,Single,Retired/pensioned
CAN,124071783,1.0,2.0,1.0,1.0,8.0,7.0,5.0,A religious person,5.0,Female,1989.0,31.0,Living together as married,Self employed
CAN,124071784,1.0,3.0,2.0,2.0,7.0,6.0,1.0,Not a religious person,5.0,Female,1990.0,30.0,Married,Homemaker not otherwise employed
CAN,124071785,1.0,1.0,1.0,1.0,5.0,5.0,5.0,Not a religious person,5.0,Female,1987.0,33.0,Married,Homemaker not otherwise employed
CAN,124071786,1.0,1.0,1.0,1.0,9.0,9.0,8.0,Not a religious person,7.0,Female,1991.0,29.0,Living together as married,Full time
CAN,124071787,1.0,2.0,3.0,2.0,8.0,8.0,5.0,Not a religious person,9.0,Male,1976.0,44.0,Living together as married,Self employed
CAN,124071788,1.0,1.0,1.0,1.0,8.0,7.0,7.0,An atheist,5.0,Female,1994.0,26.0,Living together as married,Student
CAN,124071789,1.0,1.0,1.0,1.0,8.0,9.0,8.0,A religious person,9.0,Male,1987.0,32.0,Married,Full time
CAN,124071793,1.0,1.0,1.0,1.0,9.0,6.0,8.0,An atheist,5.0,Female,1985.0,35.0,Single,Self employed
CAN,124071794,1.0,1.0,1.0,2.0,10.0,10.0,10.0,A religious person,10.0,Male,1993.0,26.0,Married,Full time
CAN,124071795,1.0,2.0,1.0,2.0,7.0,8.0,8.0,A religious person,8.0,Male,1970.0,50.0,Married,Full time
CAN,124071798,1.0,1.0,2.0,3.0,8.0,7.0,7.0,Not a religious person,3.0,Male,1943.0,77.0,Married,Retired/pensioned
CAN,124071799,1.0,1.0,2.0,2.0,7.0,7.0,7.0,Not a religious person,5.0,Female,1986.0,34.0,Married,Full time
CAN,124071801,1.0,2.0,1.0,4.0,10.0,8.0,10.0,Not a religious person,6.0,Male,1953.0,67.0,Married,Retired/pensioned
CAN,124071802,1.0,1.0,2.0,1.0,7.0,7.0,8.0,A religious person,3.0,Female,1955.0,65.0,Married,Retired/pensioned
CAN,124071806,4.0,2.0,2.0,3.0,6.0,6.0,6.0,Not a religious person,7.0,Male,1964.0,55.0,Living together as married,Retired/pensioned
CAN,124071808,1.0,1.0,1.0,4.0,8.0,7.0,8.0,An atheist,6.0,Female,1956.0,63.0,Living together as married,Retired/pensioned
CAN,124071809,1.0,2.0,2.0,1.0,7.0,6.0,5.0,An atheist,7.0,Female,1983.0,36.0,Married,Full time
CAN,124071810,1.0,1.0,1.0,2.0,8.0,8.0,9.0,A religious person,4.0,Male,1949.0,71.0,Living together as married,Retired/pensioned
CAN,124071811,1.0,1.0,1.0,1.0,10.0,10.0,9.0,Not a religious person,4.0,Male,1970.0,49.0,Living together as married,Full time
CAN,124071813,1.0,2.0,1.0,2.0,3.0,3.0,5.0,Not a religious person,9.0,Female,1962.0,58.0,Married,Self employed
CAN,124071814,1.0,1.0,2.0,2.0,9.0,8.0,7.0,An atheist,6.0,Male,1960.0,60.0,Single,Retired/pensioned
CAN,124071816,1.0,2.0,2.0,2.0,7.0,7.0,6.0,Not a religious person,4.0,Female,1973.0,47.0,Single,Full time
CAN,124071817,1.0,1.0,2.0,4.0,10.0,8.0,7.0,A religious person,2.0,Female,1949.0,70.0,Divorced,Retired/pensioned
CAN,124071820,1.0,3.0,1.0,1.0,7.0,4.0,8.0,Not a religious person,7.0,Male,1990.0,30.0,Single,Self employed
CAN,124071821,1.0,2.0,2.0,1.0,7.0,7.0,5.0,A religious person,1.0,Female,1952.0,68.0,Widowed,Retired/pensioned
CAN,124071823,1.0,1.0,2.0,2.0,8.0,8.0,7.0,A religious person,5.0,Female,2001.0,19.0,Single,Student
CAN,124071824,1.0,2.0,1.0,1.0,7.0,7.0,7.0,Not a religious person,5.0,Female,1995.0,25.0,Living together as married,Full time
CAN,124071825,1.0,2.0,2.0,1.0,9.0,8.0,7.0,A religious person,3.0,Female,1955.0,65.0,Married,Full time
CAN,124071826,2.0,2.0,2.0,2.0,6.0,6.0,6.0,Not a religious person,6.0,Female,1990.0,29.0,Single,Homemaker not otherwise employed
CAN,124071827,1.0,1.0,1.0,1.0,6.0,6.0,7.0,Not a religious person,5.0,Male,1996.0,24.0,Single,Full time
CAN,124071829,1.0,1.0,2.0,2.0,8.0,8.0,6.0,Not a religious person,3.0,Female,1980.0,39.0,Married,Full time
CAN,124071830,1.0,1.0,2.0,2.0,7.0,8.0,7.0,An atheist,3.0,Female,1992.0,28.0,Married,Student
CAN,124071831,1.0,1.0,1.0,2.0,8.0,8.0,7.0,Not a religious person,7.0,Male,1965.0,54.0,Married,Full time
CAN,124071833,1.0,1.0,1.0,2.0,4.0,3.0,1.0,Not a religious person,4.0,Male,1992.0,27.0,Living together as married,Student
CAN,124071834,1.0,1.0,2.0,2.0,7.0,5.0,3.0,Not a religious person,5.0,Female,1999.0,21.0,Single,Student
CAN,124071836,1.0,2.0,3.0,2.0,5.0,4.0,4.0,A religious person,5.0,Female,1955.0,65.0,Living together as married,Retired/pensioned
CAN,124071837,1.0,1.0,1.0,3.0,8.0,9.0,8.0,Not a religious person,3.0,Male,1938.0,82.0,Living together as married,Retired/pensioned
CAN,124071839,2.0,2.0,2.0,1.0,8.0,8.0,4.0,An atheist,5.0,Female,1994.0,26.0,Single,Full time
CAN,124071840,1.0,1.0,2.0,1.0,7.0,6.0,4.0,Not a religious person,5.0,Female,1982.0,37.0,Separated,Full time
CAN,124071841,1.0,1.0,2.0,2.0,9.0,8.0,8.0,A religious person,7.0,Male,1961.0,59.0,Married,Retired/pensioned
CAN,124071844,1.0,1.0,1.0,2.0,7.0,4.0,4.0,Not a religious person,5.0,Male,1989.0,31.0,Single,Full time
CAN,124071845,1.0,1.0,2.0,1.0,8.0,3.0,1.0,A religious person,5.0,Female,1997.0,22.0,Single,Unemployed
CAN,124071846,1.0,1.0,3.0,1.0,9.0,9.0,9.0,Not a religious person,5.0,Female,2001.0,19.0,Single,Student
CAN,124071847,1.0,1.0,1.0,2.0,8.0,8.0,6.0,A religious person,5.0,Female,1955.0,65.0,Married,Retired/pensioned
CAN,124071848,1.0,1.0,1.0,2.0,7.0,4.0,4.0,A religious person,3.0,Male,1994.0,26.0,Single,Part time
CAN,124071849,4.0,2.0,1.0,4.0,6.0,5.0,1.0,Not a religious person,5.0,Male,1938.0,82.0,Single,Retired/pensioned
CAN,124071850,1.0,2.0,2.0,2.0,10.0,9.0,9.0,An atheist,5.0,Male,1967.0,53.0,Married,Full time
CAN,124071851,2.0,1.0,1.0,1.0,7.0,8.0,6.0,An atheist,2.0,Female,1998.0,22.0,Single,Part time
CAN,124071852,1.0,1.0,2.0,2.0,8.0,8.0,9.0,Not a religious person,3.0,Female,1955.0,65.0,Married,Retired/pensioned
CAN,124071854,1.0,2.0,2.0,1.0,8.0,8.0,9.0,A religious person,6.0,Female,1954.0,65.0,Married,Retired/pensioned
CAN,124071855,1.0,1.0,2.0,1.0,8.0,8.0,8.0,Not a religious person,3.0,Female,1950.0,70.0,Single,Retired/pensioned
CAN,124071856,1.0,1.0,2.0,2.0,7.0,9.0,7.0,Not a religious person,3.0,Female,1984.0,36.0,Married,Full time
CAN,124071857,1.0,2.0,3.0,4.0,8.0,8.0,10.0,An atheist,5.0,Male,1947.0,73.0,Married,Retired/pensioned
CAN,124071858,1.0,1.0,1.0,1.0,7.0,10.0,8.0,Not a religious person,5.0,Female,1956.0,64.0,Married,Retired/pensioned
CAN,124071860,1.0,1.0,2.0,1.0,8.0,8.0,8.0,Not a religious person,7.0,Female,1977.0,43.0,Married,Full time
CAN,124071861,2.0,2.0,1.0,3.0,8.0,8.0,8.0,Not a religious person,5.0,Female,1954.0,66.0,Living together as married,Retired/pensioned
CAN,124071864,1.0,2.0,2.0,2.0,8.0,8.0,7.0,Not a religious person,3.0,Female,1961.0,58.0,Married,Part time
CAN,124071866,1.0,2.0,1.0,1.0,5.0,5.0,5.0,Not a religious person,5.0,Male,1967.0,53.0,Divorced,Full time
CAN,124071867,1.0,1.0,1.0,2.0,10.0,7.0,5.0,Not a religious person,5.0,Male,1982.0,38.0,Single,Full time
CAN,124071868,1.0,2.0,1.0,4.0,7.0,6.0,6.0,Not a religious person,5.0,Female,1953.0,67.0,Married,Retired/pensioned
CAN,124071871,1.0,2.0,1.0,2.0,7.0,6.0,5.0,A religious person,6.0,Female,1984.0,36.0,Married,Unemployed
CAN,124071872,1.0,1.0,2.0,1.0,5.0,4.0,4.0,A religious person,5.0,Male,1954.0,66.0,Widowed,Retired/pensioned
CAN,124071873,1.0,2.0,1.0,1.0,10.0,9.0,9.0,An atheist,5.0,Male,1960.0,60.0,Married,Self employed
CAN,124071874,1.0,1.0,2.0,1.0,7.0,7.0,5.0,An atheist,5.0,Male,1956.0,64.0,Single,Retired/pensioned
CAN,124071876,1.0,3.0,2.0,2.0,7.0,5.0,1.0,Not a religious person,7.0,Female,1969.0,50.0,Single,Other
CAN,124071877,1.0,1.0,2.0,2.0,6.0,7.0,6.0,Not a religious person,7.0,Male,1988.0,32.0,Single,Full time
CAN,124071880,2.0,2.0,2.0,2.0,8.0,6.0,4.0,Not a religious person,5.0,Female,1961.0,59.0,Single,Self employed
CAN,124071881,1.0,2.0,2.0,2.0,8.0,8.0,9.0,A religious person,6.0,Female,1991.0,29.0,Living together as married,Student
CAN,124071882,2.0,2.0,2.0,3.0,8.0,8.0,8.0,A religious person,5.0,Female,1954.0,66.0,Married,Retired/pensioned
CAN,124071885,1.0,2.0,2.0,2.0,7.0,6.0,6.0,A religious person,8.0,Female,1953.0,67.0,Divorced,Retired/pensioned
CAN,124071887,1.0,3.0,1.0,2.0,10.0,7.0,6.0,Not a religious person,10.0,Male,1963.0,57.0,Married,Self employed
CAN,124071888,1.0,1.0,2.0,2.0,10.0,8.0,7.0,Not a religious person,5.0,Female,1980.0,40.0,Single,Full time
CAN,124071889,1.0,2.0,2.0,2.0,9.0,7.0,9.0,A religious person,3.0,Female,1979.0,41.0,Married,Full time
CAN,124071891,2.0,2.0,1.0,2.0,8.0,9.0,8.0,An atheist,6.0,Male,1995.0,25.0,Living together as married,Full time
CAN,124071892,1.0,1.0,2.0,1.0,4.0,5.0,2.0,A religious person,5.0,Female,1955.0,65.0,Divorced,Retired/pensioned
CAN,124071893,1.0,1.0,1.0,1.0,10.0,9.0,9.0,A religious person,8.0,Female,1971.0,48.0,Married,Self employed
CAN,124071895,1.0,1.0,1.0,2.0,8.0,4.0,5.0,Not a religious person,4.0,Female,1966.0,53.0,Living together as married,Full time
CAN,124071896,2.0,2.0,2.0,2.0,8.0,6.0,4.0,Not a religious person,4.0,Male,1960.0,60.0,Married,Self employed
CAN,124071898,1.0,2.0,4.0,4.0,5.0,8.0,8.0,A religious person,5.0,Female,1967.0,52.0,Married,Homemaker not otherwise employed
CAN,124071901,2.0,2.0,1.0,2.0,7.0,5.0,6.0,A religious person,6.0,Female,1979.0,41.0,Married,Full time
CAN,124071902,1.0,1.0,1.0,3.0,8.0,9.0,10.0,Not a religious person,5.0,Male,1961.0,59.0,Married,Retired/pensioned
CAN,124071904,2.0,2.0,2.0,2.0,7.0,6.0,7.0,Not a religious person,10.0,Male,1968.0,52.0,Divorced,Full time
CAN,124071905,1.0,1.0,1.0,1.0,8.0,5.0,1.0,A religious person,3.0,Male,1973.0,46.0,Single,Full time
CAN,124071906,2.0,2.0,1.0,1.0,8.0,8.0,8.0,An atheist,3.0,Male,1988.0,32.0,Married,Full time
CAN,124071908,1.0,1.0,1.0,1.0,8.0,8.0,7.0,Not a religious person,5.0,Female,1972.0,48.0,Married,Self employed
CAN,124071909,1.0,1.0,2.0,2.0,8.0,5.0,4.0,Not a religious person,5.0,Female,1999.0,21.0,Single,Student
CAN,124071910,3.0,2.0,2.0,2.0,7.0,6.0,8.0,Not a religious person,4.0,Male,1987.0,33.0,Married,Full time
CAN,124071912,1.0,1.0,1.0,2.0,9.0,9.0,8.0,Not a religious person,5.0,Female,1990.0,29.0,Single,Full time
CAN,124071913,2.0,1.0,2.0,2.0,6.0,5.0,2.0,A religious person,5.0,Male,1972.0,48.0,Single,Full time
CAN,124071914,1.0,1.0,1.0,1.0,5.0,6.0,6.0,A religious person,6.0,Female,1953.0,67.0,Divorced,Self employed
CAN,124071915,1.0,1.0,1.0,3.0,6.0,5.0,3.0,A religious person,3.0,Female,2002.0,18.0,Single,Part time
CAN,124071916,2.0,2.0,2.0,1.0,8.0,7.0,8.0,Not a religious person,7.0,Male,1994.0,26.0,Living together as married,Full time
CAN,124071917,1.0,1.0,1.0,1.0,8.0,9.0,9.0,An atheist,5.0,Male,1985.0,34.0,Living together as married,Full time
CAN,124071918,1.0,2.0,1.0,2.0,8.0,7.0,10.0,Not a religious person,5.0,Male,1962.0,58.0,Living together as married,Full time
CAN,124071919,1.0,1.0,1.0,1.0,9.0,9.0,8.0,An atheist,7.0,Female,2002.0,18.0,Single,Student
CAN,124071920,1.0,1.0,2.0,2.0,9.0,9.0,9.0,Not a religious person,4.0,Female,1991.0,29.0,Living together as married,Full time
CAN,124071921,1.0,1.0,1.0,2.0,5.0,4.0,5.0,Not a religious person,6.0,Female,1966.0,54.0,Separated,Full time
CAN,124071922,1.0,2.0,2.0,1.0,7.0,7.0,9.0,A religious person,3.0,Male,1952.0,68.0,Single,Retired/pensioned
CAN,124071923,1.0,1.0,1.0,2.0,10.0,10.0,10.0,A religious person,10.0,Male,1980.0,40.0,Married,Full time
CAN,124071924,1.0,2.0,2.0,2.0,9.0,9.0,7.0,A religious person,5.0,Female,1974.0,45.0,Married,Full time
CAN,124071926,1.0,1.0,2.0,2.0,9.0,9.0,10.0,Not a religious person,3.0,Male,1955.0,65.0,Married,Self employed
CAN,124071927,1.0,1.0,1.0,2.0,9.0,9.0,10.0,Not a religious person,10.0,Female,1971.0,49.0,Living together as married,Full time
CAN,124071928,1.0,2.0,2.0,2.0,8.0,7.0,5.0,A religious person,5.0,Female,1989.0,31.0,Single,Part time
CAN,124071930,1.0,1.0,1.0,2.0,9.0,9.0,9.0,A religious person,3.0,Male,1954.0,66.0,Living together as married,Self employed
CAN,124071931,1.0,1.0,1.0,4.0,8.0,8.0,6.0,Not a religious person,5.0,Male,1946.0,74.0,Married,Retired/pensioned
CAN,124071932,1.0,1.0,1.0,3.0,10.0,9.0,10.0,Not a religious person,5.0,Female,1954.0,66.0,Married,Retired/pensioned
CAN,124071933,1.0,2.0,1.0,2.0,4.0,4.0,4.0,Not a religious person,6.0,Male,1982.0,38.0,Living together as married,Homemaker not otherwise employed
CAN,124071934,1.0,1.0,1.0,2.0,10.0,10.0,9.0,Not a religious person,4.0,Male,1979.0,41.0,Living together as married,Full time
CAN,124071936,1.0,1.0,1.0,1.0,9.0,9.0,7.0,Not a religious person,5.0,Female,1986.0,34.0,Married,Full time
CAN,124071938,1.0,2.0,1.0,1.0,10.0,8.0,8.0,An atheist,8.0,Male,1966.0,54.0,Married,Full time
CAN,124071939,1.0,2.0,1.0,2.0,10.0,10.0,8.0,A religious person,8.0,Male,1944.0,76.0,Married,Retired/pensioned
CAN,124071941,2.0,2.0,1.0,3.0,6.0,6.0,5.0,Not a religious person,8.0,Female,1966.0,53.0,Married,Full time
CAN,124071942,4.0,1.0,1.0,4.0,6.0,1.0,1.0,A religious person,5.0,Female,1953.0,66.0,Married,Retired/pensioned
CAN,124071943,1.0,1.0,1.0,2.0,9.0,9.0,8.0,Not a religious person,7.0,Male,1989.0,31.0,Living together as married,Full time
CAN,124071945,1.0,3.0,1.0,2.0,10.0,3.0,1.0,An atheist,5.0,Male,1990.0,29.0,Single,Unemployed
CAN,124071946,1.0,1.0,1.0,2.0,7.0,8.0,7.0,Not a religious person,7.0,Female,1997.0,23.0,Single,Full time
CAN,124071947,1.0,4.0,1.0,4.0,10.0,9.0,7.0,Not a religious person,6.0,Female,1972.0,48.0,Married,Full time
CAN,124071948,2.0,2.0,2.0,2.0,7.0,3.0,4.0,Not a religious person,4.0,Male,1962.0,58.0,Single,Full time
CAN,124071950,2.0,2.0,2.0,3.0,8.0,7.0,8.0,An atheist,2.0,Male,1975.0,45.0,Separated,Full time
CAN,124071951,1.0,1.0,1.0,1.0,6.0,8.0,6.0,A religious person,5.0,Male,1987.0,32.0,Single,Full time
CAN,124071952,1.0,1.0,1.0,2.0,10.0,10.0,10.0,Not a religious person,5.0,Female,1994.0,26.0,Single,Full time
CAN,124071953,1.0,4.0,2.0,2.0,7.0,6.0,6.0,Not a religious person,6.0,Male,1995.0,25.0,Married,Unemployed
CAN,124071956,2.0,1.0,3.0,1.0,10.0,8.0,6.0,Not a religious person,6.0,Male,1961.0,59.0,Separated,Homemaker not otherwise employed
CAN,124071957,1.0,2.0,2.0,2.0,7.0,7.0,6.0,Not a religious person,5.0,Female,1979.0,41.0,Separated,Other
CAN,124071958,1.0,1.0,1.0,2.0,7.0,9.0,7.0,A religious person,5.0,Female,1988.0,32.0,Married,Full time
CAN,124071961,1.0,3.0,3.0,2.0,5.0,7.0,5.0,A religious person,5.0,Male,1973.0,47.0,Married,Part time
CAN,124071962,2.0,1.0,2.0,3.0,6.0,3.0,2.0,A religious person,7.0,Male,1953.0,66.0,Married,Retired/pensioned
CAN,124071963,2.0,2.0,1.0,1.0,5.0,5.0,5.0,Not a religious person,5.0,Female,1992.0,23.0,Single,Part time
CAN,124071964,2.0,3.0,2.0,1.0,6.0,6.0,5.0,Not a religious person,6.0,Female,1956.0,64.0,Married,Part time
CAN,124071965,1.0,2.0,2.0,2.0,8.0,5.0,4.0,A religious person,6.0,Female,1990.0,30.0,Single,Full time
CAN,124071968,1.0,1.0,1.0,2.0,6.0,6.0,6.0,An atheist,10.0,Male,1974.0,46.0,Married,Full time
CAN,124071970,1.0,1.0,2.0,2.0,8.0,8.0,8.0,A religious person,5.0,Female,1979.0,41.0,Married,Part time
CAN,124071971,1.0,2.0,1.0,1.0,7.0,9.0,7.0,A religious person,3.0,Female,1988.0,32.0,Married,Full time
CAN,124071974,3.0,2.0,2.0,3.0,7.0,7.0,9.0,Not a religious person,2.0,Female,2000.0,20.0,Single,Student
CAN,124071981,1.0,1.0,2.0,2.0,7.0,6.0,5.0,An atheist,3.0,Female,1994.0,26.0,Living together as married,Full time
CAN,124072015,1.0,1.0,1.0,2.0,8.0,8.0,7.0,A religious person,8.0,Female,1956.0,63.0,Married,Unemployed
CAN,124072047,1.0,1.0,1.0,1.0,6.0,4.0,3.0,An atheist,3.0,Male,1984.0,35.0,Married,Full time
CAN,124072081,1.0,1.0,2.0,2.0,7.0,6.0,7.0,Not a religious person,4.0,Female,1981.0,39.0,Married,Unemployed
CAN,124072082,1.0,2.0,3.0,3.0,1.0,2.0,5.0,A religious person,5.0,Female,1981.0,39.0,Single,Unemployed
CAN,124072083,2.0,2.0,1.0,3.0,9.0,9.0,9.0,Not a religious person,1.0,Female,1991.0,28.0,Single,Full time
CAN,124072084,1.0,1.0,1.0,1.0,9.0,8.0,1.0,Not a religious person,6.0,Male,1988.0,32.0,Single,Unemployed
CAN,124072085,1.0,1.0,1.0,2.0,6.0,6.0,4.0,Not a religious person,5.0,Male,1961.0,59.0,Married,Part time
CAN,124072087,1.0,1.0,1.0,1.0,8.0,8.0,8.0,An atheist,4.0,Female,1980.0,40.0,Single,Full time
CAN,124072088,2.0,2.0,2.0,2.0,9.0,9.0,9.0,An atheist,9.0,Female,1974.0,45.0,Widowed,Retired/pensioned
CAN,124072089,1.0,2.0,1.0,1.0,10.0,8.0,10.0,Not a religious person,5.0,Female,1970.0,50.0,Married,Full time
CAN,124072091,1.0,1.0,2.0,2.0,7.0,7.0,7.0,A religious person,5.0,Female,1989.0,31.0,Living together as married,Full time
CAN,124072092,1.0,1.0,2.0,2.0,8.0,7.0,3.0,Not a religious person,3.0,Female,1978.0,42.0,Living together as married,Self employed
CAN,124072093,2.0,2.0,1.0,3.0,8.0,6.0,3.0,A religious person,8.0,Male,1959.0,61.0,Married,Retired/pensioned
CAN,124072095,1.0,2.0,2.0,2.0,7.0,7.0,8.0,Not a religious person,5.0,Male,1977.0,43.0,Married,Full time
CAN,124072096,2.0,2.0,2.0,3.0,7.0,6.0,9.0,Not a religious person,3.0,Female,1992.0,28.0,Single,Full time
CAN,124072098,4.0,2.0,1.0,3.0,8.0,8.0,7.0,An atheist,5.0,Female,1966.0,54.0,Married,Part time
CAN,124072099,1.0,2.0,2.0,2.0,9.0,7.0,8.0,Not a religious person,3.0,Male,1957.0,63.0,Living together as married,Retired/pensioned
CAN,124072100,2.0,3.0,1.0,1.0,6.0,5.0,4.0,Not a religious person,4.0,Female,1984.0,36.0,Married,Full time
CAN,124072101,1.0,1.0,2.0,3.0,9.0,8.0,8.0,Not a religious person,5.0,Female,1966.0,54.0,Living together as married,Other
CAN,124072102,2.0,1.0,1.0,1.0,6.0,6.0,5.0,An atheist,7.0,Male,1992.0,28.0,Living together as married,Full time
CAN,124072103,1.0,2.0,2.0,1.0,8.0,7.0,7.0,Not a religious person,5.0,Female,1943.0,77.0,Widowed,Retired/pensioned
CAN,124072104,1.0,2.0,1.0,1.0,9.0,6.0,7.0,Not a religious person,8.0,Female,1966.0,54.0,Living together as married,Full time
CAN,124072105,1.0,4.0,1.0,1.0,8.0,7.0,5.0,Not a religious person,5.0,Male,1987.0,33.0,Separated,Full time
CAN,124072107,1.0,1.0,2.0,1.0,3.0,6.0,7.0,A religious person,5.0,Male,1995.0,24.0,Living together as married,Full time
CAN,124072108,1.0,2.0,1.0,1.0,7.0,7.0,7.0,An atheist,5.0,Female,1999.0,21.0,Living together as married,Full time
CAN,124072109,1.0,1.0,2.0,2.0,9.0,7.0,5.0,An atheist,5.0,Male,1982.0,38.0,Single,Self employed
CAN,124072110,1.0,1.0,1.0,2.0,8.0,7.0,9.0,An atheist,8.0,Male,1963.0,57.0,Married,Retired/pensioned
CAN,124072111,1.0,1.0,1.0,2.0,7.0,8.0,7.0,Not a religious person,9.0,Male,1975.0,45.0,Separated,Self employed
CAN,124072112,1.0,1.0,1.0,2.0,8.0,7.0,9.0,Not a religious person,4.0,Female,1985.0,35.0,Living together as married,Full time
CAN,124072113,1.0,1.0,1.0,2.0,8.0,8.0,8.0,An atheist,2.0,Female,1976.0,44.0,Living together as married,Full time
CAN,124072114,2.0,1.0,1.0,2.0,6.0,4.0,6.0,Not a religious person,4.0,Male,1995.0,24.0,Single,Full time
CAN,124072115,2.0,1.0,1.0,1.0,8.0,7.0,4.0,A religious person,5.0,Male,1997.0,22.0,Single,Full time
CAN,124072116,1.0,2.0,1.0,2.0,9.0,8.0,6.0,A religious person,7.0,Male,1991.0,29.0,Married,Student
CAN,124072117,1.0,2.0,2.0,2.0,7.0,6.0,6.0,A religious person,6.0,Female,1966.0,53.0,Married,Full time
CAN,124072118,1.0,2.0,1.0,3.0,10.0,10.0,7.0,Not a religious person,5.0,Female,1988.0,32.0,Single,Full time
CAN,124072119,2.0,2.0,1.0,4.0,8.0,7.0,7.0,An atheist,7.0,Male,1959.0,60.0,Married,Retired/pensioned
CAN,124072120,1.0,2.0,1.0,2.0,7.0,8.0,4.0,Not a religious person,6.0,Male,2000.0,20.0,Living together as married,Student
CAN,124072121,1.0,2.0,1.0,4.0,9.0,8.0,9.0,A religious person,8.0,Female,1954.0,65.0,Widowed,Retired/pensioned
CAN,124072122,1.0,2.0,1.0,2.0,8.0,9.0,7.0,A religious person,4.0,Female,1998.0,22.0,Single,Full time
CAN,124072123,1.0,2.0,2.0,1.0,9.0,9.0,10.0,Not a religious person,7.0,Female,1967.0,52.0,Married,Full time
CAN,124072124,1.0,2.0,1.0,1.0,7.0,7.0,7.0,An atheist,8.0,Male,1972.0,48.0,Single,Full time
CAN,124072125,1.0,1.0,1.0,1.0,5.0,7.0,7.0,Not a religious person,7.0,Male,1965.0,55.0,Married,Full time
CAN,124072126,1.0,1.0,1.0,1.0,7.0,7.0,4.0,A religious person,6.0,Male,1987.0,33.0,Single,Full time
CAN,124072127,1.0,2.0,2.0,2.0,7.0,8.0,8.0,Not a religious person,3.0,Male,1980.0,40.0,Married,Full time
CAN,124072128,1.0,1.0,2.0,2.0,7.0,6.0,3.0,An atheist,2.0,Female,2000.0,20.0,Single,Student
CAN,124072129,1.0,2.0,1.0,3.0,8.0,7.0,7.0,Not a religious person,5.0,Male,1971.0,49.0,Married,Unemployed
CAN,124072130,1.0,1.0,1.0,2.0,8.0,9.0,6.0,A religious person,5.0,Female,1992.0,28.0,Married,Full time
CAN,124072131,1.0,3.0,3.0,1.0,10.0,8.0,9.0,Not a religious person,5.0,Male,1990.0,30.0,Married,Full time
CAN,124072132,1.0,2.0,1.0,1.0,10.0,7.0,10.0,Not a religious person,5.0,Female,1975.0,45.0,Married,Part time
CAN,124072133,1.0,2.0,1.0,2.0,10.0,9.0,10.0,A religious person,6.0,Male,1968.0,52.0,Married,Self employed
CAN,124072134,2.0,1.0,2.0,2.0,6.0,7.0,6.0,Not a religious person,2.0,Male,1998.0,22.0,Single,Full time
CAN,124072136,2.0,2.0,2.0,2.0,6.0,4.0,7.0,An atheist,3.0,Female,2001.0,19.0,Single,Student
CAN,124072137,1.0,2.0,2.0,1.0,9.0,8.0,10.0,A religious person,10.0,Male,1987.0,33.0,Married,Full time
CAN,124072140,1.0,2.0,2.0,3.0,8.0,8.0,3.0,Not a religious person,6.0,Female,1987.0,33.0,Married,Homemaker not otherwise employed
CAN,124072141,1.0,1.0,1.0,1.0,6.0,6.0,7.0,Not a religious person,7.0,Male,1975.0,45.0,Divorced,Full time
CAN,124072142,1.0,2.0,2.0,1.0,8.0,5.0,2.0,A religious person,5.0,Male,1950.0,70.0,Separated,Self employed
CAN,124072143,1.0,1.0,3.0,2.0,6.0,7.0,8.0,A religious person,7.0,Male,1990.0,30.0,Married,Full time
CAN,124072144,1.0,2.0,2.0,2.0,8.0,7.0,7.0,A religious person,5.0,Female,2002.0,18.0,Single,Student
CAN,124072145,1.0,2.0,2.0,2.0,9.0,8.0,7.0,Not a religious person,3.0,Female,1979.0,40.0,Married,Full time
CAN,124072146,2.0,2.0,1.0,1.0,5.0,3.0,3.0,Not a religious person,4.0,Male,1991.0,29.0,Single,Self employed
CAN,124072147,2.0,2.0,2.0,2.0,9.0,7.0,8.0,Not a religious person,7.0,Female,1993.0,27.0,Living together as married,Part time
CAN,124072148,1.0,2.0,1.0,4.0,8.0,8.0,7.0,Not a religious person,2.0,Male,1981.0,39.0,Married,Full time
CAN,124072149,3.0,1.0,2.0,2.0,7.0,7.0,7.0,An atheist,10.0,Male,1977.0,43.0,Single,Full time
CAN,124072150,1.0,2.0,2.0,2.0,9.0,9.0,9.0,A religious person,5.0,Female,1951.0,69.0,Living together as married,Retired/pensioned
CAN,124072151,1.0,1.0,1.0,2.0,10.0,10.0,4.0,Not a religious person,4.0,Male,1989.0,30.0,Married,Full time
CAN,124072152,1.0,2.0,2.0,2.0,10.0,6.0,9.0,Not a religious person,5.0,Male,2001.0,19.0,Single,Student
CAN,124072153,1.0,2.0,1.0,1.0,8.0,2.0,1.0,Not a religious person,4.0,Male,1984.0,36.0,Single,Full time
CAN,124072154,1.0,1.0,2.0,1.0,8.0,8.0,8.0,A religious person,7.0,Female,1992.0,27.0,Single,Full time
CAN,124072155,2.0,2.0,2.0,2.0,7.0,7.0,6.0,Not a religious person,7.0,Male,1987.0,33.0,Married,Full time
CAN,124072156,1.0,2.0,3.0,1.0,8.0,7.0,8.0,A religious person,8.0,Male,1993.0,28.0,Married,Full time
CAN,124072157,1.0,2.0,2.0,2.0,7.0,5.0,2.0,Not a religious person,4.0,Female,1997.0,22.0,Single,Full time
CAN,124072158,1.0,1.0,1.0,1.0,7.0,8.0,8.0,Not a religious person,5.0,Male,1970.0,50.0,Married,Full time
CAN,124072159,1.0,3.0,2.0,1.0,6.0,4.0,3.0,A religious person,5.0,Male,1960.0,60.0,Married,Self employed
CAN,124072161,1.0,1.0,1.0,2.0,9.0,8.0,8.0,An atheist,2.0,Male,1984.0,36.0,Married,Full time
CAN,124072162,1.0,1.0,1.0,2.0,9.0,7.0,7.0,A religious person,5.0,Female,1957.0,62.0,Divorced,Self employed
CAN,124072163,1.0,1.0,3.0,2.0,3.0,2.0,2.0,An atheist,1.0,Female,2002.0,18.0,Single,Full time
CAN,124072164,2.0,2.0,2.0,1.0,9.0,10.0,10.0,An atheist,6.0,Male,1982.0,38.0,Single,Self employed
CAN,124072165,1.0,1.0,2.0,4.0,9.0,9.0,9.0,An atheist,5.0,Female,1944.0,76.0,Married,Retired/pensioned
CAN,124072166,1.0,1.0,3.0,4.0,7.0,6.0,4.0,A religious person,8.0,Female,1944.0,76.0,Widowed,Retired/pensioned
CAN,124072167,2.0,2.0,3.0,1.0,9.0,8.0,7.0,Not a religious person,8.0,Male,1979.0,41.0,Living together as married,Student
CAN,124072168,1.0,2.0,3.0,3.0,8.0,7.0,7.0,An atheist,3.0,Female,1971.0,48.0,Living together as married,Full time
CAN,124072169,2.0,2.0,2.0,3.0,7.0,5.0,4.0,Not a religious person,5.0,Female,1968.0,51.0,Married,Unemployed
CAN,124072170,1.0,1.0,1.0,2.0,7.0,5.0,3.0,Not a religious person,7.0,Male,1990.0,30.0,Single,Full time
CAN,124072171,2.0,3.0,4.0,4.0,8.0,8.0,6.0,Not a religious person,2.0,Female,1950.0,70.0,Divorced,Retired/pensioned
CAN,124072172,1.0,2.0,2.0,2.0,7.0,8.0,5.0,Not a religious person,5.0,Female,2002.0,18.0,Single,Student
CAN,124072173,1.0,1.0,1.0,1.0,7.0,7.0,4.0,Not a religious person,5.0,Male,1984.0,36.0,Living together as married,Part time
CAN,124072174,1.0,1.0,1.0,2.0,8.0,8.0,7.0,An atheist,4.0,Female,1949.0,71.0,Divorced,Retired/pensioned
CAN,124072175,1.0,2.0,2.0,4.0,8.0,8.0,8.0,Not a religious person,2.0,Female,1952.0,68.0,Married,Retired/pensioned
CAN,124072176,4.0,4.0,2.0,4.0,8.0,9.0,9.0,An atheist,1.0,Male,1952.0,68.0,Separated,Retired/pensioned
CAN,124072177,1.0,1.0,1.0,1.0,8.0,5.0,7.0,Not a religious person,7.0,Male,1990.0,30.0,Single,Full time
CAN,124072178,1.0,1.0,1.0,2.0,6.0,8.0,4.0,A religious person,6.0,Male,1998.0,22.0,Single,Student
CAN,124072179,3.0,2.0,2.0,3.0,2.0,1.0,1.0,An atheist,5.0,Male,1997.0,22.0,Single,Student
CAN,124072180,1.0,2.0,1.0,2.0,7.0,8.0,6.0,A religious person,5.0,Male,1982.0,38.0,Married,Full time
CAN,124072181,1.0,1.0,1.0,1.0,9.0,10.0,6.0,A religious person,3.0,Male,1999.0,21.0,Single,Part time
CAN,124072182,2.0,1.0,1.0,2.0,6.0,8.0,4.0,An atheist,5.0,Male,1997.0,22.0,Single,Unemployed
CAN,124072183,1.0,1.0,2.0,1.0,9.0,5.0,4.0,A religious person,1.0,Male,1960.0,60.0,Married,Self employed
CAN,124072184,1.0,2.0,2.0,2.0,6.0,4.0,9.0,Not a religious person,3.0,Male,1965.0,54.0,Single,Full time
CAN,124072185,1.0,2.0,2.0,2.0,7.0,7.0,7.0,A religious person,6.0,Male,1992.0,28.0,Married,Full time
CAN,124072186,1.0,2.0,3.0,1.0,4.0,5.0,6.0,A religious person,10.0,Male,1971.0,49.0,Living together as married,Full time
CAN,124072187,1.0,1.0,1.0,2.0,10.0,4.0,3.0,Not a religious person,6.0,Male,1982.0,38.0,Married,Full time
CAN,124072189,2.0,2.0,1.0,3.0,9.0,6.0,3.0,An atheist,8.0,Male,1960.0,60.0,Living together as married,Retired/pensioned
CAN,124072190,1.0,1.0,1.0,1.0,8.0,8.0,9.0,Not a religious person,4.0,Male,1985.0,35.0,Single,Full time
CAN,124072191,2.0,1.0,2.0,2.0,7.0,8.0,7.0,Not a religious person,3.0,Female,1991.0,29.0,Single,Full time
CAN,124072192,1.0,2.0,2.0,2.0,7.0,6.0,4.0,An atheist,2.0,Male,1989.0,30.0,Married,Full time
CAN,124072193,1.0,1.0,2.0,4.0,8.0,8.0,5.0,A religious person,5.0,Female,1958.0,88.0,Widowed,Retired/pensioned
CAN,124072195,2.0,3.0,1.0,2.0,7.0,9.0,9.0,A religious person,9.0,Male,1986.0,34.0,Married,Full time
CAN,124072196,1.0,1.0,2.0,1.0,5.0,5.0,5.0,An atheist,5.0,Female,2000.0,20.0,Single,Student
CAN,124072197,1.0,1.0,1.0,3.0,8.0,9.0,5.0,Not a religious person,8.0,Male,1945.0,75.0,Married,Retired/pensioned
CAN,124072198,1.0,1.0,1.0,2.0,10.0,9.0,8.0,A religious person,5.0,Female,1948.0,71.0,Widowed,Retired/pensioned
CAN,124072199,2.0,2.0,2.0,2.0,10.0,9.0,8.0,Not a religious person,5.0,Male,1954.0,66.0,Married,Retired/pensioned
CAN,124072200,1.0,2.0,2.0,2.0,3.0,4.0,9.0,A religious person,9.0,Female,1946.0,73.0,Married,Retired/pensioned
CAN,124072201,1.0,1.0,1.0,1.0,7.0,8.0,8.0,A religious person,5.0,Male,1988.0,32.0,Married,Full time
CAN,124072202,1.0,2.0,2.0,2.0,8.0,7.0,8.0,A religious person,6.0,Male,1950.0,70.0,Married,Retired/pensioned
CAN,124072203,1.0,1.0,1.0,1.0,8.0,8.0,8.0,A religious person,9.0,Male,1985.0,34.0,Married,Full time
CAN,124072204,1.0,1.0,1.0,1.0,9.0,7.0,8.0,An atheist,2.0,Male,1968.0,52.0,Living together as married,Full time
CAN,124072205,1.0,1.0,2.0,2.0,7.0,9.0,5.0,Not a religious person,3.0,Female,2000.0,20.0,Single,Student
CAN,124072206,2.0,2.0,1.0,1.0,7.0,7.0,5.0,Not a religious person,4.0,Male,1967.0,53.0,Divorced,Full time
CAN,124072207,2.0,2.0,2.0,4.0,7.0,8.0,9.0,Not a religious person,5.0,Female,1954.0,66.0,Single,Retired/pensioned
CAN,124072209,1.0,2.0,2.0,1.0,8.0,7.0,4.0,An atheist,5.0,Female,1978.0,42.0,Living together as married,Part time
CAN,124072210,1.0,2.0,2.0,2.0,3.0,7.0,3.0,Not a religious person,5.0,Female,1993.0,26.0,Living together as married,Full time
CAN,124072211,1.0,1.0,2.0,4.0,8.0,8.0,8.0,An atheist,6.0,Male,1953.0,67.0,Living together as married,Retired/pensioned
CAN,124072212,2.0,3.0,2.0,2.0,8.0,7.0,9.0,Not a religious person,5.0,Female,1988.0,31.0,Single,Full time
CAN,124072213,2.0,2.0,2.0,2.0,9.0,8.0,6.0,Not a religious person,5.0,Female,1996.0,23.0,Widowed,Student
CAN,124072214,2.0,3.0,1.0,4.0,6.0,7.0,5.0,A religious person,6.0,Female,1948.0,72.0,Married,Retired/pensioned
CAN,124072215,1.0,2.0,2.0,2.0,7.0,7.0,7.0,Not a religious person,5.0,Female,1973.0,47.0,Married,Homemaker not otherwise employed
CAN,124072216,2.0,2.0,2.0,2.0,8.0,7.0,9.0,An atheist,4.0,Male,1967.0,53.0,Living together as married,Full time
CAN,124072217,1.0,2.0,2.0,3.0,5.0,5.0,3.0,A religious person,7.0,Male,1968.0,51.0,Single,Retired/pensioned
CAN,124072218,2.0,2.0,2.0,2.0,9.0,9.0,7.0,An atheist,5.0,Male,1973.0,47.0,Divorced,Full time
CAN,124072219,1.0,2.0,2.0,3.0,6.0,5.0,4.0,A religious person,5.0,Male,1971.0,49.0,Living together as married,Other
CAN,124072220,2.0,2.0,2.0,3.0,8.0,8.0,9.0,Not a religious person,8.0,Female,1988.0,32.0,Married,Full time
CAN,124072221,1.0,2.0,1.0,1.0,5.0,5.0,3.0,Not a religious person,5.0,Female,1974.0,45.0,Single,Full time
CAN,124072222,1.0,1.0,1.0,1.0,7.0,7.0,7.0,A religious person,4.0,Male,1979.0,40.0,Married,Part time
CAN,124072223,1.0,2.0,3.0,4.0,5.0,6.0,6.0,Not a religious person,5.0,Male,1948.0,71.0,Married,Retired/pensioned
CAN,124072224,1.0,2.0,1.0,1.0,7.0,4.0,6.0,A religious person,10.0,Male,1991.0,28.0,Single,Full time
CAN,124072226,1.0,3.0,1.0,2.0,6.0,5.0,4.0,A religious person,5.0,Female,1970.0,50.0,Married,Homemaker not otherwise employed
CAN,124072227,1.0,2.0,2.0,1.0,7.0,8.0,6.0,An atheist,5.0,Female,1989.0,31.0,Single,Unemployed
CAN,124072228,1.0,1.0,2.0,1.0,7.0,6.0,6.0,An atheist,3.0,Female,1982.0,38.0,Single,Full time
CAN,124072229,1.0,1.0,2.0,2.0,9.0,6.0,6.0,A religious person,5.0,Female,1979.0,41.0,Married,Full time
CAN,124072231,1.0,2.0,2.0,2.0,5.0,7.0,8.0,An atheist,6.0,Female,1981.0,38.0,Living together as married,Self employed
CAN,124072232,3.0,3.0,1.0,1.0,6.0,4.0,8.0,Not a religious person,8.0,Male,1961.0,58.0,Single,Full time
CAN,124072233,1.0,2.0,1.0,1.0,9.0,9.0,9.0,Not a religious person,4.0,Male,1956.0,63.0,Married,Full time
CAN,124072234,1.0,1.0,2.0,2.0,8.0,8.0,7.0,A religious person,8.0,Female,1974.0,46.0,Single,Full time
CAN,124072235,2.0,2.0,1.0,2.0,9.0,8.0,8.0,An atheist,2.0,Female,1981.0,39.0,Divorced,Full time
CAN,124072236,3.0,2.0,1.0,4.0,10.0,10.0,10.0,A religious person,4.0,Male,1952.0,68.0,Married,Retired/pensioned
CAN,124072237,1.0,2.0,2.0,2.0,6.0,7.0,7.0,An atheist,4.0,Male,1990.0,30.0,Single,Full time
CAN,124072238,1.0,2.0,2.0,2.0,4.0,2.0,3.0,A religious person,5.0,Female,1970.0,50.0,Single,Other
CAN,124072239,2.0,2.0,1.0,2.0,7.0,7.0,6.0,A religious person,5.0,Male,2001.0,19.0,Single,Part time
CAN,124072240,1.0,1.0,1.0,1.0,9.0,9.0,8.0,Not a religious person,6.0,Male,1960.0,60.0,Married,Self employed
CAN,124072243,3.0,2.0,2.0,2.0,5.0,5.0,4.0,Not a religious person,5.0,Male,1967.0,53.0,Divorced,Full time
CAN,124072244,1.0,1.0,1.0,1.0,6.0,7.0,7.0,Not a religious person,7.0,Female,1993.0,27.0,Living together as married,Full time
CAN,124072245,2.0,2.0,2.0,1.0,7.0,7.0,3.0,Not a religious person,2.0,Female,1993.0,27.0,Single,Unemployed
CAN,124072246,2.0,1.0,2.0,2.0,9.0,8.0,10.0,An atheist,3.0,Female,1982.0,38.0,Living together as married,Full time
CAN,124072247,1.0,1.0,1.0,4.0,10.0,10.0,10.0,A religious person,2.0,Female,1950.0,70.0,Divorced,Retired/pensioned
CAN,124072248,1.0,1.0,1.0,2.0,8.0,8.0,8.0,A religious person,7.0,Male,1953.0,67.0,Married,Retired/pensioned
CAN,124072249,2.0,1.0,1.0,1.0,8.0,7.0,10.0,A religious person,2.0,Female,2001.0,19.0,Single,Student
CAN,124072250,1.0,1.0,2.0,1.0,7.0,7.0,5.0,A religious person,7.0,Female,1958.0,62.0,Divorced,Part time
CAN,124072251,1.0,1.0,1.0,2.0,7.0,7.0,7.0,Not a religious person,3.0,Male,1996.0,24.0,Single,Full time
CAN,124072252,1.0,1.0,1.0,1.0,6.0,8.0,7.0,Not a religious person,7.0,Female,1988.0,31.0,Single,Part time
CAN,124072253,2.0,1.0,1.0,2.0,8.0,9.0,9.0,A religious person,5.0,Male,1985.0,35.0,Single,Homemaker not otherwise employed
CAN,124072254,1.0,3.0,1.0,1.0,8.0,7.0,8.0,A religious person,9.0,Male,1980.0,39.0,Married,Full time
CAN,124072255,1.0,1.0,2.0,2.0,9.0,7.0,4.0,Not a religious person,5.0,Female,1997.0,23.0,Single,Full time
CAN,124072256,1.0,2.0,1.0,1.0,7.0,7.0,7.0,Not a religious person,7.0,Male,1995.0,25.0,Married,Part time
CAN,124072257,1.0,2.0,2.0,3.0,8.0,8.0,8.0,A religious person,5.0,Female,1986.0,34.0,Living together as married,Homemaker not otherwise employed
CAN,124072258,1.0,1.0,2.0,3.0,9.0,8.0,9.0,A religious person,2.0,Female,1960.0,59.0,Married,Retired/pensioned
CAN,124072260,1.0,1.0,1.0,1.0,9.0,5.0,6.0,Not a religious person,10.0,Male,1970.0,50.0,Married,Full time
CAN,124072261,1.0,2.0,2.0,2.0,6.0,5.0,7.0,Not a religious person,5.0,Female,1967.0,53.0,Single,Full time
CAN,124072263,1.0,2.0,3.0,1.0,9.0,9.0,8.0,A religious person,5.0,Male,1935.0,85.0,Widowed,Retired/pensioned
CAN,124072264,2.0,2.0,2.0,3.0,6.0,5.0,6.0,Not a religious person,5.0,Female,1969.0,51.0,Single,Full time
CAN,124072265,1.0,1.0,1.0,1.0,7.0,7.0,9.0,A religious person,6.0,Male,1965.0,55.0,Married,Full time
CAN,124072266,1.0,1.0,2.0,1.0,8.0,8.0,8.0,An atheist,8.0,Male,1987.0,32.0,Married,Full time
CAN,124072267,1.0,3.0,2.0,2.0,8.0,8.0,7.0,Not a religious person,5.0,Male,1975.0,45.0,Single,Full time
CAN,124072268,1.0,2.0,2.0,3.0,10.0,10.0,10.0,A religious person,2.0,Male,1955.0,65.0,Married,Self employed
CAN,124072269,1.0,2.0,2.0,3.0,5.0,8.0,2.0,Not a religious person,5.0,Female,1974.0,46.0,Single,Other
CAN,124072270,1.0,2.0,1.0,4.0,4.0,2.0,3.0,A religious person,6.0,Male,1962.0,58.0,Married,Retired/pensioned
CAN,124072271,1.0,1.0,1.0,2.0,5.0,4.0,3.0,A religious person,7.0,Male,1955.0,65.0,Married,Unemployed
CAN,124072272,1.0,1.0,2.0,2.0,7.0,5.0,5.0,Not a religious person,2.0,Female,1995.0,24.0,Single,Full time
CAN,124072273,1.0,1.0,2.0,1.0,10.0,7.0,7.0,A religious person,4.0,Female,1995.0,25.0,Married,Full time
CAN,124072275,3.0,1.0,2.0,2.0,7.0,5.0,3.0,Not a religious person,3.0,Male,1999.0,20.0,Single,Part time
CAN,124072276,1.0,1.0,1.0,1.0,10.0,10.0,7.0,A religious person,5.0,Male,1978.0,42.0,Living together as married,Other
CAN,124072277,1.0,2.0,2.0,2.0,6.0,5.0,3.0,Not a religious person,5.0,Male,1969.0,51.0,Living together as married,Other
CAN,124072278,1.0,2.0,2.0,1.0,6.0,6.0,6.0,Not a religious person,6.0,Female,1989.0,31.0,Single,Full time
CAN,124072279,1.0,1.0,2.0,2.0,8.0,9.0,7.0,Not a religious person,1.0,Female,2002.0,18.0,Single,Part time
CAN,124072280,2.0,2.0,1.0,1.0,9.0,7.0,7.0,A religious person,2.0,Female,1999.0,21.0,Single,Part time
CAN,124072281,1.0,3.0,2.0,1.0,8.0,8.0,3.0,A religious person,3.0,Female,2001.0,19.0,Single,Student
CAN,124072282,1.0,3.0,1.0,2.0,10.0,6.0,9.0,An atheist,4.0,Male,1981.0,39.0,Married,Full time
CAN,124072283,2.0,2.0,1.0,2.0,7.0,8.0,8.0,A religious person,5.0,Female,1990.0,30.0,Married,Full time
CAN,124072284,1.0,2.0,3.0,2.0,8.0,8.0,8.0,A religious person,7.0,Male,1963.0,57.0,Married,Full time
CAN,124072285,1.0,1.0,2.0,2.0,7.0,7.0,6.0,An atheist,4.0,Female,1997.0,23.0,Single,Student
CAN,124072286,1.0,1.0,2.0,1.0,9.0,9.0,10.0,A religious person,8.0,Male,1979.0,41.0,Married,Full time
CAN,124072287,1.0,1.0,1.0,1.0,7.0,8.0,9.0,A religious person,8.0,Male,1977.0,42.0,Divorced,Self employed
CAN,124072289,1.0,1.0,1.0,4.0,9.0,8.0,7.0,Not a religious person,3.0,Female,1953.0,66.0,Married,Retired/pensioned
CAN,124072291,1.0,1.0,1.0,1.0,7.0,7.0,5.0,An atheist,10.0,Male,1989.0,31.0,Single,Full time
CAN,124072292,2.0,3.0,2.0,4.0,10.0,10.0,10.0,An atheist,6.0,Male,1958.0,61.0,Living together as married,Retired/pensioned
CAN,124072293,1.0,1.0,1.0,1.0,7.0,7.0,5.0,Not a religious person,5.0,Female,1965.0,54.0,Married,Homemaker not otherwise employed
CAN,124072294,1.0,3.0,1.0,2.0,5.0,6.0,6.0,Not a religious person,5.0,Male,1966.0,54.0,Married,Full time
CAN,124072296,1.0,2.0,2.0,2.0,7.0,7.0,7.0,A religious person,6.0,Female,1995.0,25.0,Single,Full time
CAN,124072297,1.0,2.0,1.0,2.0,10.0,8.0,6.0,A religious person,6.0,Female,1979.0,41.0,Living together as married,Self employed
CAN,124072298,1.0,1.0,2.0,1.0,8.0,8.0,4.0,An atheist,3.0,Female,1999.0,21.0,Single,Part time
CAN,124072300,1.0,2.0,2.0,2.0,4.0,4.0,3.0,A religious person,7.0,Female,1992.0,28.0,Married,Unemployed
CAN,124072302,1.0,1.0,2.0,1.0,8.0,6.0,6.0,An atheist,4.0,Female,1993.0,27.0,Single,Unemployed
CAN,124072303,2.0,2.0,2.0,2.0,7.0,5.0,7.0,Not a religious person,7.0,Male,1968.0,52.0,Married,Full time
CAN,124072304,1.0,2.0,1.0,2.0,10.0,8.0,6.0,Not a religious person,5.0,Male,1977.0,43.0,Married,Full time
CAN,124072305,1.0,1.0,1.0,2.0,9.0,7.0,8.0,Not a religious person,5.0,Female,1984.0,36.0,Married,Full time
CAN,124072308,1.0,1.0,1.0,2.0,9.0,6.0,8.0,Not a religious person,3.0,Female,1991.0,28.0,Single,Full time
CAN,124072309,1.0,1.0,1.0,1.0,10.0,8.0,2.0,Not a religious person,3.0,Female,1999.0,20.0,Single,Student
CAN,124072310,1.0,2.0,1.0,2.0,4.0,4.0,6.0,Not a religious person,5.0,Male,1993.0,27.0,Living together as married,Full time
CAN,124072311,1.0,2.0,1.0,2.0,6.0,7.0,5.0,Not a religious person,3.0,Female,1987.0,33.0,Married,Homemaker not otherwise employed
CAN,124072312,2.0,2.0,2.0,3.0,7.0,5.0,8.0,A religious person,5.0,Female,1963.0,57.0,Married,Homemaker not otherwise employed
CAN,124072313,1.0,2.0,1.0,2.0,8.0,7.0,3.0,Not a religious person,5.0,Female,1992.0,28.0,Living together as married,Full time
CAN,124072314,1.0,2.0,2.0,4.0,10.0,10.0,10.0,An atheist,5.0,Male,1945.0,75.0,Living together as married,Retired/pensioned
CAN,124072315,1.0,2.0,2.0,3.0,5.0,4.0,6.0,Not a religious person,6.0,Male,1976.0,43.0,Single,Retired/pensioned
CAN,124072316,2.0,2.0,2.0,2.0,8.0,6.0,5.0,A religious person,5.0,Male,1973.0,47.0,Married,Full time
CAN,124072317,2.0,2.0,2.0,2.0,7.0,7.0,7.0,Not a religious person,4.0,Male,1970.0,50.0,Married,Full time
CAN,124072318,2.0,3.0,1.0,4.0,7.0,7.0,6.0,An atheist,2.0,Female,1971.0,49.0,Single,Retired/pensioned
CAN,124072319,1.0,1.0,2.0,3.0,8.0,8.0,8.0,A religious person,8.0,Male,1943.0,77.0,Married,Retired/pensioned
CAN,124072320,1.0,2.0,1.0,2.0,7.0,7.0,6.0,Not a religious person,3.0,Female,2000.0,20.0,Living together as married,Student
CAN,124072321,1.0,2.0,2.0,2.0,8.0,7.0,7.0,An atheist,2.0,Female,1997.0,23.0,Single,Unemployed
CAN,124072322,1.0,2.0,1.0,2.0,6.0,3.0,6.0,Not a religious person,10.0,Male,1980.0,40.0,Married,Full time
CAN,124072323,1.0,4.0,3.0,4.0,10.0,10.0,8.0,Not a religious person,6.0,Female,1972.0,48.0,Married,Other
CAN,124072324,1.0,1.0,2.0,1.0,8.0,6.0,8.0,Not a religious person,2.0,Male,1972.0,48.0,Married,Full time
CAN,124072325,1.0,2.0,1.0,2.0,8.0,8.0,5.0,Not a religious person,9.0,Male,1958.0,62.0,Married,Full time
CAN,124072326,1.0,3.0,2.0,2.0,7.0,8.0,7.0,An atheist,5.0,Female,1970.0,50.0,Living together as married,Student
CAN,124072327,1.0,1.0,1.0,3.0,8.0,8.0,5.0,An atheist,8.0,Male,1959.0,61.0,Separated,Retired/pensioned
CAN,124072328,1.0,1.0,2.0,4.0,6.0,8.0,8.0,A religious person,4.0,Female,1940.0,79.0,Widowed,Retired/pensioned
CAN,124072329,1.0,1.0,1.0,2.0,8.0,8.0,7.0,An atheist,5.0,Male,1961.0,59.0,Married,Full time
CAN,124072330,1.0,1.0,2.0,2.0,7.0,7.0,7.0,An atheist,3.0,Male,1982.0,38.0,Living together as married,Full time
CAN,124072331,1.0,2.0,2.0,2.0,6.0,6.0,4.0,A religious person,6.0,Male,2000.0,20.0,Single,Part time
CAN,124072332,1.0,1.0,1.0,2.0,7.0,8.0,10.0,Not a religious person,2.0,Female,2000.0,20.0,Single,Student
CAN,124072334,1.0,3.0,1.0,3.0,6.0,6.0,7.0,A religious person,5.0,Female,1966.0,53.0,Married,Retired/pensioned
CAN,124072335,1.0,1.0,2.0,4.0,4.0,3.0,2.0,A religious person,2.0,Female,1954.0,66.0,Widowed,Retired/pensioned
CAN,124072336,1.0,3.0,1.0,3.0,4.0,1.0,1.0,An atheist,3.0,Female,1995.0,25.0,Single,Full time
CAN,124072338,1.0,2.0,2.0,2.0,7.0,8.0,10.0,An atheist,3.0,Female,1960.0,59.0,Divorced,Retired/pensioned
CAN,124072339,2.0,2.0,2.0,2.0,6.0,4.0,3.0,An atheist,4.0,Male,1966.0,54.0,Married,Full time
CAN,124072340,1.0,2.0,1.0,2.0,7.0,7.0,7.0,An atheist,1.0,Male,1982.0,38.0,Living together as married,Full time
CAN,124072341,1.0,1.0,1.0,2.0,8.0,7.0,6.0,Not a religious person,5.0,Female,1996.0,24.0,Single,Full time
CAN,124072342,1.0,1.0,1.0,2.0,8.0,8.0,9.0,A religious person,5.0,Female,1989.0,31.0,Living together as married,Full time
CAN,124072343,1.0,4.0,1.0,4.0,3.0,2.0,1.0,Not a religious person,2.0,Female,1955.0,65.0,Divorced,Retired/pensioned
CAN,124072344,1.0,1.0,2.0,4.0,7.0,8.0,2.0,Not a religious person,6.0,Female,1964.0,55.0,Divorced,Other
CAN,124072345,1.0,2.0,2.0,2.0,8.0,6.0,5.0,An atheist,5.0,Female,1976.0,44.0,Married,Homemaker not otherwise employed
CAN,124072346,1.0,3.0,1.0,1.0,8.0,8.0,5.0,An atheist,10.0,Female,1981.0,38.0,Married,Homemaker not otherwise employed
CAN,124072347,1.0,3.0,2.0,1.0,5.0,7.0,5.0,Not a religious person,6.0,Female,2002.0,18.0,Living together as married,Self employed
CAN,124072348,1.0,2.0,2.0,2.0,7.0,5.0,4.0,Not a religious person,3.0,Female,1991.0,29.0,Living together as married,Full time
CAN,124072349,1.0,2.0,2.0,2.0,8.0,6.0,3.0,Not a religious person,4.0,Female,1985.0,35.0,Single,Unemployed
CAN,124072350,1.0,2.0,2.0,2.0,10.0,8.0,7.0,A religious person,5.0,Female,1952.0,67.0,Married,Retired/pensioned
CAN,124072351,2.0,2.0,1.0,2.0,8.0,7.0,6.0,Not a religious person,3.0,Male,1984.0,36.0,Married,Full time
CAN,124072352,1.0,2.0,3.0,2.0,7.0,8.0,5.0,Not a religious person,1.0,Female,1955.0,65.0,Living together as married,Retired/pensioned
CAN,124072354,1.0,1.0,1.0,1.0,8.0,7.0,9.0,Not a religious person,4.0,Female,1993.0,27.0,Single,Full time
CAN,124072355,1.0,2.0,1.0,1.0,7.0,8.0,6.0,Not a religious person,8.0,Male,1964.0,56.0,Single,Self employed
CAN,124072356,1.0,2.0,3.0,1.0,8.0,8.0,3.0,Not a religious person,5.0,Female,1952.0,68.0,Living together as married,Full time
CAN,124072357,1.0,1.0,1.0,1.0,4.0,5.0,2.0,A religious person,10.0,Male,1947.0,73.0,Married,Full time
CAN,124072360,1.0,1.0,1.0,1.0,10.0,8.0,3.0,An atheist,8.0,Female,1976.0,43.0,Living together as married,Unemployed
CAN,124072361,1.0,1.0,1.0,2.0,7.0,4.0,2.0,A religious person,10.0,Male,1977.0,43.0,Living together as married,Full time
CAN,124072362,1.0,1.0,1.0,2.0,8.0,9.0,9.0,A religious person,5.0,Male,1955.0,65.0,Married,Retired/pensioned
CAN,124072363,1.0,1.0,1.0,2.0,8.0,7.0,8.0,Not a religious person,7.0,Male,1979.0,36.0,Living together as married,Full time
CAN,124072364,1.0,1.0,1.0,1.0,9.0,10.0,9.0,A religious person,5.0,Female,1999.0,21.0,Single,Full time
CAN,124072366,1.0,2.0,3.0,2.0,5.0,4.0,5.0,Not a religious person,3.0,Female,1982.0,38.0,Living together as married,Full time
CAN,124072367,1.0,2.0,2.0,2.0,8.0,8.0,10.0,A religious person,4.0,Female,1971.0,49.0,Married,Homemaker not otherwise employed
CAN,124072368,1.0,1.0,1.0,1.0,7.0,6.0,5.0,A religious person,8.0,Male,1988.0,32.0,Married,Full time
CAN,124072370,1.0,2.0,1.0,1.0,8.0,9.0,8.0,A religious person,5.0,Male,1969.0,51.0,Married,Full time
CAN,124072371,1.0,2.0,1.0,1.0,5.0,5.0,2.0,A religious person,7.0,Male,1983.0,36.0,Married,Full time
CAN,124072372,1.0,1.0,1.0,1.0,8.0,5.0,3.0,Not a religious person,7.0,Male,1987.0,33.0,Married,Full time
CAN,124072373,1.0,1.0,1.0,2.0,8.0,9.0,7.0,An atheist,3.0,Male,1955.0,64.0,Married,Self employed
CAN,124072374,1.0,2.0,1.0,2.0,8.0,9.0,6.0,A religious person,5.0,Female,1994.0,26.0,Living together as married,Full time
CAN,124072375,1.0,1.0,1.0,3.0,8.0,8.0,7.0,A religious person,9.0,Male,1939.0,81.0,Married,Retired/pensioned
CAN,124072376,1.0,1.0,1.0,2.0,8.0,8.0,8.0,A religious person,6.0,Female,1954.0,66.0,Married,Part time
CAN,124072377,1.0,2.0,3.0,1.0,8.0,9.0,9.0,A religious person,1.0,Male,1940.0,79.0,Married,Self employed
CAN,124072378,1.0,1.0,1.0,2.0,6.0,7.0,8.0,A religious person,3.0,Female,2002.0,18.0,Single,Student
CAN,124072379,2.0,2.0,1.0,3.0,9.0,9.0,9.0,A religious person,6.0,Male,1946.0,74.0,Married,Retired/pensioned
CAN,124072380,1.0,2.0,3.0,4.0,7.0,6.0,7.0,Not a religious person,1.0,Female,1973.0,47.0,Divorced,Unemployed
CAN,124072381,1.0,1.0,2.0,1.0,9.0,8.0,9.0,Not a religious person,4.0,Male,1943.0,77.0,Married,Self employed
CAN,124072382,2.0,2.0,1.0,2.0,5.0,5.0,7.0,Not a religious person,5.0,Male,1974.0,46.0,Married,Full time
CAN,124072383,1.0,1.0,1.0,2.0,8.0,9.0,5.0,A religious person,8.0,Female,1975.0,45.0,Married,Full time
CAN,124072384,1.0,1.0,2.0,1.0,6.0,3.0,3.0,A religious person,5.0,Male,1968.0,52.0,Married,Retired/pensioned
CAN,124072385,1.0,2.0,1.0,1.0,8.0,8.0,7.0,An atheist,3.0,Male,1986.0,33.0,Living together as married,Full time
CAN,124072387,2.0,1.0,1.0,2.0,7.0,8.0,7.0,Not a religious person,3.0,Female,1996.0,23.0,Single,Student
CAN,124072388,1.0,1.0,2.0,4.0,8.0,8.0,7.0,Not a religious person,2.0,Female,1943.0,77.0,Widowed,Retired/pensioned
CAN,124072389,1.0,1.0,1.0,2.0,10.0,8.0,7.0,Not a religious person,5.0,Female,1957.0,63.0,Married,Self employed
CAN,124072391,1.0,3.0,2.0,2.0,6.0,6.0,4.0,An atheist,3.0,Female,1994.0,26.0,Living together as married,Full time
CAN,124072392,1.0,1.0,2.0,2.0,7.0,8.0,8.0,An atheist,8.0,Female,1999.0,21.0,Single,Student
CAN,124072393,1.0,1.0,1.0,2.0,8.0,9.0,7.0,A religious person,4.0,Male,2001.0,19.0,Single,Student
CAN,124072394,1.0,1.0,1.0,2.0,9.0,10.0,9.0,Not a religious person,7.0,Male,1974.0,46.0,Single,Full time
CAN,124072395,1.0,1.0,2.0,2.0,7.0,8.0,8.0,A religious person,2.0,Male,1948.0,71.0,Married,Retired/pensioned
CAN,124072396,1.0,1.0,2.0,1.0,8.0,8.0,8.0,Not a religious person,10.0,Female,2002.0,18.0,Single,Full time
CAN,124072397,1.0,2.0,2.0,2.0,7.0,7.0,8.0,A religious person,6.0,Male,1951.0,51.0,Single,Full time
CAN,124072398,2.0,2.0,2.0,2.0,7.0,7.0,5.0,Not a religious person,1.0,Male,1985.0,34.0,Living together as married,Student
CAN,124072399,1.0,1.0,1.0,2.0,4.0,6.0,7.0,Not a religious person,4.0,Male,1962.0,58.0,Living together as married,Full time
CAN,124072400,1.0,1.0,1.0,2.0,3.0,6.0,2.0,Not a religious person,5.0,Female,1943.0,77.0,Divorced,Retired/pensioned
CAN,124072401,1.0,1.0,2.0,2.0,9.0,6.0,8.0,An atheist,3.0,Female,1986.0,34.0,Living together as married,Full time
CAN,124072402,1.0,2.0,2.0,2.0,8.0,8.0,8.0,A religious person,6.0,Female,1978.0,41.0,Married,Full time
CAN,124072403,1.0,1.0,2.0,2.0,7.0,8.0,9.0,An atheist,2.0,Female,1950.0,70.0,Married,Self employed
CAN,124072405,1.0,1.0,2.0,2.0,8.0,8.0,8.0,Not a religious person,5.0,Male,1954.0,66.0,Married,Retired/pensioned
CAN,124072406,1.0,3.0,2.0,3.0,6.0,7.0,5.0,An atheist,1.0,Female,1971.0,49.0,Married,Full time
CAN,124072407,1.0,2.0,2.0,2.0,8.0,7.0,6.0,An atheist,4.0,Female,1996.0,23.0,Single,Part time
CAN,124072408,1.0,1.0,1.0,2.0,8.0,8.0,8.0,Not a religious person,5.0,Female,1985.0,35.0,Living together as married,Full time
CAN,124072409,2.0,1.0,1.0,2.0,8.0,8.0,8.0,An atheist,5.0,Male,1945.0,75.0,Separated,Retired/pensioned
CAN,124072410,2.0,2.0,2.0,2.0,5.0,5.0,3.0,A religious person,5.0,Female,2001.0,19.0,Single,Student
CAN,124072411,2.0,4.0,3.0,4.0,3.0,5.0,5.0,An atheist,6.0,Male,1952.0,68.0,Living together as married,Retired/pensioned
CAN,124072413,1.0,1.0,2.0,2.0,10.0,8.0,8.0,A religious person,5.0,Female,1951.0,69.0,Married,Retired/pensioned
CAN,124072414,1.0,2.0,1.0,4.0,5.0,6.0,8.0,An atheist,5.0,Female,1942.0,77.0,Widowed,Retired/pensioned
CAN,124072416,1.0,1.0,1.0,3.0,8.0,7.0,8.0,Not a religious person,8.0,Male,1989.0,31.0,Married,Full time
CAN,124072419,2.0,2.0,2.0,2.0,8.0,6.0,8.0,A religious person,6.0,Male,2000.0,20.0,Single,Full time
CAN,124072420,1.0,1.0,1.0,1.0,10.0,10.0,10.0,A religious person,3.0,Male,1961.0,59.0,Married,Full time
CAN,124072421,1.0,2.0,2.0,2.0,10.0,10.0,10.0,Not a religious person,7.0,Male,1947.0,72.0,Married,Retired/pensioned
CAN,124072422,1.0,1.0,1.0,3.0,6.0,6.0,3.0,Not a religious person,5.0,Male,1994.0,26.0,Single,Part time
CAN,124072424,2.0,3.0,1.0,4.0,7.0,7.0,9.0,An atheist,3.0,Male,1950.0,70.0,Single,Retired/pensioned
CAN,124072425,1.0,1.0,1.0,1.0,7.0,4.0,7.0,Not a religious person,1.0,Female,1994.0,26.0,Single,Part time
CAN,124072426,3.0,2.0,1.0,4.0,10.0,10.0,10.0,A religious person,5.0,Male,1949.0,71.0,Married,Retired/pensioned
CAN,124072427,1.0,2.0,1.0,3.0,8.0,8.0,6.0,Not a religious person,1.0,Female,1989.0,31.0,Married,Part time
CAN,124072428,1.0,1.0,1.0,1.0,8.0,10.0,9.0,A religious person,5.0,Female,1989.0,31.0,Married,Homemaker not otherwise employed
CAN,124072429,3.0,3.0,2.0,3.0,8.0,8.0,5.0,Not a religious person,4.0,Male,1952.0,68.0,Single,Retired/pensioned
CAN,124072431,1.0,2.0,1.0,1.0,8.0,7.0,9.0,An atheist,6.0,Male,1942.0,78.0,Married,Retired/pensioned
CAN,124072433,1.0,2.0,2.0,1.0,8.0,8.0,8.0,Not a religious person,4.0,Male,1969.0,51.0,Single,Full time
CAN,124072434,1.0,1.0,2.0,2.0,7.0,1.0,3.0,Not a religious person,5.0,Female,1996.0,24.0,Single,Student
CAN,124072435,1.0,2.0,1.0,2.0,8.0,7.0,3.0,Not a religious person,5.0,Male,1972.0,47.0,Married,Full time
CAN,124072436,2.0,2.0,1.0,2.0,8.0,7.0,7.0,A religious person,4.0,Male,1990.0,30.0,Single,Full time
CAN,124072437,1.0,1.0,1.0,2.0,7.0,5.0,4.0,An atheist,5.0,Male,1981.0,39.0,Single,Full time
CAN,124072438,1.0,1.0,1.0,4.0,10.0,10.0,9.0,Not a religious person,8.0,Male,1946.0,74.0,Married,Retired/pensioned
CAN,124072439,3.0,1.0,2.0,2.0,5.0,5.0,5.0,Not a religious person,7.0,Female,1955.0,65.0,Divorced,Full time
CAN,124072441,2.0,3.0,3.0,2.0,7.0,8.0,8.0,A religious person,6.0,Male,1960.0,60.0,Married,Full time
CAN,124072442,2.0,2.0,2.0,2.0,9.0,9.0,9.0,A religious person,5.0,Male,1996.0,23.0,Single,Part time
CAN,124072443,1.0,1.0,2.0,1.0,9.0,8.0,8.0,Not a religious person,6.0,Female,1934.0,86.0,Divorced,Retired/pensioned
CAN,124072444,1.0,1.0,2.0,2.0,8.0,8.0,8.0,Not a religious person,3.0,Male,1957.0,63.0,Living together as married,Retired/pensioned
CAN,124072445,2.0,1.0,1.0,1.0,5.0,5.0,2.0,A religious person,2.0,Male,1985.0,35.0,Living together as married,Unemployed
CAN,124072447,1.0,1.0,1.0,2.0,10.0,8.0,8.0,Not a religious person,3.0,Male,1987.0,33.0,Married,Full time
CAN,124072448,1.0,1.0,1.0,1.0,9.0,10.0,8.0,A religious person,10.0,Female,1957.0,62.0,Married,Unemployed
CAN,124072449,1.0,2.0,2.0,2.0,7.0,8.0,8.0,A religious person,7.0,Male,1993.0,27.0,Married,Full time
CAN,124072450,1.0,3.0,1.0,2.0,5.0,7.0,8.0,Not a religious person,8.0,Male,1959.0,61.0,Single,Self employed
CAN,124072451,1.0,1.0,1.0,2.0,7.0,6.0,6.0,Not a religious person,4.0,Female,1982.0,38.0,Living together as married,Full time
CAN,124072453,1.0,2.0,1.0,4.0,9.0,9.0,10.0,An atheist,9.0,Male,1948.0,71.0,Married,Retired/pensioned
CAN,124072454,1.0,1.0,2.0,3.0,9.0,9.0,6.0,A religious person,7.0,Male,1957.0,63.0,Married,Retired/pensioned
CAN,124072455,1.0,1.0,2.0,2.0,6.0,7.0,7.0,Not a religious person,8.0,Female,1985.0,35.0,Single,Full time
CAN,124072457,1.0,1.0,2.0,3.0,9.0,8.0,7.0,A religious person,9.0,Female,1944.0,76.0,Married,Retired/pensioned
CAN,124072458,1.0,1.0,1.0,4.0,9.0,10.0,10.0,A religious person,10.0,Male,1938.0,82.0,Married,Retired/pensioned
CAN,124072460,3.0,1.0,1.0,4.0,4.0,6.0,7.0,An atheist,6.0,Male,1966.0,54.0,Single,Full time
CAN,124072461,2.0,2.0,2.0,2.0,9.0,9.0,9.0,An atheist,6.0,Male,1956.0,64.0,Married,Retired/pensioned
CAN,124072462,2.0,2.0,1.0,2.0,8.0,6.0,6.0,An atheist,3.0,Female,1996.0,24.0,Single,Full time
CAN,124072463,2.0,2.0,2.0,3.0,7.0,4.0,2.0,Not a religious person,3.0,Male,1958.0,62.0,Single,Unemployed
CAN,124072464,1.0,1.0,1.0,2.0,8.0,9.0,8.0,A religious person,8.0,Male,1985.0,35.0,Living together as married,Full time
CAN,124072465,2.0,3.0,1.0,1.0,5.0,8.0,3.0,Not a religious person,5.0,Female,1994.0,25.0,Married,Full time
CAN,124072466,1.0,1.0,1.0,2.0,9.0,9.0,7.0,Not a religious person,7.0,Female,1970.0,50.0,Divorced,Full time
CAN,124072467,2.0,2.0,2.0,3.0,6.0,7.0,8.0,An atheist,2.0,Male,1947.0,72.0,Married,Retired/pensioned
CAN,124072468,1.0,2.0,2.0,2.0,7.0,7.0,5.0,A religious person,4.0,Female,1946.0,74.0,Widowed,Retired/pensioned
CAN,124072469,1.0,2.0,1.0,3.0,8.0,8.0,4.0,A religious person,2.0,Male,1948.0,71.0,Single,Retired/pensioned
CAN,124072471,1.0,1.0,2.0,2.0,8.0,8.0,10.0,A religious person,9.0,Female,1990.0,30.0,Married,Part time
CAN,124072472,1.0,2.0,1.0,3.0,9.0,9.0,9.0,A religious person,3.0,Male,1953.0,67.0,Divorced,Retired/pensioned
CAN,124072473,1.0,2.0,1.0,4.0,8.0,8.0,8.0,An atheist,2.0,Male,1952.0,68.0,Married,Retired/pensioned
CAN,124072474,1.0,1.0,1.0,2.0,8.0,7.0,6.0,A religious person,7.0,Female,1989.0,31.0,Married,Full time
CAN,124072475,1.0,2.0,2.0,2.0,9.0,8.0,6.0,Not a religious person,7.0,Female,1998.0,22.0,Single,Student
CAN,124072476,1.0,3.0,3.0,1.0,6.0,7.0,6.0,A religious person,5.0,Male,1992.0,29.0,Single,Unemployed
CAN,124072477,1.0,2.0,3.0,1.0,5.0,5.0,5.0,Not a religious person,5.0,Male,1966.0,54.0,Married,Full time
CAN,124072478,1.0,3.0,3.0,3.0,6.0,8.0,3.0,Not a religious person,3.0,Male,1961.0,59.0,Married,Retired/pensioned
CAN,124072479,1.0,1.0,1.0,1.0,9.0,8.0,9.0,An atheist,3.0,Male,1985.0,35.0,Living together as married,Full time
CAN,124072480,1.0,3.0,2.0,1.0,8.0,9.0,6.0,Not a religious person,4.0,Male,1978.0,42.0,Married,Full time
CAN,124072481,1.0,2.0,2.0,1.0,8.0,8.0,10.0,A religious person,8.0,Female,1954.0,66.0,Married,Retired/pensioned
CAN,124072482,1.0,2.0,2.0,2.0,9.0,9.0,9.0,A religious person,5.0,Female,1958.0,62.0,Married,Retired/pensioned
CAN,124072483,2.0,1.0,1.0,1.0,9.0,9.0,5.0,A religious person,5.0,Female,1991.0,29.0,Single,Full time
CAN,124072484,1.0,1.0,2.0,1.0,7.0,8.0,6.0,A religious person,5.0,Female,1954.0,66.0,Separated,Retired/pensioned
CAN,124072485,1.0,1.0,1.0,2.0,5.0,7.0,8.0,A religious person,5.0,Female,1953.0,67.0,Married,Retired/pensioned
CAN,124072487,1.0,1.0,1.0,1.0,8.0,8.0,8.0,A religious person,3.0,Male,1987.0,33.0,Married,Full time
CAN,124072488,2.0,2.0,2.0,2.0,6.0,4.0,3.0,An atheist,3.0,Male,1969.0,51.0,Single,Full time
CAN,124072489,1.0,1.0,1.0,2.0,10.0,8.0,9.0,An atheist,4.0,Male,1960.0,59.0,Widowed,Retired/pensioned
CAN,124072490,2.0,1.0,1.0,1.0,6.0,8.0,7.0,Not a religious person,6.0,Male,1984.0,35.0,Single,Full time
CAN,124072492,1.0,2.0,2.0,2.0,10.0,7.0,6.0,Not a religious person,5.0,Male,1985.0,35.0,Single,Full time
CAN,124072493,1.0,1.0,1.0,1.0,9.0,9.0,9.0,A religious person,9.0,Male,1990.0,30.0,Married,Full time
CAN,124072494,1.0,2.0,1.0,2.0,8.0,7.0,1.0,A religious person,10.0,Male,1970.0,50.0,Married,Other
CAN,124072495,1.0,2.0,2.0,1.0,8.0,9.0,7.0,A religious person,9.0,Male,1968.0,52.0,Married,Full time
CAN,124072496,1.0,1.0,1.0,2.0,7.0,8.0,7.0,A religious person,7.0,Female,1948.0,72.0,Married,Retired/pensioned
CAN,124072498,2.0,1.0,1.0,3.0,5.0,6.0,6.0,An atheist,3.0,Male,1992.0,27.0,Single,Part time
CAN,124072499,2.0,1.0,2.0,1.0,5.0,3.0,6.0,An atheist,4.0,Female,2001.0,19.0,Single,Full time
CAN,124072500,1.0,1.0,1.0,2.0,10.0,10.0,10.0,A religious person,6.0,Male,1968.0,52.0,Married,Self employed
CAN,124072501,1.0,3.0,3.0,2.0,9.0,8.0,6.0,Not a religious person,7.0,Female,1947.0,74.0,Married,Full time
CAN,124072502,1.0,3.0,2.0,1.0,7.0,10.0,10.0,A religious person,9.0,Female,1953.0,67.0,Married,Retired/pensioned
CAN,124072504,1.0,1.0,1.0,1.0,3.0,6.0,1.0,A religious person,7.0,Male,1981.0,39.0,Separated,Full time
CAN,124072505,1.0,1.0,1.0,2.0,6.0,7.0,3.0,An atheist,3.0,Female,1972.0,48.0,Single,Unemployed
CAN,124072507,1.0,1.0,1.0,1.0,10.0,6.0,8.0,Not a religious person,10.0,Female,1983.0,37.0,Living together as married,Part time
CAN,124072508,1.0,1.0,1.0,1.0,7.0,8.0,7.0,Not a religious person,3.0,Female,1998.0,21.0,Single,Full time
CAN,124072511,1.0,1.0,1.0,1.0,9.0,8.0,8.0,A religious person,5.0,Female,1974.0,46.0,Married,Full time
CAN,124072512,2.0,2.0,2.0,2.0,7.0,7.0,6.0,Not a religious person,5.0,Male,1976.0,44.0,Single,Full time
CAN,124072513,1.0,2.0,1.0,2.0,7.0,7.0,4.0,A religious person,4.0,Female,1990.0,30.0,Married,Other
CAN,124072515,1.0,1.0,1.0,1.0,10.0,7.0,6.0,Not a religious person,6.0,Female,1976.0,44.0,Living together as married,Full time
CAN,124072516,2.0,2.0,2.0,1.0,8.0,4.0,2.0,Not a religious person,7.0,Male,1966.0,54.0,Married,Full time
CAN,124072517,2.0,1.0,2.0,3.0,7.0,8.0,7.0,Not a religious person,4.0,Female,1972.0,48.0,Divorced,Retired/pensioned
CAN,124072518,1.0,2.0,1.0,1.0,8.0,6.0,3.0,An atheist,5.0,Male,1984.0,36.0,Married,Part time
CAN,124072520,1.0,2.0,2.0,4.0,8.0,8.0,4.0,Not a religious person,8.0,Male,1953.0,67.0,Separated,Retired/pensioned
CAN,124072521,1.0,2.0,1.0,2.0,8.0,8.0,10.0,Not a religious person,4.0,Female,1963.0,56.0,Married,Full time
CAN,124072522,1.0,2.0,1.0,2.0,10.0,7.0,7.0,Not a religious person,6.0,Female,1966.0,54.0,Living together as married,Part time
CAN,124072523,1.0,1.0,1.0,3.0,7.0,3.0,2.0,Not a religious person,1.0,Female,1998.0,22.0,Single,Part time
CAN,124072524,1.0,2.0,1.0,1.0,6.0,9.0,7.0,A religious person,4.0,Female,1983.0,37.0,Married,Self employed
CAN,124072525,1.0,2.0,2.0,1.0,8.0,7.0,6.0,An atheist,1.0,Female,1984.0,36.0,Single,Full time
CAN,124072526,1.0,1.0,2.0,1.0,9.0,8.0,8.0,Not a religious person,2.0,Female,1971.0,49.0,Married,Full time
CAN,124072527,1.0,1.0,2.0,1.0,8.0,7.0,6.0,Not a religious person,5.0,Female,1991.0,29.0,Living together as married,Full time
CAN,124072528,1.0,2.0,2.0,1.0,8.0,8.0,7.0,An atheist,4.0,Male,1969.0,51.0,Married,Unemployed
CAN,124072529,1.0,1.0,2.0,2.0,8.0,7.0,7.0,Not a religious person,3.0,Female,1989.0,31.0,Single,Full time
CAN,124072530,1.0,1.0,1.0,1.0,3.0,3.0,3.0,Not a religious person,8.0,Female,2000.0,20.0,Single,Student
CAN,124072531,1.0,2.0,2.0,2.0,9.0,9.0,8.0,Not a religious person,5.0,Male,1973.0,47.0,Married,Full time
CAN,124072532,3.0,2.0,2.0,3.0,8.0,8.0,6.0,An atheist,5.0,Male,1955.0,65.0,Living together as married,Retired/pensioned
CAN,124072533,1.0,1.0,1.0,4.0,8.0,7.0,5.0,A religious person,4.0,Female,1953.0,67.0,Married,Retired/pensioned
CAN,124072534,1.0,1.0,1.0,1.0,8.0,8.0,8.0,A religious person,8.0,Male,1995.0,25.0,Living together as married,Part time
CAN,124072535,1.0,2.0,2.0,2.0,7.0,7.0,7.0,Not a religious person,5.0,Male,1964.0,56.0,Married,Full time
CAN,124072537,1.0,1.0,2.0,4.0,6.0,8.0,6.0,A religious person,5.0,Female,1951.0,69.0,Divorced,Retired/pensioned
CAN,124072538,2.0,1.0,1.0,1.0,4.0,5.0,4.0,Not a religious person,1.0,Female,1999.0,21.0,Living together as married,Student
CAN,124072539,1.0,1.0,1.0,1.0,8.0,8.0,5.0,Not a religious person,7.0,Male,1992.0,28.0,Married,Full time
CAN,124072540,1.0,1.0,1.0,2.0,7.0,6.0,7.0,A religious person,3.0,Male,1989.0,31.0,Single,Student
CAN,124072541,1.0,3.0,1.0,4.0,9.0,5.0,6.0,An atheist,5.0,Male,1978.0,42.0,Divorced,Homemaker not otherwise employed
CAN,124072545,1.0,2.0,1.0,3.0,4.0,5.0,2.0,Not a religious person,2.0,Female,1996.0,24.0,Living together as married,Homemaker not otherwise employed
CAN,124072546,1.0,1.0,1.0,2.0,7.0,6.0,6.0,Not a religious person,5.0,Female,1987.0,33.0,Married,Full time
CAN,124072547,1.0,3.0,2.0,1.0,9.0,7.0,7.0,A religious person,1.0,Male,1983.0,37.0,Single,Full time
CAN,124072548,1.0,2.0,2.0,2.0,7.0,7.0,7.0,Not a religious person,6.0,Male,1995.0,25.0,Single,Full time
CAN,124072549,1.0,2.0,1.0,4.0,7.0,5.0,8.0,Not a religious person,5.0,Female,1959.0,61.0,Married,Retired/pensioned
CAN,124072550,1.0,1.0,1.0,2.0,8.0,8.0,8.0,Not a religious person,5.0,Female,1982.0,38.0,Married,Part time
CAN,124072551,1.0,2.0,1.0,4.0,7.0,7.0,9.0,A religious person,5.0,Male,1961.0,59.0,Married,Retired/pensioned
CAN,124072552,1.0,1.0,1.0,1.0,7.0,8.0,7.0,A religious person,8.0,Female,2002.0,18.0,Single,Student
CAN,124072553,1.0,1.0,1.0,1.0,9.0,8.0,9.0,A religious person,7.0,Male,1989.0,31.0,Married,Full time
CAN,124072554,1.0,2.0,3.0,4.0,9.0,8.0,10.0,An atheist,6.0,Male,1943.0,77.0,Married,Retired/pensioned
CAN,124072555,1.0,1.0,1.0,1.0,7.0,7.0,7.0,Not a religious person,8.0,Female,1986.0,34.0,Living together as married,Full time
CAN,124072557,2.0,2.0,2.0,2.0,8.0,4.0,6.0,Not a religious person,5.0,Female,1966.0,54.0,Married,Full time
CAN,124072558,1.0,2.0,1.0,2.0,7.0,6.0,4.0,A religious person,3.0,Female,1998.0,22.0,Single,Full time
CAN,124072559,1.0,2.0,2.0,1.0,7.0,7.0,6.0,A religious person,7.0,Female,1958.0,61.0,Married,Full time
CAN,124072560,1.0,1.0,1.0,1.0,8.0,9.0,6.0,Not a religious person,1.0,Female,1992.0,27.0,Living together as married,Full time
CAN,124072561,1.0,3.0,3.0,4.0,7.0,7.0,8.0,A religious person,3.0,Male,1947.0,73.0,Married,Retired/pensioned
CAN,124072562,1.0,2.0,2.0,2.0,9.0,7.0,4.0,Not a religious person,1.0,Female,1983.0,37.0,Single,Student
CAN,124072563,2.0,2.0,1.0,1.0,9.0,7.0,7.0,Not a religious person,2.0,Male,1973.0,47.0,Living together as married,Full time
CAN,124072565,1.0,1.0,1.0,2.0,8.0,9.0,9.0,A religious person,7.0,Male,1978.0,42.0,Married,Self employed
CAN,124072566,1.0,2.0,2.0,2.0,9.0,8.0,7.0,Not a religious person,3.0,Male,1980.0,40.0,Living together as married,Full time
CAN,124072567,1.0,2.0,2.0,1.0,9.0,9.0,7.0,An atheist,4.0,Female,1981.0,39.0,Living together as married,Full time
CAN,124072568,1.0,1.0,1.0,1.0,9.0,9.0,8.0,Not a religious person,4.0,Female,1970.0,50.0,Married,Part time
CAN,124072569,1.0,2.0,2.0,1.0,7.0,3.0,7.0,Not a religious person,3.0,Female,2001.0,19.0,Single,Student
CAN,124072570,1.0,2.0,1.0,2.0,5.0,5.0,5.0,Not a religious person,5.0,Female,1995.0,25.0,Married,Part time
CAN,124072571,1.0,1.0,2.0,4.0,3.0,3.0,10.0,Not a religious person,10.0,Female,1950.0,70.0,Widowed,Retired/pensioned
CAN,124072573,2.0,2.0,2.0,2.0,8.0,7.0,7.0,Not a religious person,4.0,Male,2001.0,18.0,Single,Student
CAN,124072574,2.0,2.0,2.0,2.0,6.0,6.0,5.0,Not a religious person,6.0,Male,1995.0,25.0,Single,Unemployed
CAN,124072575,1.0,2.0,2.0,2.0,8.0,7.0,7.0,A religious person,5.0,Male,1978.0,41.0,Married,Full time
CAN,124072576,1.0,1.0,2.0,1.0,10.0,10.0,9.0,Not a religious person,5.0,Male,1969.0,51.0,Single,Full time
CAN,124072577,2.0,1.0,1.0,1.0,9.0,9.0,9.0,An atheist,5.0,Male,1961.0,59.0,Single,Full time
CAN,124072578,1.0,2.0,2.0,1.0,10.0,7.0,5.0,A religious person,3.0,Female,1961.0,59.0,Single,Full time
CAN,124072579,1.0,1.0,1.0,1.0,9.0,5.0,6.0,A religious person,5.0,Female,1995.0,25.0,Single,Full time
CAN,124072580,1.0,1.0,1.0,2.0,3.0,2.0,2.0,Not a religious person,1.0,Male,1989.0,30.0,Single,Unemployed
CAN,124072583,1.0,1.0,1.0,1.0,8.0,8.0,8.0,Not a religious person,5.0,Male,1991.0,29.0,Married,Full time
CAN,124072584,1.0,1.0,1.0,2.0,8.0,7.0,5.0,Not a religious person,8.0,Female,1989.0,30.0,Living together as married,Part time
CAN,124072585,1.0,1.0,1.0,2.0,6.0,5.0,3.0,A religious person,5.0,Female,1990.0,30.0,Living together as married,Self employed
CAN,124072586,1.0,1.0,2.0,2.0,7.0,5.0,9.0,Not a religious person,3.0,Female,1964.0,56.0,Single,Full time
CAN,124072587,3.0,2.0,1.0,2.0,5.0,6.0,6.0,An atheist,4.0,Female,1968.0,52.0,Single,Full time
CAN,124072588,2.0,2.0,1.0,3.0,8.0,5.0,9.0,A religious person,5.0,Female,1992.0,28.0,Living together as married,Self employed
CAN,124072589,2.0,3.0,1.0,1.0,8.0,7.0,8.0,Not a religious person,5.0,Male,2002.0,18.0,Living together as married,Full time
CAN,124072590,1.0,1.0,2.0,1.0,9.0,8.0,10.0,A religious person,8.0,Female,1998.0,22.0,Married,Full time
CAN,124072591,1.0,1.0,3.0,1.0,7.0,3.0,6.0,A religious person,1.0,Male,1994.0,26.0,Single,Student
CAN,124072592,1.0,1.0,1.0,2.0,10.0,8.0,10.0,An atheist,3.0,Male,1978.0,41.0,Married,Full time
CAN,124072593,1.0,1.0,1.0,2.0,10.0,9.0,9.0,An atheist,7.0,Female,1978.0,42.0,Married,Full time
CAN,124072594,3.0,1.0,2.0,3.0,6.0,5.0,4.0,Not a religious person,6.0,Female,1993.0,27.0,Living together as married,Student
CAN,124072596,1.0,1.0,1.0,1.0,10.0,7.0,10.0,A religious person,5.0,Female,1995.0,24.0,Married,Part time
CAN,124072597,1.0,1.0,2.0,1.0,8.0,10.0,8.0,An atheist,3.0,Male,1960.0,60.0,Married,Full time
CAN,124072598,1.0,2.0,2.0,4.0,10.0,9.0,7.0,Not a religious person,5.0,Female,1950.0,70.0,Living together as married,Retired/pensioned
CAN,124072599,2.0,2.0,1.0,2.0,8.0,8.0,7.0,Not a religious person,8.0,Male,1964.0,56.0,Married,Full time
CAN,124072600,1.0,1.0,2.0,2.0,10.0,8.0,8.0,A religious person,5.0,Male,1997.0,22.0,Single,Student
CAN,124072601,1.0,1.0,2.0,2.0,8.0,7.0,3.0,Not a religious person,7.0,Female,1980.0,40.0,Single,Homemaker not otherwise employed
CAN,124072602,1.0,1.0,1.0,1.0,10.0,9.0,8.0,An atheist,8.0,Male,1973.0,47.0,Single,Full time
CAN,124072603,1.0,1.0,2.0,2.0,9.0,7.0,8.0,Not a religious person,4.0,Female,1970.0,50.0,Single,Full time
CAN,124072604,1.0,1.0,1.0,2.0,7.0,8.0,8.0,A religious person,6.0,Female,1954.0,66.0,Single,Retired/pensioned
CAN,124072605,2.0,1.0,1.0,1.0,8.0,8.0,4.0,A religious person,4.0,Male,1990.0,29.0,Single,Full time
CAN,124072606,1.0,2.0,1.0,4.0,7.0,8.0,9.0,A religious person,5.0,Male,1957.0,63.0,Living together as married,Retired/pensioned
CAN,124072607,1.0,1.0,1.0,2.0,7.0,7.0,7.0,Not a religious person,7.0,Male,1993.0,26.0,Single,Full time
CAN,124072608,1.0,3.0,1.0,2.0,9.0,7.0,7.0,A religious person,4.0,Female,1988.0,32.0,Living together as married,Full time
CAN,124072611,1.0,1.0,1.0,2.0,8.0,8.0,7.0,An atheist,4.0,Male,1978.0,42.0,Married,Full time
CAN,124072612,1.0,1.0,1.0,1.0,10.0,6.0,6.0,An atheist,2.0,Female,1988.0,32.0,Single,Full time
CAN,124072613,2.0,2.0,1.0,1.0,3.0,1.0,1.0,Not a religious person,5.0,Male,1986.0,33.0,Single,Full time
CAN,124072614,1.0,1.0,2.0,2.0,8.0,8.0,8.0,A religious person,4.0,Male,1966.0,53.0,Married,Full time
CAN,124072615,1.0,1.0,1.0,1.0,8.0,9.0,10.0,A religious person,10.0,Female,1948.0,72.0,Married,Retired/pensioned
CAN,124072616,1.0,1.0,1.0,2.0,8.0,5.0,5.0,An atheist,2.0,Female,1992.0,27.0,Single,Self employed
CAN,124072617,1.0,2.0,2.0,1.0,8.0,9.0,8.0,A religious person,7.0,Female,1981.0,38.0,Married,Self employed
CAN,124072618,1.0,2.0,2.0,1.0,10.0,5.0,7.0,Not a religious person,5.0,Female,1993.0,27.0,Living together as married,Self employed
CAN,124072619,2.0,2.0,2.0,3.0,7.0,6.0,9.0,A religious person,7.0,Male,1962.0,58.0,Married,Full time
CAN,124072620,1.0,1.0,3.0,2.0,7.0,7.0,6.0,A religious person,7.0,Female,1987.0,33.0,Married,Full time
CAN,124072622,1.0,2.0,1.0,2.0,6.0,7.0,7.0,An atheist,6.0,Female,2001.0,19.0,Single,Student
CAN,124072623,1.0,1.0,1.0,4.0,10.0,10.0,2.0,A religious person,10.0,Male,1964.0,56.0,Married,Retired/pensioned
CAN,124072624,1.0,2.0,2.0,1.0,9.0,8.0,8.0,A religious person,5.0,Male,1966.0,53.0,Married,Part time
CAN,124072625,1.0,2.0,1.0,1.0,9.0,9.0,7.0,Not a religious person,8.0,Male,1982.0,38.0,Married,Full time
CAN,124072626,2.0,2.0,2.0,2.0,5.0,7.0,5.0,Not a religious person,5.0,Male,1973.0,46.0,Married,Unemployed
CAN,124072627,1.0,1.0,2.0,2.0,4.0,4.0,1.0,A religious person,6.0,Female,1994.0,25.0,Single,Full time
CAN,124072628,1.0,2.0,2.0,4.0,8.0,5.0,7.0,Not a religious person,6.0,Male,1955.0,64.0,Married,Retired/pensioned
CAN,124072629,1.0,2.0,1.0,2.0,7.0,8.0,7.0,A religious person,7.0,Male,1997.0,23.0,Single,Full time
CAN,124072630,1.0,1.0,2.0,1.0,8.0,7.0,7.0,Not a religious person,6.0,Male,2000.0,20.0,Single,Student
CAN,124072631,2.0,2.0,2.0,3.0,7.0,4.0,4.0,Not a religious person,5.0,Male,1958.0,62.0,Divorced,Retired/pensioned
CAN,124072632,2.0,3.0,1.0,1.0,5.0,5.0,5.0,An atheist,5.0,Male,1992.0,28.0,Married,Full time
CAN,124072633,1.0,1.0,1.0,1.0,8.0,8.0,4.0,Not a religious person,9.0,Female,1983.0,37.0,Married,Homemaker not otherwise employed
CAN,124072634,2.0,3.0,2.0,3.0,6.0,6.0,4.0,Not a religious person,5.0,Female,1980.0,41.0,Living together as married,Full time
CAN,124072636,1.0,1.0,1.0,3.0,10.0,8.0,8.0,Not a religious person,2.0,Female,1982.0,37.0,Living together as married,Full time
CAN,124072637,1.0,1.0,1.0,3.0,9.0,8.0,7.0,Not a religious person,5.0,Female,1954.0,66.0,Married,Retired/pensioned
CAN,124072638,1.0,1.0,2.0,2.0,5.0,4.0,4.0,Not a religious person,5.0,Female,1989.0,31.0,Separated,Full time
CAN,124072639,1.0,2.0,1.0,4.0,9.0,9.0,10.0,Not a religious person,5.0,Female,1954.0,66.0,Married,Retired/pensioned
CAN,124072640,2.0,2.0,2.0,2.0,8.0,7.0,7.0,Not a religious person,5.0,Male,1987.0,33.0,Single,Full time
CAN,124072641,1.0,2.0,2.0,1.0,8.0,7.0,7.0,An atheist,6.0,Male,1995.0,25.0,Single,Full time
CAN,124072642,1.0,2.0,1.0,2.0,9.0,9.0,6.0,An atheist,3.0,Male,1977.0,43.0,Married,Full time
CAN,124072643,1.0,1.0,1.0,1.0,3.0,7.0,8.0,A religious person,10.0,Female,1943.0,77.0,Married,Retired/pensioned
CAN,124072644,2.0,1.0,2.0,2.0,8.0,6.0,7.0,An atheist,4.0,Female,1982.0,38.0,Single,Full time
CAN,124072645,3.0,3.0,2.0,4.0,7.0,5.0,4.0,An atheist,2.0,Male,1966.0,54.0,Single,Unemployed
CAN,124072646,1.0,1.0,1.0,1.0,8.0,6.0,6.0,An atheist,7.0,Female,1988.0,32.0,Single,Full time
CAN,124072647,1.0,1.0,1.0,1.0,8.0,9.0,6.0,Not a religious person,3.0,Male,1974.0,46.0,Living together as married,Full time
CAN,124072648,1.0,1.0,1.0,1.0,8.0,9.0,9.0,Not a religious person,8.0,Female,1994.0,26.0,Single,Full time
CAN,124072649,1.0,1.0,1.0,1.0,5.0,8.0,8.0,A religious person,6.0,Male,1974.0,46.0,Single,Full time
CAN,124072650,1.0,1.0,1.0,1.0,8.0,8.0,7.0,Not a religious person,5.0,Female,1990.0,30.0,Living together as married,Student
CAN,124072651,1.0,1.0,2.0,4.0,7.0,7.0,8.0,A religious person,4.0,Female,1947.0,73.0,Divorced,Retired/pensioned
CAN,124072652,1.0,1.0,1.0,2.0,6.0,7.0,7.0,A religious person,5.0,Male,1969.0,51.0,Married,Full time
CAN,124072654,1.0,1.0,1.0,2.0,9.0,8.0,8.0,A religious person,3.0,Female,1952.0,67.0,Married,Retired/pensioned
CAN,124072655,1.0,1.0,1.0,1.0,7.0,5.0,7.0,A religious person,8.0,Male,1995.0,26.0,Single,Full time
CAN,124072656,1.0,1.0,1.0,3.0,8.0,7.0,3.0,A religious person,4.0,Female,1943.0,77.0,Widowed,Retired/pensioned
CAN,124072657,1.0,2.0,2.0,2.0,8.0,7.0,7.0,An atheist,5.0,Male,1993.0,27.0,Single,Student
CAN,124072658,1.0,3.0,1.0,2.0,7.0,6.0,5.0,Not a religious person,3.0,Male,1977.0,42.0,Married,Full time
CAN,124072660,1.0,1.0,2.0,1.0,10.0,9.0,10.0,A religious person,10.0,Female,1967.0,53.0,Married,Part time
CAN,124072661,1.0,3.0,2.0,2.0,8.0,8.0,8.0,A religious person,5.0,Female,1980.0,40.0,Married,Self employed
CAN,124072662,1.0,2.0,1.0,1.0,9.0,7.0,8.0,An atheist,7.0,Female,1991.0,29.0,Single,Full time
CAN,124072663,1.0,2.0,1.0,3.0,4.0,3.0,4.0,Not a religious person,3.0,Female,1961.0,59.0,Single,Other
CAN,124072664,1.0,1.0,1.0,2.0,7.0,8.0,7.0,Not a religious person,8.0,Male,1952.0,67.0,Married,Full time
CAN,124072665,1.0,1.0,2.0,2.0,9.0,10.0,10.0,Not a religious person,6.0,Female,1941.0,79.0,Married,Retired/pensioned
CAN,124072666,1.0,1.0,1.0,2.0,7.0,7.0,2.0,A religious person,2.0,Female,1986.0,34.0,Single,Full time
CAN,124072667,1.0,2.0,2.0,2.0,6.0,7.0,8.0,Not a religious person,7.0,Female,1989.0,31.0,Living together as married,Full time
CAN,124072668,1.0,1.0,1.0,2.0,8.0,7.0,7.0,Not a religious person,1.0,Female,1994.0,26.0,Living together as married,Full time
CAN,124072670,1.0,1.0,2.0,1.0,7.0,4.0,5.0,A religious person,3.0,Female,2001.0,19.0,Single,Student
CAN,124072671,2.0,2.0,3.0,2.0,7.0,6.0,5.0,Not a religious person,4.0,Male,1990.0,32.0,Living together as married,Full time
CAN,124072672,1.0,1.0,1.0,2.0,7.0,8.0,10.0,A religious person,5.0,Male,1991.0,29.0,Married,Full time
CAN,124072673,2.0,3.0,1.0,1.0,7.0,6.0,8.0,Not a religious person,6.0,Male,1997.0,23.0,Single,Student
CAN,124072674,1.0,3.0,1.0,2.0,5.0,5.0,5.0,Not a religious person,5.0,Male,1967.0,53.0,Married,Unemployed
CAN,124072675,1.0,1.0,1.0,2.0,8.0,8.0,8.0,A religious person,4.0,Female,1946.0,74.0,Divorced,Retired/pensioned
CAN,124072676,1.0,1.0,2.0,1.0,9.0,9.0,9.0,A religious person,5.0,Female,1954.0,66.0,Married,Retired/pensioned
CAN,124072677,1.0,1.0,1.0,2.0,8.0,7.0,2.0,A religious person,8.0,Female,1961.0,58.0,Single,Full time
CAN,124072678,1.0,1.0,1.0,2.0,6.0,6.0,7.0,A religious person,5.0,Male,1999.0,21.0,Married,Full time
CAN,124072679,2.0,2.0,1.0,3.0,9.0,5.0,7.0,An atheist,6.0,Female,1997.0,23.0,Single,Student
CAN,124072681,1.0,1.0,2.0,2.0,8.0,7.0,9.0,Not a religious person,4.0,Female,1954.0,66.0,Married,Retired/pensioned
CAN,124072682,2.0,2.0,1.0,3.0,5.0,6.0,8.0,Not a religious person,8.0,Male,1959.0,61.0,Living together as married,Retired/pensioned
CAN,124072683,1.0,2.0,1.0,2.0,9.0,8.0,8.0,A religious person,7.0,Male,1970.0,50.0,Married,Full time
CAN,124072684,1.0,2.0,1.0,1.0,8.0,9.0,9.0,Not a religious person,5.0,Female,1990.0,29.0,Single,Full time
CAN,124072686,1.0,2.0,2.0,1.0,4.0,6.0,3.0,Not a religious person,5.0,Female,1967.0,53.0,Married,Full time
CAN,124072687,1.0,2.0,1.0,4.0,3.0,4.0,8.0,A religious person,10.0,Female,1949.0,71.0,Married,Retired/pensioned
CAN,124072689,1.0,2.0,2.0,2.0,8.0,8.0,8.0,Not a religious person,4.0,Female,1964.0,56.0,Married,Full time
CAN,124072690,2.0,1.0,2.0,4.0,9.0,9.0,9.0,An atheist,1.0,Male,1958.0,62.0,Living together as married,Retired/pensioned
CAN,124072691,1.0,1.0,2.0,1.0,7.0,8.0,7.0,A religious person,5.0,Female,1957.0,63.0,Married,Retired/pensioned
CAN,124072692,2.0,1.0,1.0,2.0,5.0,3.0,1.0,Not a religious person,3.0,Female,1982.0,37.0,Single,Full time
CAN,124072693,1.0,1.0,2.0,1.0,5.0,4.0,1.0,A religious person,5.0,Female,1975.0,45.0,Single,Unemployed
CAN,124072694,2.0,2.0,2.0,2.0,7.0,8.0,8.0,A religious person,8.0,Male,1997.0,23.0,Married,Full time
CAN,124072696,3.0,2.0,1.0,3.0,6.0,2.0,1.0,A religious person,2.0,Male,1982.0,38.0,Single,Unemployed
CAN,124072697,3.0,3.0,3.0,3.0,8.0,8.0,7.0,A religious person,9.0,Male,1981.0,39.0,Married,Full time
CAN,124072698,1.0,1.0,1.0,2.0,10.0,10.0,5.0,Not a religious person,5.0,Female,1959.0,61.0,Married,Full time
CAN,124072699,1.0,1.0,2.0,1.0,7.0,7.0,6.0,A religious person,5.0,Female,1960.0,60.0,Separated,Retired/pensioned
CAN,124072700,2.0,2.0,2.0,1.0,5.0,7.0,7.0,Not a religious person,7.0,Female,1996.0,24.0,Living together as married,Full time
CAN,124072701,1.0,1.0,1.0,2.0,5.0,7.0,5.0,Not a religious person,1.0,Male,1984.0,36.0,Living together as married,Full time
CAN,124072702,1.0,1.0,1.0,1.0,8.0,8.0,5.0,Not a religious person,4.0,Male,1997.0,23.0,Living together as married,Student
CAN,124072703,2.0,2.0,2.0,2.0,10.0,10.0,10.0,An atheist,5.0,Male,1966.0,53.0,Married,Full time
CAN,124072704,1.0,2.0,2.0,1.0,8.0,8.0,7.0,A religious person,6.0,Female,1984.0,35.0,Living together as married,Full time
CAN,124072705,1.0,1.0,1.0,2.0,9.0,9.0,7.0,Not a religious person,6.0,Female,1968.0,51.0,Married,Part time
CAN,124072706,1.0,2.0,2.0,3.0,5.0,5.0,4.0,Not a religious person,5.0,Female,1959.0,61.0,Married,Unemployed
CAN,124072707,1.0,1.0,1.0,2.0,7.0,7.0,5.0,Not a religious person,3.0,Female,1989.0,31.0,Married,Full time
CAN,124072708,1.0,2.0,2.0,3.0,3.0,4.0,4.0,A religious person,2.0,Female,1971.0,49.0,Married,Full time
CAN,124072709,2.0,2.0,1.0,3.0,6.0,6.0,7.0,An atheist,3.0,Male,1955.0,65.0,Single,Full time
CAN,124072710,1.0,1.0,1.0,2.0,9.0,7.0,5.0,A religious person,7.0,Female,1967.0,53.0,Married,Unemployed
CAN,124072711,2.0,2.0,2.0,2.0,6.0,7.0,7.0,A religious person,7.0,Male,1992.0,22.0,Married,Full time
CAN,124072712,2.0,2.0,1.0,2.0,7.0,5.0,6.0,Not a religious person,4.0,Male,1984.0,36.0,Married,Full time
CAN,124072714,1.0,1.0,1.0,2.0,10.0,9.0,9.0,Not a religious person,6.0,Female,1976.0,43.0,Living together as married,Self employed
CAN,124072715,1.0,1.0,2.0,2.0,8.0,8.0,6.0,A religious person,5.0,Female,1952.0,68.0,Separated,Retired/pensioned
CAN,124072716,1.0,1.0,1.0,1.0,6.0,6.0,5.0,Not a religious person,6.0,Male,1995.0,25.0,Single,Part time
CAN,124072717,1.0,2.0,2.0,2.0,9.0,9.0,9.0,Not a religious person,8.0,Female,1962.0,58.0,Married,Full time
CAN,124072718,1.0,2.0,1.0,2.0,9.0,8.0,6.0,A religious person,5.0,Female,1980.0,40.0,Single,Full time
CAN,124072721,1.0,1.0,2.0,3.0,8.0,9.0,8.0,Not a religious person,5.0,Male,1952.0,68.0,Living together as married,Retired/pensioned
CAN,124072723,1.0,2.0,1.0,2.0,7.0,6.0,7.0,A religious person,7.0,Male,1956.0,64.0,Single,Self employed
CAN,124072724,1.0,1.0,2.0,2.0,8.0,7.0,9.0,A religious person,8.0,Male,1936.0,84.0,Married,Retired/pensioned
CAN,124072725,1.0,1.0,2.0,4.0,9.0,9.0,9.0,Not a religious person,5.0,Female,1946.0,73.0,Married,Retired/pensioned
CAN,124072726,1.0,3.0,2.0,2.0,10.0,9.0,8.0,A religious person,5.0,Female,1968.0,52.0,Married,Full time
CAN,124072727,1.0,1.0,1.0,2.0,7.0,6.0,5.0,Not a religious person,4.0,Female,1995.0,25.0,Single,Unemployed
CAN,124072728,1.0,1.0,1.0,2.0,9.0,9.0,9.0,A religious person,8.0,Male,1946.0,74.0,Married,Retired/pensioned
CAN,124072729,1.0,1.0,1.0,3.0,3.0,3.0,5.0,An atheist,5.0,Female,1977.0,43.0,Married,Other
CAN,124072730,1.0,1.0,2.0,2.0,9.0,9.0,3.0,Not a religious person,5.0,Female,2000.0,20.0,Living together as married,Student
CAN,124072731,3.0,2.0,2.0,1.0,10.0,8.0,4.0,A religious person,5.0,Female,1988.0,31.0,Living together as married,Self employed
CAN,124072732,1.0,1.0,2.0,2.0,6.0,6.0,5.0,Not a religious person,5.0,Male,1972.0,48.0,Single,Other
CAN,124072733,2.0,2.0,2.0,2.0,10.0,7.0,5.0,A religious person,1.0,Female,1990.0,30.0,Married,Full time
CAN,124072734,1.0,1.0,1.0,1.0,8.0,8.0,8.0,Not a religious person,7.0,Female,1997.0,23.0,Single,Student
CAN,124072736,1.0,2.0,2.0,2.0,5.0,8.0,4.0,A religious person,5.0,Female,1988.0,32.0,Married,Full time
CAN,124072737,1.0,2.0,2.0,1.0,8.0,7.0,8.0,A religious person,4.0,Male,1977.0,43.0,Married,Full time
CAN,124072738,1.0,1.0,1.0,3.0,7.0,8.0,8.0,An atheist,5.0,Male,1973.0,47.0,Separated,Full time
CAN,124072739,2.0,2.0,2.0,2.0,8.0,8.0,8.0,A religious person,5.0,Female,1964.0,56.0,Single,Full time
CAN,124072740,2.0,2.0,2.0,2.0,6.0,7.0,6.0,Not a religious person,5.0,Female,1993.0,26.0,Living together as married,Full time
CAN,124072741,1.0,2.0,1.0,1.0,6.0,6.0,5.0,A religious person,5.0,Male,1990.0,30.0,Married,Full time
CAN,124072742,3.0,2.0,1.0,2.0,7.0,6.0,6.0,Not a religious person,6.0,Female,1988.0,32.0,Married,Full time
CAN,124072743,1.0,4.0,1.0,4.0,1.0,5.0,8.0,Not a religious person,3.0,Female,1997.0,22.0,Married,Homemaker not otherwise employed
CAN,124072744,1.0,2.0,2.0,2.0,9.0,9.0,8.0,Not a religious person,5.0,Male,1991.0,28.0,Living together as married,Homemaker not otherwise employed
CAN,124072745,1.0,1.0,2.0,1.0,7.0,7.0,7.0,A religious person,5.0,Female,1980.0,40.0,Single,Student
CAN,124072747,2.0,2.0,2.0,3.0,8.0,5.0,5.0,A religious person,10.0,Male,1960.0,60.0,Married,Full time
CAN,124072748,1.0,1.0,1.0,2.0,8.0,8.0,6.0,Not a religious person,6.0,Male,1949.0,71.0,Married,Retired/pensioned
CAN,124072749,1.0,1.0,2.0,1.0,7.0,6.0,6.0,Not a religious person,5.0,Female,2002.0,18.0,Single,Student
CAN,124072750,1.0,2.0,1.0,1.0,8.0,6.0,4.0,Not a religious person,6.0,Male,1972.0,48.0,Married,Full time
CAN,124072751,2.0,2.0,1.0,1.0,7.0,8.0,6.0,Not a religious person,6.0,Male,1999.0,21.0,Single,Student
CAN,124072752,1.0,2.0,1.0,1.0,10.0,7.0,3.0,A religious person,6.0,Male,1961.0,58.0,Married,Full time
CAN,124072753,1.0,2.0,2.0,1.0,8.0,6.0,4.0,A religious person,2.0,Female,1981.0,39.0,Separated,Full time
CAN,124072755,1.0,1.0,2.0,2.0,6.0,5.0,7.0,An atheist,4.0,Female,1988.0,32.0,Married,Full time
CAN,124072756,2.0,3.0,2.0,3.0,4.0,3.0,3.0,A religious person,6.0,Female,1986.0,34.0,Single,Unemployed
CAN,124072757,1.0,3.0,2.0,3.0,7.0,7.0,6.0,A religious person,6.0,Female,1993.0,27.0,Married,Homemaker not otherwise employed
CAN,124072758,2.0,4.0,2.0,3.0,4.0,3.0,3.0,An atheist,3.0,Female,1981.0,39.0,Single,Unemployed
CAN,124072760,1.0,1.0,1.0,1.0,10.0,7.0,1.0,Not a religious person,6.0,Female,1994.0,26.0,Single,Full time
CAN,124072762,2.0,3.0,2.0,2.0,5.0,5.0,1.0,Not a religious person,5.0,Male,1992.0,27.0,Single,Full time
CAN,124072764,1.0,1.0,1.0,1.0,8.0,9.0,8.0,A religious person,7.0,Female,1965.0,55.0,Married,Full time
CAN,124072765,1.0,1.0,2.0,2.0,8.0,9.0,9.0,An atheist,3.0,Male,1948.0,72.0,Married,Retired/pensioned
CAN,124072767,1.0,1.0,1.0,2.0,8.0,9.0,8.0,Not a religious person,6.0,Female,2000.0,20.0,Single,Part time
CAN,124072768,1.0,1.0,2.0,2.0,8.0,8.0,6.0,A religious person,8.0,Female,1988.0,32.0,Married,Full time
CAN,124072769,1.0,1.0,1.0,2.0,6.0,6.0,5.0,Not a religious person,7.0,Male,1981.0,38.0,Separated,Full time
CAN,124072770,1.0,1.0,2.0,2.0,7.0,7.0,7.0,A religious person,7.0,Female,1988.0,32.0,Married,Full time
CAN,124072771,1.0,2.0,1.0,2.0,6.0,7.0,7.0,Not a religious person,7.0,Male,1990.0,29.0,Married,Full time
CAN,124072772,2.0,2.0,1.0,1.0,6.0,7.0,6.0,A religious person,8.0,Female,1997.0,23.0,Single,Part time
CAN,124072773,1.0,1.0,1.0,1.0,7.0,7.0,7.0,A religious person,8.0,Female,1970.0,50.0,Married,Part time
CAN,124072774,1.0,1.0,1.0,2.0,3.0,4.0,3.0,An atheist,1.0,Female,1946.0,74.0,Married,Retired/pensioned
CAN,124072775,1.0,1.0,2.0,2.0,8.0,8.0,9.0,An atheist,5.0,Female,1971.0,49.0,Single,Full time
CAN,124072776,1.0,1.0,2.0,2.0,8.0,5.0,5.0,A religious person,4.0,Female,1992.0,28.0,Single,Full time
CAN,124072777,1.0,2.0,2.0,1.0,10.0,6.0,7.0,A religious person,8.0,Male,1975.0,44.0,Separated,Full time
CAN,124072778,1.0,1.0,2.0,2.0,7.0,7.0,7.0,Not a religious person,8.0,Female,1987.0,33.0,Living together as married,Full time
CAN,124072779,1.0,1.0,1.0,2.0,10.0,10.0,8.0,A religious person,5.0,Female,1967.0,53.0,Living together as married,Full time
CAN,124072780,1.0,2.0,1.0,1.0,10.0,9.0,8.0,A religious person,8.0,Male,1990.0,30.0,Married,Full time
CAN,124072781,1.0,2.0,1.0,2.0,8.0,8.0,8.0,Not a religious person,8.0,Female,1966.0,54.0,Married,Retired/pensioned
CAN,124072782,1.0,2.0,2.0,1.0,7.0,7.0,6.0,Not a religious person,5.0,Female,2000.0,20.0,Single,Part time
CAN,124072783,1.0,1.0,1.0,1.0,5.0,5.0,3.0,An atheist,5.0,Male,1992.0,28.0,Living together as married,Unemployed
CAN,124072784,3.0,2.0,1.0,2.0,7.0,7.0,7.0,Not a religious person,6.0,Male,1968.0,52.0,Single,Part time
CAN,124072785,1.0,1.0,2.0,2.0,9.0,9.0,9.0,Not a religious person,5.0,Female,1969.0,51.0,Married,Full time
CAN,124072786,1.0,1.0,2.0,1.0,9.0,9.0,4.0,A religious person,7.0,Female,1992.0,27.0,Married,Full time
CAN,124072787,1.0,1.0,1.0,2.0,8.0,7.0,7.0,Not a religious person,4.0,Male,1976.0,43.0,Single,Full time
CAN,124072788,1.0,2.0,1.0,2.0,5.0,5.0,5.0,Not a religious person,5.0,Female,1988.0,32.0,Married,Unemployed
CAN,124072789,2.0,3.0,1.0,1.0,5.0,5.0,6.0,An atheist,10.0,Male,1992.0,27.0,Single,Full time
CAN,124072790,1.0,1.0,2.0,2.0,7.0,7.0,7.0,An atheist,3.0,Male,1985.0,35.0,Married,Full time
CAN,124072791,1.0,1.0,1.0,1.0,6.0,7.0,8.0,An atheist,1.0,Male,1986.0,34.0,Married,Full time
CAN,124072793,1.0,1.0,2.0,1.0,7.0,6.0,7.0,Not a religious person,7.0,Male,1974.0,46.0,Single,Full time
CAN,124072794,3.0,2.0,2.0,1.0,8.0,5.0,6.0,An atheist,6.0,Male,1970.0,50.0,Single,Full time
CAN,124072795,1.0,2.0,3.0,2.0,8.0,7.0,7.0,Not a religious person,5.0,Female,1962.0,58.0,Married,Full time
CAN,124072796,2.0,4.0,4.0,2.0,4.0,3.0,2.0,Not a religious person,5.0,Male,1991.0,29.0,Single,Full time
CAN,124072797,1.0,1.0,2.0,2.0,9.0,9.0,7.0,Not a religious person,7.0,Male,1996.0,24.0,Single,Self employed
CAN,124072798,1.0,2.0,2.0,2.0,9.0,9.0,8.0,An atheist,1.0,Male,1986.0,33.0,Married,Full time
CAN,124072799,1.0,1.0,1.0,1.0,8.0,9.0,7.0,A religious person,7.0,Male,1990.0,30.0,Married,Full time
CAN,124072800,1.0,1.0,2.0,2.0,7.0,7.0,6.0,Not a religious person,4.0,Female,1948.0,71.0,Married,Part time
CAN,124072801,1.0,1.0,1.0,1.0,7.0,7.0,7.0,A religious person,10.0,Female,1993.0,27.0,Single,Full time
CAN,124072802,1.0,1.0,1.0,2.0,8.0,7.0,5.0,An atheist,6.0,Female,1980.0,40.0,Living together as married,Full time
CAN,124072803,1.0,2.0,3.0,2.0,7.0,10.0,7.0,An atheist,5.0,Female,1991.0,29.0,Married,Part time
CAN,124072804,1.0,2.0,2.0,2.0,7.0,8.0,4.0,Not a religious person,5.0,Female,1993.0,27.0,Married,Full time
CAN,124072807,1.0,1.0,1.0,2.0,8.0,7.0,4.0,An atheist,6.0,Male,1985.0,34.0,Married,Full time
CAN,124072809,3.0,2.0,2.0,3.0,9.0,8.0,5.0,Not a religious person,10.0,Female,1970.0,50.0,Single,Student
CAN,124072810,1.0,1.0,1.0,1.0,9.0,10.0,8.0,A religious person,6.0,Female,1977.0,43.0,Married,Full time
CAN,124072811,1.0,1.0,1.0,1.0,8.0,8.0,8.0,Not a religious person,8.0,Female,1972.0,48.0,Single,Full time
CAN,124072812,1.0,2.0,2.0,2.0,8.0,8.0,8.0,Not a religious person,6.0,Male,1970.0,50.0,Living together as married,Full time
CAN,124072813,1.0,1.0,2.0,2.0,7.0,2.0,7.0,An atheist,3.0,Female,2000.0,20.0,Single,Student
CAN,124072814,2.0,1.0,1.0,2.0,8.0,7.0,8.0,Not a religious person,7.0,Male,1997.0,23.0,Single,Full time
CAN,124072815,1.0,2.0,2.0,1.0,8.0,10.0,10.0,Not a religious person,5.0,Female,1960.0,60.0,Living together as married,Full time
CAN,124072816,1.0,2.0,2.0,1.0,10.0,7.0,8.0,Not a religious person,5.0,Female,1964.0,56.0,Married,Full time
CAN,124072817,1.0,1.0,2.0,1.0,8.0,7.0,7.0,Not a religious person,8.0,Male,1953.0,66.0,Married,Retired/pensioned
CAN,124072818,1.0,1.0,1.0,4.0,8.0,7.0,8.0,Not a religious person,8.0,Female,1955.0,65.0,Married,Retired/pensioned
CAN,124072819,1.0,1.0,1.0,3.0,6.0,2.0,1.0,Not a religious person,5.0,Female,1979.0,41.0,Married,Homemaker not otherwise employed
CAN,124072820,1.0,1.0,1.0,2.0,9.0,9.0,9.0,Not a religious person,8.0,Female,1981.0,39.0,Living together as married,Full time
CAN,124072821,1.0,2.0,2.0,2.0,7.0,6.0,8.0,Not a religious person,3.0,Female,1984.0,36.0,Married,Full time
CAN,124072822,1.0,1.0,2.0,1.0,6.0,5.0,6.0,A religious person,6.0,Female,1990.0,30.0,Single,Full time
CAN,124072823,2.0,2.0,1.0,2.0,5.0,4.0,4.0,Not a religious person,5.0,Female,1965.0,55.0,Married,Full time
CAN,124072824,1.0,1.0,2.0,1.0,9.0,9.0,8.0,An atheist,3.0,Female,1971.0,49.0,Married,Full time
CAN,124072825,1.0,2.0,1.0,2.0,6.0,8.0,7.0,A religious person,6.0,Male,1982.0,38.0,Married,Full time
CAN,124072826,2.0,3.0,1.0,1.0,7.0,8.0,7.0,Not a religious person,4.0,Male,2001.0,19.0,Single,Student
CAN,124072827,1.0,4.0,2.0,2.0,4.0,7.0,4.0,Not a religious person,8.0,Male,1991.0,28.0,Married,Full time
CAN,124072828,2.0,3.0,2.0,4.0,8.0,7.0,6.0,An atheist,4.0,Female,1961.0,58.0,Living together as married,Homemaker not otherwise employed
CAN,124072829,1.0,1.0,2.0,4.0,9.0,9.0,9.0,A religious person,5.0,Male,1951.0,68.0,Married,Retired/pensioned
CAN,124072830,1.0,2.0,1.0,2.0,8.0,8.0,9.0,A religious person,2.0,Male,1988.0,32.0,Married,Full time
CAN,124072831,1.0,1.0,1.0,2.0,10.0,9.0,3.0,An atheist,1.0,Male,1991.0,29.0,Living together as married,Student
CAN,124072832,1.0,1.0,1.0,1.0,5.0,3.0,2.0,An atheist,7.0,Female,1964.0,56.0,Living together as married,Part time
CAN,124072833,1.0,2.0,2.0,2.0,7.0,7.0,5.0,A religious person,3.0,Female,1982.0,38.0,Married,Full time
CAN,124072835,1.0,1.0,1.0,1.0,7.0,6.0,7.0,A religious person,5.0,Female,2000.0,20.0,Single,Student
CAN,124072836,3.0,3.0,3.0,3.0,1.0,1.0,4.0,An atheist,2.0,Male,1994.0,26.0,Single,Full time
CAN,124072837,1.0,2.0,2.0,2.0,8.0,7.0,8.0,An atheist,6.0,Male,1980.0,40.0,Married,Self employed
CAN,124072838,1.0,2.0,3.0,3.0,8.0,8.0,8.0,A religious person,6.0,Male,1940.0,80.0,Married,Retired/pensioned
CAN,124072840,1.0,2.0,3.0,1.0,9.0,9.0,8.0,Not a religious person,4.0,Male,1978.0,41.0,Married,Full time
CAN,124072841,1.0,2.0,2.0,2.0,7.0,7.0,7.0,A religious person,4.0,Female,1972.0,48.0,Living together as married,Full time
CAN,124072842,1.0,2.0,2.0,2.0,9.0,6.0,4.0,An atheist,6.0,Male,1971.0,49.0,Divorced,Other
CAN,124072844,1.0,1.0,1.0,3.0,10.0,5.0,1.0,A religious person,4.0,Female,1968.0,52.0,Widowed,Homemaker not otherwise employed
CAN,124072845,1.0,2.0,1.0,1.0,9.0,9.0,10.0,Not a religious person,10.0,Male,1988.0,32.0,Married,Full time
CAN,124072846,1.0,2.0,2.0,2.0,6.0,8.0,6.0,Not a religious person,6.0,Female,1984.0,36.0,Married,Full time
CAN,124072847,2.0,2.0,2.0,2.0,9.0,7.0,8.0,Not a religious person,8.0,Male,1974.0,46.0,Living together as married,Full time
CAN,124072848,1.0,1.0,1.0,2.0,9.0,8.0,9.0,A religious person,8.0,Female,1981.0,39.0,Married,Part time
CAN,124072849,1.0,2.0,1.0,4.0,8.0,8.0,10.0,A religious person,6.0,Male,1945.0,75.0,Married,Retired/pensioned
CAN,124072851,1.0,1.0,1.0,1.0,3.0,4.0,2.0,Not a religious person,2.0,Male,1985.0,33.0,Single,Unemployed
CAN,124072852,2.0,2.0,1.0,1.0,8.0,6.0,5.0,Not a religious person,4.0,Male,1978.0,42.0,Single,Student
CAN,124072853,1.0,1.0,2.0,3.0,9.0,7.0,6.0,An atheist,4.0,Female,1987.0,33.0,Single,Part time
CAN,124072854,1.0,1.0,2.0,1.0,8.0,6.0,5.0,Not a religious person,6.0,Female,1999.0,21.0,Living together as married,Student
CAN,124072856,1.0,1.0,2.0,1.0,10.0,9.0,3.0,Not a religious person,5.0,Female,1958.0,62.0,Single,Unemployed
CAN,124072857,2.0,2.0,1.0,4.0,5.0,1.0,5.0,An atheist,5.0,Male,1987.0,33.0,Single,Unemployed
CAN,124072858,2.0,2.0,2.0,2.0,6.0,8.0,7.0,Not a religious person,7.0,Male,1998.0,22.0,Single,Student
CAN,124072859,4.0,2.0,2.0,1.0,6.0,4.0,6.0,An atheist,1.0,Female,1982.0,38.0,Single,Full time
CAN,124072861,1.0,1.0,1.0,2.0,8.0,10.0,6.0,A religious person,9.0,Female,1993.0,27.0,Single,Student
CAN,124072862,1.0,1.0,2.0,2.0,6.0,6.0,6.0,Not a religious person,6.0,Female,1939.0,80.0,Married,Retired/pensioned
CAN,124072863,1.0,1.0,1.0,2.0,6.0,7.0,6.0,Not a religious person,3.0,Female,1958.0,62.0,Living together as married,Full time
CAN,124072864,1.0,1.0,1.0,1.0,5.0,4.0,4.0,An atheist,1.0,Female,1994.0,26.0,Single,Student
CAN,124072865,1.0,1.0,1.0,2.0,8.0,6.0,1.0,Not a religious person,5.0,Female,1990.0,30.0,Living together as married,Part time
CAN,124072866,1.0,1.0,1.0,3.0,8.0,8.0,7.0,A religious person,8.0,Male,1999.0,21.0,Living together as married,Student
CAN,124072867,2.0,1.0,2.0,3.0,6.0,5.0,1.0,A religious person,4.0,Female,1976.0,44.0,Single,Unemployed
CAN,124072869,2.0,2.0,2.0,1.0,7.0,8.0,8.0,Not a religious person,9.0,Male,1981.0,39.0,Married,Full time
CAN,124072870,1.0,2.0,2.0,2.0,8.0,7.0,8.0,Not a religious person,3.0,Female,1992.0,27.0,Single,Full time
CAN,124072871,1.0,2.0,1.0,1.0,5.0,6.0,5.0,Not a religious person,5.0,Female,1987.0,32.0,Married,Full time
CAN,124072872,1.0,1.0,1.0,2.0,10.0,7.0,5.0,A religious person,5.0,Male,1988.0,32.0,Married,Full time
CAN,124072873,1.0,1.0,1.0,2.0,6.0,7.0,7.0,Not a religious person,7.0,Female,1983.0,37.0,Single,Full time
CAN,124072874,1.0,1.0,1.0,1.0,5.0,5.0,6.0,An atheist,5.0,Female,1998.0,22.0,Living together as married,Full time
CAN,124072875,1.0,2.0,2.0,3.0,8.0,7.0,7.0,Not a religious person,6.0,Female,1952.0,67.0,Married,Retired/pensioned
CAN,124072876,1.0,2.0,1.0,3.0,7.0,6.0,9.0,An atheist,2.0,Male,2002.0,18.0,Single,Part time
CAN,124072877,1.0,1.0,1.0,1.0,7.0,7.0,7.0,Not a religious person,1.0,Male,1974.0,45.0,Single,Student
CAN,124072878,1.0,2.0,1.0,2.0,9.0,8.0,7.0,Not a religious person,5.0,Female,1968.0,52.0,Married,Homemaker not otherwise employed
CAN,124072881,2.0,3.0,2.0,2.0,7.0,7.0,6.0,Not a religious person,5.0,Female,1974.0,46.0,Living together as married,Full time
CAN,124072883,2.0,1.0,2.0,2.0,4.0,7.0,8.0,Not a religious person,4.0,Male,1967.0,53.0,Single,Part time
CAN,124072884,1.0,2.0,2.0,1.0,7.0,3.0,3.0,Not a religious person,8.0,Male,2001.0,19.0,Single,Student
CAN,124072887,1.0,2.0,1.0,1.0,7.0,8.0,8.0,A religious person,6.0,Male,2001.0,19.0,Single,Student
CAN,124072889,1.0,1.0,1.0,2.0,10.0,8.0,6.0,A religious person,2.0,Male,1986.0,34.0,Married,Full time
CAN,124072890,2.0,1.0,1.0,1.0,7.0,6.0,8.0,Not a religious person,2.0,Male,1982.0,38.0,Living together as married,Full time
CAN,124072892,1.0,1.0,1.0,2.0,8.0,8.0,10.0,Not a religious person,5.0,Male,1959.0,62.0,Widowed,Self employed
CAN,124072893,1.0,1.0,2.0,3.0,9.0,8.0,7.0,Not a religious person,7.0,Female,1979.0,41.0,Single,Part time
CAN,124072894,1.0,1.0,1.0,1.0,5.0,4.0,4.0,A religious person,6.0,Female,1998.0,22.0,Single,Student
CAN,124072895,2.0,2.0,1.0,1.0,8.0,5.0,4.0,A religious person,7.0,Male,1949.0,71.0,Divorced,Part time
CAN,124072896,2.0,2.0,1.0,3.0,5.0,6.0,4.0,An atheist,6.0,Female,1999.0,21.0,Single,Student
CAN,124072897,1.0,2.0,2.0,2.0,7.0,6.0,6.0,An atheist,6.0,Male,1997.0,23.0,Single,Part time
CAN,124072898,1.0,2.0,1.0,2.0,9.0,6.0,6.0,A religious person,5.0,Male,2000.0,20.0,Single,Full time
CAN,124072899,1.0,2.0,2.0,2.0,10.0,7.0,1.0,An atheist,5.0,Female,1981.0,39.0,Single,Unemployed
CAN,124072900,1.0,2.0,3.0,4.0,10.0,10.0,10.0,A religious person,3.0,Female,1944.0,76.0,Living together as married,Retired/pensioned
CAN,124072901,2.0,2.0,2.0,3.0,5.0,6.0,5.0,Not a religious person,4.0,Female,2001.0,19.0,Single,Student
CAN,124072902,1.0,1.0,2.0,2.0,5.0,1.0,1.0,A religious person,5.0,Male,1976.0,44.0,Single,Full time
CAN,124072904,1.0,3.0,1.0,1.0,5.0,8.0,4.0,A religious person,5.0,Female,1991.0,29.0,Living together as married,Full time
CAN,124072905,1.0,1.0,1.0,1.0,9.0,7.0,9.0,A religious person,3.0,Female,1995.0,25.0,Single,Student
CAN,124072908,1.0,2.0,2.0,1.0,9.0,7.0,7.0,An atheist,5.0,Female,1982.0,39.0,Living together as married,Full time
CAN,124072909,3.0,3.0,1.0,4.0,6.0,6.0,7.0,An atheist,2.0,Male,1973.0,47.0,Single,Self employed
CAN,124072911,1.0,1.0,1.0,1.0,9.0,7.0,6.0,Not a religious person,6.0,Female,1975.0,44.0,Living together as married,Full time
CAN,124072912,1.0,2.0,2.0,2.0,7.0,7.0,7.0,A religious person,5.0,Male,1968.0,52.0,Single,Full time
CAN,124072913,1.0,2.0,2.0,1.0,9.0,9.0,10.0,Not a religious person,3.0,Female,1958.0,62.0,Living together as married,Retired/pensioned
CAN,124072914,1.0,1.0,1.0,1.0,8.0,7.0,7.0,Not a religious person,3.0,Male,1960.0,60.0,Single,Self employed
CAN,124072915,1.0,3.0,2.0,2.0,8.0,7.0,7.0,Not a religious person,2.0,Female,1957.0,63.0,Married,Retired/pensioned
CAN,124072916,1.0,2.0,1.0,2.0,8.0,9.0,8.0,Not a religious person,3.0,Female,1953.0,66.0,Married,Retired/pensioned
CAN,124072917,1.0,1.0,1.0,3.0,8.0,8.0,9.0,A religious person,3.0,Female,1990.0,30.0,Married,Full time
CAN,124072918,2.0,2.0,1.0,2.0,8.0,8.0,9.0,An atheist,6.0,Male,1983.0,37.0,Living together as married,Full time
CAN,124072920,1.0,2.0,1.0,2.0,8.0,4.0,8.0,Not a religious person,3.0,Male,1990.0,30.0,Living together as married,Full time
CAN,124072921,1.0,1.0,1.0,1.0,9.0,9.0,10.0,A religious person,9.0,Male,1971.0,41.0,Single,Full time
CAN,124072922,2.0,3.0,3.0,1.0,9.0,9.0,10.0,Not a religious person,5.0,Female,1982.0,38.0,Married,Full time
CAN,124072923,1.0,2.0,2.0,2.0,8.0,8.0,8.0,Not a religious person,8.0,Male,1954.0,66.0,Married,Full time
CAN,124072924,1.0,1.0,2.0,2.0,5.0,7.0,7.0,A religious person,5.0,Female,1960.0,60.0,Separated,Full time
CAN,124072925,2.0,2.0,2.0,2.0,8.0,7.0,7.0,Not a religious person,5.0,Male,1976.0,43.0,Living together as married,Full time
CAN,124072926,1.0,1.0,1.0,2.0,8.0,7.0,5.0,A religious person,5.0,Female,1965.0,55.0,Single,Unemployed
CAN,124072927,2.0,1.0,1.0,1.0,8.0,9.0,9.0,A religious person,6.0,Male,1960.0,60.0,Divorced,Full time
CAN,124072928,1.0,1.0,2.0,1.0,8.0,8.0,9.0,A religious person,3.0,Female,1964.0,56.0,Divorced,Full time
CAN,124072929,1.0,2.0,2.0,2.0,5.0,5.0,4.0,A religious person,5.0,Male,1958.0,62.0,Divorced,Retired/pensioned
CAN,124072930,1.0,2.0,2.0,4.0,8.0,8.0,10.0,A religious person,3.0,Male,1952.0,67.0,Married,Retired/pensioned
CAN,124072933,1.0,1.0,1.0,2.0,7.0,7.0,7.0,Not a religious person,7.0,Female,1992.0,28.0,Living together as married,Full time
CAN,124072934,1.0,2.0,3.0,1.0,7.0,7.0,8.0,A religious person,6.0,Female,1950.0,70.0,Single,Retired/pensioned
CAN,124072935,1.0,1.0,1.0,1.0,8.0,4.0,4.0,Not a religious person,6.0,Female,1988.0,32.0,Single,Part time
CAN,124072938,1.0,1.0,2.0,1.0,9.0,9.0,10.0,Not a religious person,6.0,Female,1971.0,49.0,Married,Full time
CAN,124072939,1.0,2.0,2.0,2.0,9.0,6.0,3.0,A religious person,2.0,Female,1981.0,39.0,Single,Unemployed
CAN,124072940,1.0,1.0,3.0,4.0,5.0,5.0,4.0,A religious person,5.0,Female,1952.0,68.0,Separated,Retired/pensioned
CAN,124072941,1.0,1.0,2.0,2.0,7.0,6.0,7.0,Not a religious person,6.0,Female,1997.0,23.0,Living together as married,Full time
CAN,124072942,1.0,2.0,2.0,2.0,8.0,8.0,5.0,A religious person,5.0,Male,1948.0,72.0,Married,Retired/pensioned
CAN,124072944,1.0,1.0,2.0,1.0,7.0,7.0,5.0,Not a religious person,6.0,Female,1994.0,26.0,Living together as married,Full time
CAN,124072945,3.0,3.0,2.0,4.0,4.0,5.0,4.0,A religious person,6.0,Male,1953.0,66.0,Divorced,Retired/pensioned
CAN,124072946,2.0,2.0,1.0,1.0,9.0,8.0,6.0,Not a religious person,8.0,Male,1986.0,34.0,Married,Self employed
CAN,124072947,1.0,1.0,1.0,2.0,6.0,5.0,5.0,An atheist,5.0,Male,1959.0,60.0,Widowed,Full time
CAN,124072950,1.0,2.0,1.0,1.0,7.0,8.0,8.0,A religious person,5.0,Male,1967.0,52.0,Living together as married,Full time
CAN,124072951,1.0,2.0,1.0,2.0,7.0,8.0,10.0,Not a religious person,3.0,Male,1996.0,24.0,Single,Part time
CAN,124072953,1.0,2.0,2.0,2.0,7.0,7.0,8.0,An atheist,5.0,Male,1952.0,68.0,Living together as married,Self employed
CAN,124072954,2.0,2.0,2.0,2.0,3.0,2.0,1.0,An atheist,1.0,Male,1994.0,26.0,Living together as married,Part time
CAN,124072955,1.0,1.0,1.0,4.0,8.0,2.0,8.0,Not a religious person,6.0,Female,1962.0,58.0,Married,Retired/pensioned
CAN,124072956,3.0,2.0,2.0,2.0,8.0,7.0,8.0,Not a religious person,7.0,Male,1991.0,29.0,Single,Unemployed
CAN,124072958,1.0,2.0,2.0,1.0,7.0,8.0,9.0,Not a religious person,7.0,Male,1974.0,46.0,Living together as married,Full time
CAN,124072960,1.0,1.0,1.0,1.0,10.0,10.0,8.0,An atheist,1.0,Male,1973.0,47.0,Married,Full time
CAN,124072961,1.0,2.0,1.0,1.0,9.0,10.0,10.0,Not a religious person,6.0,Female,1952.0,67.0,Living together as married,Self employed
CAN,124072962,1.0,2.0,2.0,1.0,8.0,8.0,8.0,An atheist,7.0,Male,1981.0,38.0,Separated,Full time
CAN,124072964,1.0,1.0,2.0,1.0,8.0,7.0,7.0,A religious person,4.0,Female,1997.0,23.0,Single,Full time
CAN,124072965,2.0,2.0,2.0,2.0,7.0,6.0,7.0,A religious person,7.0,Male,1996.0,26.0,Single,Full time
CAN,124072966,1.0,2.0,2.0,2.0,7.0,8.0,8.0,Not a religious person,8.0,Male,1999.0,21.0,Single,Full time
CAN,124072967,2.0,2.0,2.0,2.0,9.0,7.0,5.0,Not a religious person,6.0,Female,1996.0,24.0,Living together as married,Student
CAN,124072968,1.0,2.0,1.0,1.0,10.0,10.0,9.0,An atheist,2.0,Female,1951.0,69.0,Widowed,Retired/pensioned
CAN,124072970,1.0,1.0,2.0,2.0,8.0,7.0,7.0,Not a religious person,9.0,Female,1946.0,74.0,Married,Retired/pensioned
CAN,124072972,1.0,2.0,2.0,4.0,6.0,6.0,6.0,An atheist,4.0,Female,1943.0,77.0,Divorced,Retired/pensioned
CAN,124072973,1.0,2.0,2.0,2.0,7.0,8.0,7.0,A religious person,6.0,Female,1967.0,52.0,Married,Full time
CAN,124072974,1.0,2.0,1.0,2.0,8.0,8.0,9.0,A religious person,8.0,Male,1966.0,54.0,Married,Part time
CAN,124072975,2.0,2.0,1.0,3.0,6.0,6.0,7.0,An atheist,5.0,Male,1992.0,28.0,Single,Full time
CAN,124072976,1.0,2.0,2.0,4.0,10.0,9.0,9.0,A religious person,1.0,Female,1947.0,73.0,Widowed,Retired/pensioned
CAN,124072977,1.0,1.0,2.0,2.0,8.0,9.0,9.0,Not a religious person,5.0,Male,1948.0,72.0,Married,Retired/pensioned
CAN,124072978,1.0,2.0,2.0,2.0,8.0,8.0,8.0,An atheist,6.0,Male,1960.0,60.0,Married,Self employed
CAN,124072979,2.0,1.0,1.0,1.0,7.0,8.0,4.0,A religious person,5.0,Male,1961.0,59.0,Single,Full time
CAN,124072980,2.0,2.0,1.0,2.0,6.0,7.0,8.0,Not a religious person,2.0,Male,2001.0,19.0,Single,Student
CAN,124072981,1.0,1.0,1.0,1.0,8.0,6.0,3.0,An atheist,5.0,Male,1974.0,45.0,Single,Full time
CAN,124072983,1.0,2.0,2.0,2.0,6.0,6.0,1.0,A religious person,5.0,Female,1971.0,49.0,Married,Full time
CAN,124072984,1.0,1.0,2.0,4.0,10.0,9.0,10.0,An atheist,9.0,Male,1938.0,82.0,Married,Retired/pensioned
CAN,124072985,1.0,3.0,3.0,1.0,10.0,7.0,10.0,A religious person,6.0,Female,1957.0,62.0,Married,Self employed
CAN,124072986,2.0,3.0,2.0,4.0,8.0,8.0,6.0,An atheist,8.0,Male,1959.0,61.0,Single,Other
CAN,124072987,3.0,1.0,1.0,2.0,8.0,6.0,3.0,A religious person,2.0,Male,1959.0,61.0,Widowed,Self employed
CAN,124072988,1.0,1.0,1.0,2.0,8.0,8.0,8.0,A religious person,8.0,Male,1953.0,67.0,Married,Retired/pensioned
CAN,124072989,1.0,2.0,1.0,3.0,8.0,7.0,8.0,Not a religious person,5.0,Male,1960.0,59.0,Married,Full time
CAN,124072990,1.0,1.0,1.0,1.0,6.0,6.0,6.0,A religious person,10.0,Male,1982.0,38.0,Married,Full time
CAN,124072991,2.0,2.0,3.0,2.0,8.0,7.0,6.0,An atheist,7.0,Female,1993.0,27.0,Living together as married,Full time
CAN,124072992,2.0,1.0,2.0,2.0,9.0,9.0,9.0,A religious person,8.0,Male,1990.0,30.0,Married,Full time
CAN,124072993,1.0,1.0,1.0,1.0,8.0,6.0,3.0,A religious person,3.0,Male,1974.0,46.0,Living together as married,Full time
CAN,124072994,1.0,1.0,2.0,4.0,10.0,10.0,10.0,A religious person,7.0,Male,1964.0,55.0,Married,Retired/pensioned
CAN,124072995,1.0,2.0,2.0,1.0,10.0,7.0,10.0,A religious person,5.0,Male,1969.0,51.0,Divorced,Full time
CAN,124072996,1.0,4.0,2.0,2.0,7.0,7.0,6.0,Not a religious person,5.0,Male,1970.0,49.0,Divorced,Other
CAN,124072997,1.0,2.0,1.0,2.0,6.0,1.0,2.0,An atheist,3.0,Female,1983.0,36.0,Single,Full time
CAN,124072999,1.0,1.0,2.0,2.0,6.0,3.0,9.0,A religious person,4.0,Female,1997.0,23.0,Single,Full time
CAN,124073000,1.0,2.0,2.0,2.0,7.0,10.0,8.0,Not a religious person,4.0,Female,1982.0,38.0,Living together as married,Homemaker not otherwise employed
CAN,124073003,1.0,1.0,1.0,1.0,9.0,3.0,3.0,A religious person,8.0,Female,1974.0,46.0,Married,Full time
CAN,124073005,2.0,2.0,2.0,4.0,7.0,7.0,8.0,A religious person,5.0,Male,1954.0,65.0,Married,Retired/pensioned
CAN,124073006,1.0,1.0,1.0,2.0,9.0,8.0,10.0,A religious person,5.0,Female,1954.0,66.0,Widowed,Retired/pensioned
CAN,124073008,1.0,1.0,1.0,3.0,8.0,8.0,8.0,Not a religious person,4.0,Male,1953.0,67.0,Married,Retired/pensioned
CAN,124073009,1.0,2.0,1.0,2.0,6.0,8.0,8.0,A religious person,10.0,Male,1986.0,33.0,Married,Full time
CAN,124073014,1.0,1.0,1.0,2.0,7.0,8.0,9.0,An atheist,3.0,Male,1947.0,73.0,Married,Retired/pensioned
CAN,124073015,1.0,2.0,2.0,3.0,8.0,8.0,7.0,Not a religious person,8.0,Female,1957.0,63.0,Married,Retired/pensioned
CAN,124073016,1.0,1.0,2.0,4.0,8.0,8.0,5.0,Not a religious person,6.0,Male,1942.0,78.0,Married,Retired/pensioned
CAN,124073017,1.0,1.0,2.0,2.0,8.0,8.0,5.0,Not a religious person,5.0,Female,1990.0,29.0,Married,Unemployed
CAN,124073018,1.0,1.0,2.0,2.0,9.0,8.0,9.0,A religious person,4.0,Female,1946.0,74.0,Married,Retired/pensioned
CAN,124073019,1.0,4.0,1.0,4.0,8.0,8.0,10.0,Not a religious person,5.0,Female,1961.0,59.0,Divorced,Retired/pensioned
CAN,124073020,1.0,1.0,1.0,2.0,7.0,6.0,3.0,A religious person,3.0,Male,1973.0,47.0,Divorced,Full time
CAN,124073022,1.0,3.0,3.0,1.0,8.0,7.0,5.0,A religious person,5.0,Female,1979.0,41.0,Married,Homemaker not otherwise employed
CAN,124073023,2.0,2.0,2.0,4.0,3.0,5.0,3.0,Not a religious person,5.0,Male,1951.0,69.0,Married,Retired/pensioned
CAN,124073024,1.0,1.0,2.0,2.0,7.0,7.0,6.0,An atheist,3.0,Male,1956.0,64.0,Married,Full time
CAN,124073025,1.0,1.0,1.0,2.0,7.0,8.0,8.0,A religious person,9.0,Female,1966.0,54.0,Married,Part time
CAN,124073026,1.0,2.0,3.0,2.0,7.0,7.0,6.0,An atheist,4.0,Female,1990.0,30.0,Living together as married,Full time
CAN,124073027,1.0,2.0,2.0,2.0,8.0,7.0,8.0,Not a religious person,7.0,Female,1991.0,29.0,Living together as married,Full time
CAN,124073028,1.0,1.0,1.0,3.0,10.0,10.0,10.0,A religious person,1.0,Male,1989.0,31.0,Single,Retired/pensioned
CAN,124073030,1.0,2.0,1.0,2.0,8.0,8.0,7.0,Not a religious person,8.0,Male,1966.0,53.0,Single,Full time
CAN,124073031,1.0,1.0,1.0,1.0,8.0,7.0,6.0,Not a religious person,10.0,Female,1979.0,41.0,Separated,Full time
CAN,124073032,1.0,1.0,2.0,1.0,8.0,8.0,8.0,A religious person,4.0,Female,1997.0,23.0,Single,Full time
CAN,124073033,1.0,1.0,1.0,3.0,7.0,10.0,10.0,Not a religious person,5.0,Male,1954.0,66.0,Married,Retired/pensioned
CAN,124073034,1.0,2.0,1.0,1.0,6.0,6.0,5.0,Not a religious person,6.0,Female,1995.0,25.0,Single,Student
CAN,124073035,1.0,4.0,3.0,4.0,4.0,4.0,4.0,An atheist,5.0,Male,1983.0,37.0,Widowed,Unemployed
CAN,124073036,1.0,2.0,2.0,4.0,8.0,9.0,10.0,A religious person,8.0,Male,1960.0,59.0,Married,Retired/pensioned
CAN,124073037,2.0,2.0,1.0,3.0,7.0,7.0,6.0,A religious person,5.0,Male,1963.0,57.0,Single,Retired/pensioned
CAN,124073038,1.0,2.0,1.0,3.0,7.0,5.0,6.0,An atheist,4.0,Female,1995.0,25.0,Single,Self employed
CAN,124073039,1.0,1.0,2.0,4.0,8.0,10.0,10.0,Not a religious person,6.0,Male,1940.0,80.0,Married,Retired/pensioned
CAN,124073040,1.0,1.0,2.0,2.0,9.0,8.0,7.0,A religious person,4.0,Female,1998.0,22.0,Single,Part time
CAN,124073041,1.0,1.0,2.0,2.0,5.0,6.0,6.0,Not a religious person,5.0,Female,1981.0,39.0,Married,Full time
CAN,124073042,1.0,1.0,2.0,1.0,8.0,9.0,7.0,An atheist,2.0,Male,1956.0,64.0,Married,Retired/pensioned
CAN,124073043,1.0,1.0,1.0,4.0,9.0,8.0,8.0,Not a religious person,7.0,Male,1951.0,68.0,Divorced,Retired/pensioned
CAN,124073044,1.0,2.0,2.0,2.0,8.0,7.0,9.0,A religious person,4.0,Female,1965.0,55.0,Living together as married,Other
CAN,124073045,1.0,1.0,2.0,4.0,8.0,8.0,9.0,Not a religious person,3.0,Female,1954.0,66.0,Single,Retired/pensioned
CAN,124073046,1.0,1.0,2.0,1.0,8.0,8.0,6.0,An atheist,7.0,Male,1989.0,31.0,Living together as married,Full time
CAN,124073047,1.0,1.0,1.0,1.0,8.0,7.0,7.0,Not a religious person,8.0,Female,1988.0,31.0,Married,Full time
CAN,124073048,1.0,3.0,2.0,4.0,5.0,4.0,1.0,A religious person,9.0,Female,1946.0,74.0,Divorced,Retired/pensioned
CAN,124073049,1.0,1.0,1.0,1.0,8.0,9.0,8.0,A religious person,2.0,Male,1945.0,76.0,Married,Retired/pensioned
CAN,124073050,2.0,2.0,2.0,1.0,5.0,5.0,5.0,Not a religious person,6.0,Male,1989.0,31.0,Living together as married,Part time
CAN,124073051,1.0,1.0,2.0,2.0,7.0,6.0,8.0,An atheist,3.0,Female,1993.0,26.0,Living together as married,Full time
CAN,124073052,2.0,2.0,1.0,3.0,8.0,3.0,8.0,Not a religious person,3.0,Male,1961.0,58.0,Single,Full time
CAN,124073053,1.0,2.0,1.0,2.0,8.0,8.0,8.0,A religious person,4.0,Male,1955.0,65.0,Married,Retired/pensioned
CAN,124073054,1.0,2.0,2.0,2.0,10.0,8.0,8.0,A religious person,10.0,Female,1974.0,46.0,Married,Homemaker not otherwise employed
CAN,124073055,2.0,1.0,1.0,4.0,8.0,9.0,9.0,An atheist,3.0,Female,1966.0,54.0,Married,Part time
CAN,124073056,2.0,2.0,1.0,2.0,9.0,7.0,8.0,A religious person,6.0,Female,1973.0,47.0,Divorced,Full time
CAN,124073057,1.0,2.0,1.0,1.0,7.0,7.0,7.0,A religious person,6.0,Male,1958.0,62.0,Married,Part time
CAN,124073058,2.0,3.0,2.0,3.0,6.0,6.0,7.0,An atheist,7.0,Female,1999.0,21.0,Single,Student
CAN,124073059,2.0,2.0,2.0,4.0,6.0,8.0,7.0,Not a religious person,4.0,Female,1955.0,65.0,Single,Retired/pensioned
CAN,124073060,1.0,2.0,2.0,2.0,5.0,7.0,4.0,Not a religious person,5.0,Female,1973.0,45.0,Married,Homemaker not otherwise employed
CAN,124073061,1.0,2.0,2.0,2.0,8.0,7.0,6.0,A religious person,3.0,Male,1995.0,25.0,Single,Unemployed
CAN,124073062,1.0,2.0,1.0,2.0,6.0,6.0,5.0,An atheist,3.0,Female,1994.0,25.0,Separated,Full time
CAN,124073064,1.0,1.0,1.0,1.0,10.0,10.0,10.0,A religious person,10.0,Female,1994.0,26.0,Married,Full time
CAN,124073065,1.0,1.0,1.0,2.0,9.0,8.0,6.0,Not a religious person,6.0,Male,1974.0,46.0,Single,Full time
CAN,124073066,1.0,3.0,1.0,1.0,5.0,5.0,5.0,Not a religious person,5.0,Male,1973.0,47.0,Married,Retired/pensioned
CAN,124073071,1.0,1.0,2.0,2.0,7.0,4.0,5.0,An atheist,6.0,Male,2001.0,19.0,Single,Student
CAN,124073072,2.0,2.0,1.0,3.0,8.0,7.0,7.0,Not a religious person,5.0,Female,1977.0,43.0,Single,Full time
CAN,124073074,1.0,3.0,2.0,2.0,6.0,7.0,7.0,An atheist,6.0,Male,1955.0,65.0,Divorced,Retired/pensioned
CAN,124073076,1.0,2.0,1.0,4.0,7.0,7.0,5.0,A religious person,6.0,Female,1951.0,69.0,Married,Retired/pensioned
CAN,124073077,1.0,1.0,1.0,3.0,5.0,5.0,1.0,Not a religious person,5.0,Female,1963.0,57.0,Married,Retired/pensioned
CAN,124073078,1.0,2.0,1.0,2.0,6.0,6.0,7.0,A religious person,5.0,Male,1949.0,70.0,Married,Part time
CAN,124073079,1.0,1.0,1.0,2.0,9.0,7.0,6.0,Not a religious person,2.0,Female,1968.0,51.0,Single,Part time
CAN,124073080,2.0,2.0,2.0,2.0,5.0,5.0,5.0,A religious person,4.0,Female,1977.0,43.0,Living together as married,Unemployed
CAN,124073081,3.0,2.0,1.0,3.0,3.0,2.0,7.0,A religious person,6.0,Female,2002.0,18.0,Single,Student
CAN,124073082,1.0,1.0,1.0,2.0,6.0,7.0,4.0,Not a religious person,5.0,Male,1953.0,67.0,Living together as married,Full time
CAN,124073083,1.0,2.0,1.0,3.0,8.0,8.0,6.0,Not a religious person,5.0,Female,1972.0,48.0,Married,Full time
CAN,124073084,1.0,1.0,2.0,2.0,10.0,6.0,6.0,Not a religious person,5.0,Female,1994.0,26.0,Single,Student
CAN,124073085,1.0,1.0,1.0,1.0,10.0,6.0,5.0,Not a religious person,1.0,Female,1996.0,24.0,Divorced,Full time
CAN,124073086,1.0,2.0,3.0,3.0,5.0,6.0,4.0,A religious person,4.0,Male,1974.0,46.0,Single,Part time
CAN,124073087,2.0,2.0,2.0,2.0,9.0,7.0,7.0,A religious person,5.0,Male,1989.0,31.0,Married,Student
CAN,124073088,1.0,2.0,1.0,2.0,8.0,7.0,6.0,Not a religious person,7.0,Female,1960.0,59.0,Single,Self employed
CAN,124073089,1.0,1.0,1.0,2.0,8.0,9.0,9.0,Not a religious person,5.0,Female,1946.0,73.0,Married,Retired/pensioned
CAN,124073090,1.0,1.0,1.0,2.0,5.0,8.0,6.0,Not a religious person,5.0,Female,1945.0,75.0,Married,Retired/pensioned
CAN,124073091,1.0,2.0,1.0,4.0,8.0,9.0,8.0,An atheist,1.0,Female,1959.0,61.0,Widowed,Retired/pensioned
CAN,124073092,3.0,2.0,2.0,1.0,5.0,6.0,2.0,Not a religious person,5.0,Female,1976.0,44.0,Living together as married,Full time
CAN,124073093,1.0,1.0,2.0,1.0,6.0,7.0,7.0,Not a religious person,6.0,Male,1963.0,57.0,Married,Retired/pensioned
CAN,124073094,1.0,2.0,1.0,1.0,9.0,8.0,9.0,A religious person,5.0,Female,1975.0,45.0,Living together as married,Full time
CAN,124073095,1.0,2.0,1.0,2.0,6.0,5.0,6.0,An atheist,5.0,Female,1987.0,33.0,Single,Full time
CAN,124073096,2.0,2.0,2.0,2.0,9.0,8.0,8.0,An atheist,2.0,Male,1993.0,27.0,Single,Full time
CAN,124073097,2.0,1.0,1.0,2.0,4.0,4.0,7.0,An atheist,5.0,Female,2002.0,18.0,Single,Student
CAN,124073098,1.0,1.0,1.0,3.0,10.0,9.0,7.0,A religious person,7.0,Female,1954.0,66.0,Married,Retired/pensioned
CAN,124073099,2.0,2.0,2.0,2.0,8.0,7.0,8.0,Not a religious person,6.0,Male,1949.0,71.0,Married,Retired/pensioned
CAN,124073100,1.0,1.0,1.0,2.0,9.0,8.0,8.0,Not a religious person,5.0,Female,1971.0,48.0,Single,Full time
CAN,124073103,2.0,1.0,1.0,2.0,7.0,7.0,9.0,An atheist,2.0,Female,1952.0,68.0,Divorced,Retired/pensioned
CAN,124073106,1.0,2.0,2.0,1.0,9.0,9.0,9.0,Not a religious person,6.0,Female,1957.0,63.0,Married,Self employed
CAN,124073107,1.0,1.0,1.0,1.0,10.0,2.0,1.0,An atheist,10.0,Male,1991.0,29.0,Single,Unemployed
CAN,124073108,1.0,2.0,1.0,2.0,8.0,8.0,5.0,A religious person,5.0,Female,1980.0,40.0,Married,Unemployed
CAN,124073109,2.0,1.0,3.0,1.0,8.0,7.0,8.0,An atheist,4.0,Male,1945.0,75.0,Divorced,Retired/pensioned
CAN,124073110,1.0,1.0,2.0,2.0,7.0,7.0,4.0,Not a religious person,6.0,Male,1944.0,76.0,Married,Self employed
CAN,124073111,1.0,2.0,2.0,1.0,6.0,7.0,4.0,Not a religious person,4.0,Male,1990.0,30.0,Living together as married,Full time
CAN,124073112,1.0,1.0,2.0,2.0,4.0,3.0,1.0,A religious person,5.0,Female,1975.0,45.0,Widowed,Unemployed
CAN,124073113,1.0,2.0,1.0,3.0,7.0,8.0,7.0,Not a religious person,3.0,Male,1952.0,68.0,Married,Retired/pensioned
CAN,124073114,1.0,1.0,2.0,2.0,6.0,4.0,4.0,Not a religious person,9.0,Female,1997.0,22.0,Single,Full time
CAN,124073115,1.0,1.0,1.0,2.0,10.0,9.0,8.0,A religious person,6.0,Female,1983.0,36.0,Married,Full time
CAN,124073116,1.0,1.0,1.0,2.0,9.0,9.0,10.0,Not a religious person,3.0,Female,1966.0,54.0,Married,Full time
CAN,124073117,1.0,1.0,1.0,1.0,9.0,8.0,9.0,Not a religious person,6.0,Male,1960.0,60.0,Married,Full time
CAN,124073118,3.0,2.0,1.0,3.0,6.0,3.0,5.0,Not a religious person,2.0,Female,1992.0,27.0,Living together as married,Unemployed
CAN,124073119,1.0,1.0,2.0,1.0,7.0,6.0,5.0,A religious person,5.0,Male,1990.0,30.0,Single,Part time
CAN,124073120,1.0,1.0,2.0,2.0,8.0,8.0,7.0,Not a religious person,5.0,Female,2000.0,20.0,Single,Student
CAN,124073121,1.0,2.0,2.0,2.0,10.0,6.0,4.0,A religious person,5.0,Female,2001.0,19.0,Single,Student
CAN,124073122,1.0,1.0,1.0,1.0,9.0,8.0,7.0,An atheist,2.0,Female,1989.0,31.0,Single,Full time
CAN,124073123,1.0,1.0,2.0,2.0,6.0,8.0,9.0,A religious person,7.0,Female,1954.0,66.0,Single,Retired/pensioned
CAN,124073124,1.0,2.0,1.0,4.0,2.0,1.0,1.0,A religious person,6.0,Female,1966.0,54.0,Single,Unemployed
CAN,124073125,1.0,1.0,2.0,1.0,7.0,8.0,7.0,A religious person,7.0,Male,1948.0,72.0,Married,Full time
CAN,124073126,3.0,1.0,2.0,2.0,8.0,6.0,6.0,A religious person,4.0,Female,1949.0,71.0,Single,Retired/pensioned
CAN,124073127,2.0,2.0,2.0,1.0,6.0,4.0,1.0,An atheist,3.0,Female,1969.0,50.0,Married,Full time
CAN,124073128,1.0,2.0,1.0,4.0,8.0,7.0,10.0,An atheist,3.0,Female,1944.0,75.0,Single,Retired/pensioned
CAN,124073130,1.0,1.0,1.0,1.0,10.0,6.0,5.0,Not a religious person,4.0,Female,1986.0,33.0,Living together as married,Full time
CAN,124073133,2.0,1.0,1.0,2.0,10.0,10.0,8.0,A religious person,10.0,Male,1992.0,27.0,Married,Full time
CAN,124073134,2.0,2.0,1.0,2.0,9.0,8.0,5.0,Not a religious person,8.0,Male,1972.0,47.0,Divorced,Retired/pensioned
CAN,124073135,1.0,2.0,1.0,2.0,8.0,7.0,7.0,Not a religious person,5.0,Male,1966.0,54.0,Single,Full time
CAN,124073136,1.0,1.0,1.0,4.0,9.0,8.0,7.0,A religious person,5.0,Male,1979.0,41.0,Married,Homemaker not otherwise employed
CAN,124073138,1.0,2.0,2.0,2.0,8.0,8.0,9.0,A religious person,5.0,Male,1967.0,53.0,Married,Full time
CAN,124073143,1.0,1.0,2.0,1.0,8.0,7.0,8.0,A religious person,9.0,Male,1977.0,43.0,Single,Full time
CAN,124073145,1.0,3.0,1.0,4.0,10.0,8.0,6.0,Not a religious person,6.0,Male,1948.0,71.0,Married,Retired/pensioned
CAN,124073146,1.0,1.0,1.0,1.0,5.0,6.0,5.0,Not a religious person,7.0,Female,1985.0,35.0,Single,Full time
CAN,124073148,1.0,1.0,3.0,4.0,5.0,7.0,1.0,An atheist,1.0,Male,1953.0,67.0,Married,Retired/pensioned
CAN,124073149,1.0,1.0,1.0,1.0,7.0,7.0,4.0,A religious person,5.0,Female,1966.0,54.0,Divorced,Full time
CAN,124073150,1.0,1.0,2.0,3.0,4.0,7.0,7.0,Not a religious person,3.0,Male,1958.0,62.0,Single,Other
CAN,124073152,2.0,1.0,1.0,2.0,7.0,8.0,6.0,An atheist,2.0,Female,1993.0,26.0,Living together as married,Student
CAN,124073154,1.0,2.0,1.0,2.0,9.0,7.0,9.0,An atheist,5.0,Female,1995.0,25.0,Single,Student
CAN,124073155,1.0,2.0,3.0,1.0,5.0,4.0,4.0,Not a religious person,5.0,Female,1990.0,30.0,Single,Full time
CAN,124073157,1.0,2.0,1.0,2.0,8.0,7.0,9.0,An atheist,5.0,Female,1957.0,63.0,Single,Retired/pensioned
CAN,124073158,1.0,2.0,2.0,2.0,7.0,8.0,7.0,Not a religious person,8.0,Male,1994.0,26.0,Divorced,Retired/pensioned
CAN,124073162,1.0,3.0,2.0,4.0,7.0,8.0,6.0,Not a religious person,8.0,Male,1949.0,71.0,Married,Retired/pensioned
CAN,124073163,2.0,2.0,2.0,2.0,7.0,7.0,6.0,Not a religious person,3.0,Female,1981.0,39.0,Married,Full time
CAN,124073164,1.0,1.0,1.0,1.0,10.0,8.0,7.0,Not a religious person,5.0,Female,1994.0,26.0,Single,Full time
CAN,124073165,3.0,3.0,2.0,3.0,5.0,5.0,5.0,Not a religious person,6.0,Male,1984.0,36.0,Living together as married,Retired/pensioned
CAN,124073166,1.0,4.0,1.0,2.0,6.0,7.0,7.0,Not a religious person,5.0,Female,1984.0,36.0,Single,Full time
CAN,124073168,1.0,1.0,1.0,4.0,8.0,8.0,8.0,A religious person,5.0,Male,1940.0,80.0,Married,Retired/pensioned
CAN,124073169,1.0,1.0,1.0,1.0,7.0,7.0,3.0,A religious person,7.0,Male,1965.0,54.0,Married,Full time
CAN,124073170,1.0,1.0,1.0,2.0,9.0,8.0,10.0,A religious person,3.0,Male,1938.0,82.0,Married,Retired/pensioned
CAN,124073171,1.0,1.0,1.0,2.0,9.0,9.0,8.0,Not a religious person,4.0,Female,1985.0,35.0,Living together as married,Full time
CAN,124073172,1.0,2.0,1.0,2.0,7.0,6.0,6.0,An atheist,6.0,Male,1974.0,46.0,Living together as married,Full time
CAN,124073173,1.0,2.0,1.0,2.0,9.0,8.0,8.0,Not a religious person,5.0,Male,1998.0,22.0,Single,Student
CAN,124073174,2.0,1.0,1.0,3.0,8.0,8.0,7.0,Not a religious person,3.0,Male,1986.0,33.0,Single,Full time
CAN,124073175,1.0,1.0,1.0,4.0,5.0,7.0,10.0,A religious person,10.0,Female,1957.0,63.0,Divorced,Other
CAN,124073176,1.0,1.0,1.0,2.0,8.0,9.0,9.0,Not a religious person,6.0,Male,1999.0,20.0,Living together as married,Student
CAN,124073177,1.0,1.0,1.0,2.0,8.0,8.0,7.0,A religious person,7.0,Female,1953.0,67.0,Divorced,Part time
CAN,124073179,1.0,2.0,2.0,1.0,8.0,7.0,7.0,Not a religious person,5.0,Female,1972.0,47.0,Married,Self employed
CAN,124073180,1.0,1.0,2.0,3.0,7.0,5.0,6.0,A religious person,4.0,Female,1974.0,45.0,Single,Full time
CAN,124073181,1.0,2.0,2.0,1.0,10.0,9.0,9.0,Not a religious person,8.0,Female,1972.0,48.0,Married,Part time
CAN,124073183,1.0,1.0,1.0,1.0,7.0,8.0,8.0,Not a religious person,7.0,Female,1966.0,54.0,Divorced,Unemployed
CAN,124073185,2.0,2.0,2.0,2.0,4.0,4.0,3.0,Not a religious person,7.0,Male,1948.0,72.0,Married,Retired/pensioned
CAN,124073186,1.0,1.0,1.0,3.0,8.0,8.0,8.0,Not a religious person,5.0,Male,1951.0,69.0,Married,Retired/pensioned
CAN,124073187,1.0,2.0,2.0,1.0,7.0,7.0,1.0,Not a religious person,6.0,Female,1981.0,39.0,Single,Unemployed
CAN,124073188,1.0,1.0,1.0,2.0,8.0,9.0,8.0,Not a religious person,8.0,Female,1987.0,33.0,Married,Part time
CAN,124073189,3.0,1.0,1.0,2.0,6.0,5.0,6.0,An atheist,1.0,Female,1994.0,24.0,Single,Part time
CAN,124073190,1.0,2.0,1.0,1.0,3.0,1.0,1.0,An atheist,3.0,Male,1971.0,48.0,Single,Other
CAN,124073191,1.0,1.0,2.0,1.0,8.0,10.0,8.0,An atheist,5.0,Male,1975.0,45.0,Married,Full time
CAN,124073192,1.0,1.0,1.0,1.0,10.0,10.0,9.0,Not a religious person,8.0,Male,1951.0,69.0,Divorced,Retired/pensioned
CAN,124073195,1.0,2.0,1.0,2.0,8.0,6.0,2.0,Not a religious person,5.0,Male,1983.0,37.0,Living together as married,Full time
CAN,124073196,3.0,1.0,3.0,3.0,2.0,9.0,10.0,A religious person,5.0,Male,1999.0,21.0,Single,Full time
CAN,124073198,3.0,3.0,2.0,3.0,8.0,9.0,9.0,Not a religious person,8.0,Male,1980.0,40.0,Divorced,Self employed
CAN,124073199,1.0,1.0,1.0,1.0,8.0,9.0,9.0,Not a religious person,8.0,Female,1989.0,31.0,Single,Full time
CAN,124073200,2.0,4.0,3.0,4.0,8.0,4.0,2.0,Not a religious person,8.0,Male,1946.0,74.0,Married,Retired/pensioned
CAN,124073201,1.0,1.0,1.0,2.0,7.0,7.0,7.0,Not a religious person,3.0,Female,1992.0,28.0,Living together as married,Full time
CAN,124073202,1.0,1.0,2.0,2.0,9.0,4.0,1.0,A religious person,6.0,Female,1974.0,46.0,Single,Unemployed
CAN,124073203,1.0,1.0,2.0,1.0,9.0,8.0,7.0,A religious person,9.0,Female,1985.0,35.0,Married,Unemployed
CAN,124073205,1.0,2.0,3.0,2.0,8.0,7.0,10.0,Not a religious person,10.0,Male,1996.0,24.0,Married,Full time
CAN,124073206,1.0,1.0,2.0,2.0,7.0,8.0,7.0,An atheist,3.0,Female,1993.0,27.0,Single,Full time
CAN,124073207,1.0,3.0,1.0,1.0,5.0,6.0,1.0,An atheist,7.0,Female,1969.0,51.0,Single,Full time
CAN,124073208,1.0,2.0,2.0,3.0,7.0,8.0,7.0,A religious person,5.0,Female,1946.0,73.0,Divorced,Retired/pensioned
CAN,124073209,1.0,1.0,1.0,2.0,2.0,6.0,1.0,A religious person,4.0,Male,1966.0,54.0,Divorced,Full time
CAN,124073210,3.0,3.0,1.0,2.0,5.0,9.0,6.0,Not a religious person,7.0,Female,1963.0,57.0,Married,Self employed
CAN,124073211,1.0,1.0,1.0,3.0,5.0,1.0,1.0,Not a religious person,3.0,Female,1980.0,40.0,Single,Unemployed
CAN,124073212,1.0,1.0,1.0,3.0,8.0,8.0,8.0,A religious person,3.0,Female,1956.0,64.0,Married,Retired/pensioned
CAN,124073213,2.0,2.0,3.0,2.0,9.0,8.0,5.0,Not a religious person,6.0,Male,1969.0,51.0,Living together as married,Unemployed
CAN,124073215,2.0,2.0,2.0,4.0,9.0,7.0,8.0,A religious person,3.0,Male,1958.0,62.0,Married,Retired/pensioned
CAN,124073216,2.0,2.0,2.0,2.0,7.0,4.0,3.0,A religious person,3.0,Male,1977.0,42.0,Single,Full time
CAN,124073217,1.0,2.0,2.0,2.0,7.0,8.0,8.0,A religious person,9.0,Male,1966.0,53.0,Married,Full time
CAN,124073218,1.0,1.0,2.0,3.0,8.0,8.0,4.0,A religious person,9.0,Female,1947.0,73.0,Widowed,Retired/pensioned
CAN,124073219,1.0,1.0,1.0,3.0,10.0,8.0,8.0,An atheist,3.0,Male,1965.0,55.0,Single,Full time
CAN,124073220,1.0,2.0,1.0,2.0,8.0,9.0,8.0,An atheist,5.0,Male,1979.0,41.0,Single,Full time
CAN,124073221,1.0,1.0,1.0,2.0,4.0,6.0,1.0,A religious person,5.0,Male,1997.0,23.0,Single,Student
CAN,124073222,1.0,2.0,1.0,2.0,8.0,8.0,9.0,A religious person,6.0,Male,1956.0,63.0,Married,Retired/pensioned
CAN,124073223,1.0,2.0,1.0,2.0,7.0,4.0,4.0,Not a religious person,5.0,Female,1962.0,58.0,Married,Full time
CAN,124073224,1.0,2.0,2.0,2.0,7.0,7.0,4.0,An atheist,5.0,Female,1992.0,28.0,Living together as married,Full time
CAN,124073225,2.0,2.0,1.0,2.0,8.0,8.0,6.0,An atheist,2.0,Male,1994.0,25.0,Single,Part time
CAN,124073226,1.0,1.0,2.0,4.0,8.0,8.0,7.0,Not a religious person,5.0,Female,1945.0,74.0,Widowed,Retired/pensioned
CAN,124073227,1.0,2.0,2.0,2.0,10.0,8.0,9.0,Not a religious person,5.0,Male,1958.0,62.0,Living together as married,Retired/pensioned
CAN,124073229,2.0,3.0,3.0,1.0,8.0,4.0,5.0,A religious person,8.0,Male,1974.0,45.0,Married,Full time
CAN,124073233,1.0,2.0,2.0,3.0,8.0,8.0,8.0,Not a religious person,6.0,Male,1954.0,66.0,Married,Retired/pensioned
CAN,124073234,1.0,2.0,2.0,1.0,8.0,7.0,7.0,Not a religious person,5.0,Female,1991.0,29.0,Living together as married,Full time
CAN,124073235,2.0,1.0,2.0,2.0,8.0,6.0,5.0,Not a religious person,8.0,Female,1963.0,57.0,Widowed,Retired/pensioned
CAN,124073236,1.0,1.0,2.0,4.0,8.0,8.0,9.0,Not a religious person,4.0,Male,1952.0,68.0,Married,Retired/pensioned
CAN,124073237,1.0,1.0,1.0,1.0,8.0,6.0,8.0,Not a religious person,8.0,Male,1981.0,38.0,Single,Full time
CAN,124073240,1.0,1.0,1.0,1.0,8.0,7.0,7.0,A religious person,5.0,Female,1984.0,36.0,Married,Full time
CAN,124073242,1.0,1.0,2.0,2.0,6.0,6.0,6.0,Not a religious person,6.0,Female,1976.0,44.0,Living together as married,Unemployed
CAN,124073243,2.0,2.0,2.0,1.0,1.0,1.0,5.0,A religious person,7.0,Female,2002.0,18.0,Single,Student
CAN,124073244,1.0,2.0,2.0,2.0,8.0,5.0,7.0,An atheist,4.0,Male,1974.0,46.0,Living together as married,Full time
CAN,124073245,1.0,2.0,1.0,1.0,7.0,7.0,7.0,Not a religious person,6.0,Female,1979.0,41.0,Married,Full time
CAN,124073246,1.0,2.0,2.0,3.0,7.0,6.0,7.0,Not a religious person,6.0,Female,1962.0,58.0,Divorced,Part time
CAN,124073247,1.0,1.0,1.0,2.0,8.0,9.0,7.0,Not a religious person,4.0,Male,1976.0,44.0,Married,Full time
CAN,124073249,1.0,2.0,2.0,1.0,9.0,9.0,5.0,A religious person,5.0,Female,1972.0,48.0,Single,Full time
CAN,124073250,2.0,3.0,1.0,2.0,8.0,8.0,6.0,Not a religious person,4.0,Male,1955.0,65.0,Married,Part time
CAN,124073251,2.0,1.0,1.0,2.0,7.0,7.0,5.0,Not a religious person,3.0,Male,1971.0,49.0,Married,Full time
CAN,124073253,1.0,2.0,1.0,1.0,7.0,5.0,4.0,An atheist,6.0,Female,1975.0,45.0,Single,Self employed
CAN,124073255,1.0,1.0,1.0,3.0,7.0,7.0,6.0,An atheist,5.0,Female,1991.0,29.0,Single,Full time
CAN,124073256,2.0,1.0,1.0,2.0,4.0,5.0,3.0,An atheist,3.0,Male,2002.0,18.0,Single,Student
CAN,124073257,1.0,1.0,1.0,1.0,8.0,8.0,8.0,A religious person,7.0,Female,1995.0,25.0,Married,Part time
CAN,124073261,1.0,1.0,2.0,2.0,7.0,8.0,6.0,An atheist,3.0,Female,1988.0,32.0,Living together as married,Homemaker not otherwise employed
CAN,124073262,1.0,1.0,2.0,2.0,9.0,6.0,8.0,An atheist,6.0,Female,2001.0,19.0,Single,Student
CAN,124073263,1.0,1.0,1.0,2.0,6.0,5.0,1.0,An atheist,5.0,Female,1973.0,47.0,Single,Retired/pensioned
CAN,124073265,2.0,2.0,2.0,2.0,7.0,8.0,7.0,Not a religious person,4.0,Male,1957.0,63.0,Married,Part time
CAN,124073266,1.0,3.0,2.0,1.0,7.0,7.0,9.0,Not a religious person,8.0,Male,1989.0,31.0,Living together as married,Full time
CAN,124073268,1.0,2.0,2.0,1.0,8.0,9.0,9.0,Not a religious person,8.0,Male,1978.0,42.0,Married,Full time
CAN,124073270,1.0,1.0,1.0,1.0,9.0,7.0,3.0,A religious person,5.0,Male,1979.0,40.0,Living together as married,Full time
CAN,124073271,1.0,1.0,1.0,2.0,8.0,8.0,7.0,An atheist,7.0,Female,1997.0,23.0,Single,Student
CAN,124073273,1.0,1.0,2.0,1.0,8.0,9.0,4.0,A religious person,5.0,Female,1948.0,72.0,Widowed,Retired/pensioned
CAN,124073275,1.0,1.0,1.0,2.0,8.0,9.0,10.0,Not a religious person,3.0,Male,1974.0,45.0,Living together as married,Full time
CAN,124073277,1.0,2.0,2.0,1.0,10.0,10.0,10.0,An atheist,6.0,Female,1960.0,60.0,Married,Retired/pensioned
CAN,124073278,1.0,1.0,1.0,4.0,7.0,6.0,7.0,Not a religious person,5.0,Female,1955.0,65.0,Married,Retired/pensioned
CAN,124073279,2.0,2.0,1.0,4.0,9.0,7.0,9.0,An atheist,4.0,Male,1948.0,72.0,Divorced,Retired/pensioned
CAN,124073281,2.0,2.0,2.0,3.0,4.0,3.0,2.0,An atheist,5.0,Female,1961.0,59.0,Single,Unemployed
CAN,124073282,1.0,1.0,1.0,1.0,10.0,10.0,6.0,An atheist,5.0,Male,1994.0,25.0,Living together as married,Full time
CAN,124073283,1.0,2.0,1.0,2.0,7.0,8.0,7.0,An atheist,4.0,Male,1954.0,66.0,Divorced,Retired/pensioned
CAN,124073284,1.0,1.0,1.0,1.0,5.0,6.0,7.0,A religious person,5.0,Male,1970.0,50.0,Married,Full time
CAN,124073285,2.0,1.0,1.0,3.0,8.0,8.0,7.0,A religious person,4.0,Male,1949.0,71.0,Divorced,Retired/pensioned
CAN,124073286,1.0,2.0,1.0,3.0,9.0,9.0,8.0,Not a religious person,6.0,Male,1937.0,83.0,Married,Retired/pensioned
CAN,124073287,1.0,2.0,2.0,2.0,8.0,8.0,8.0,Not a religious person,4.0,Male,1970.0,50.0,Married,Full time
CAN,124073288,2.0,1.0,1.0,2.0,8.0,6.0,4.0,Not a religious person,1.0,Female,1989.0,31.0,Married,Self employed
CAN,124073290,3.0,2.0,1.0,4.0,5.0,7.0,5.0,Not a religious person,6.0,Male,1999.0,21.0,Married,Homemaker not otherwise employed
CAN,124073291,1.0,1.0,1.0,1.0,7.0,6.0,6.0,A religious person,7.0,Female,1994.0,26.0,Single,Full time
CAN,124073294,1.0,1.0,2.0,1.0,8.0,7.0,6.0,A religious person,1.0,Female,1981.0,39.0,Single,Full time
CAN,124073296,2.0,3.0,2.0,2.0,6.0,8.0,7.0,Not a religious person,9.0,Male,1989.0,31.0,Living together as married,Full time
CAN,124073297,1.0,1.0,1.0,1.0,3.0,2.0,2.0,A religious person,5.0,Female,2000.0,20.0,Single,Student
CAN,124073298,1.0,2.0,1.0,2.0,7.0,6.0,7.0,An atheist,6.0,Male,1995.0,25.0,Single,Student
CAN,124073299,1.0,1.0,2.0,2.0,3.0,5.0,5.0,Not a religious person,5.0,Female,1966.0,54.0,Single,Retired/pensioned
CAN,124073300,2.0,2.0,3.0,1.0,8.0,7.0,8.0,Not a religious person,7.0,Male,1970.0,50.0,Single,Part time
CAN,124073301,1.0,2.0,1.0,1.0,9.0,9.0,7.0,A religious person,7.0,Male,1958.0,62.0,Married,Self employed
CAN,124073302,1.0,1.0,2.0,2.0,7.0,6.0,6.0,An atheist,2.0,Female,2000.0,20.0,Single,Student
CAN,124073303,1.0,1.0,1.0,1.0,8.0,8.0,8.0,Not a religious person,5.0,Female,1976.0,43.0,Single,Self employed
CAN,124073304,1.0,1.0,1.0,3.0,8.0,6.0,4.0,Not a religious person,6.0,Male,1987.0,33.0,Married,Full time
CAN,124073305,2.0,3.0,2.0,1.0,7.0,6.0,6.0,A religious person,8.0,Male,1983.0,37.0,Married,Full time
CAN,124073306,1.0,1.0,2.0,2.0,9.0,7.0,8.0,Not a religious person,3.0,Male,1954.0,65.0,Divorced,Self employed
CAN,124073307,2.0,2.0,1.0,1.0,8.0,9.0,8.0,An atheist,6.0,Male,1984.0,36.0,Divorced,Full time
CAN,124073308,2.0,2.0,2.0,2.0,7.0,7.0,7.0,Not a religious person,6.0,Male,1973.0,47.0,Married,Full time
CAN,124073309,1.0,2.0,1.0,2.0,7.0,6.0,4.0,A religious person,8.0,Male,1961.0,58.0,Married,Full time
CAN,124073310,2.0,1.0,1.0,2.0,10.0,6.0,8.0,Not a religious person,7.0,Female,1993.0,26.0,Divorced,Full time
CAN,124073311,1.0,1.0,1.0,2.0,6.0,4.0,5.0,Not a religious person,2.0,Female,1988.0,31.0,Married,Full time
CAN,124073313,1.0,3.0,3.0,2.0,3.0,3.0,3.0,An atheist,5.0,Female,1965.0,54.0,Married,Homemaker not otherwise employed
CAN,124073314,1.0,2.0,2.0,3.0,4.0,6.0,7.0,Not a religious person,5.0,Female,1951.0,69.0,Married,Retired/pensioned
CAN,124073315,1.0,1.0,2.0,1.0,8.0,6.0,3.0,Not a religious person,4.0,Female,1976.0,44.0,Single,Full time
CAN,124073316,1.0,3.0,1.0,1.0,8.0,5.0,9.0,A religious person,5.0,Male,1979.0,40.0,Single,Full time
CAN,124073317,1.0,2.0,1.0,1.0,8.0,8.0,8.0,Not a religious person,6.0,Female,1981.0,39.0,Living together as married,Homemaker not otherwise employed
CAN,124073318,1.0,2.0,2.0,2.0,9.0,8.0,7.0,A religious person,5.0,Female,1985.0,35.0,Married,Full time
CAN,124073319,1.0,2.0,2.0,2.0,6.0,5.0,7.0,An atheist,1.0,Female,1997.0,23.0,Single,Full time
CAN,124073321,1.0,1.0,1.0,2.0,8.0,7.0,5.0,Not a religious person,5.0,Female,1998.0,22.0,Single,Full time
CAN,124073367,2.0,3.0,2.0,2.0,9.0,8.0,8.0,Not a religious person,7.0,Male,1989.0,31.0,Living together as married,Full time
CAN,124073368,1.0,2.0,1.0,2.0,8.0,9.0,8.0,Not a religious person,7.0,Female,1975.0,44.0,Married,Full time
CAN,124073369,1.0,1.0,1.0,4.0,8.0,8.0,8.0,Not a religious person,5.0,Female,1949.0,71.0,Married,Retired/pensioned
CAN,124073400,1.0,1.0,2.0,1.0,9.0,8.0,8.0,A religious person,8.0,Male,1981.0,39.0,Married,Full time
CAN,124073402,1.0,3.0,3.0,1.0,4.0,8.0,4.0,A religious person,7.0,Male,1981.0,39.0,Single,Full time
CAN,124073403,1.0,2.0,2.0,4.0,8.0,8.0,2.0,Not a religious person,7.0,Male,1954.0,66.0,Married,Retired/pensioned
CAN,124073404,1.0,2.0,2.0,3.0,8.0,8.0,6.0,A religious person,5.0,Female,1958.0,62.0,Married,Homemaker not otherwise employed
CAN,124073434,1.0,1.0,2.0,2.0,6.0,6.0,7.0,A religious person,8.0,Female,1990.0,30.0,Separated,Full time
CAN,124073435,1.0,1.0,2.0,2.0,7.0,7.0,7.0,A religious person,7.0,Male,1985.0,35.0,Single,Full time
CAN,124073436,1.0,2.0,1.0,4.0,6.0,6.0,6.0,An atheist,6.0,Male,1975.0,45.0,Living together as married,Self employed
CAN,124073437,1.0,1.0,1.0,1.0,7.0,7.0,7.0,A religious person,7.0,Male,1994.0,26.0,Living together as married,Full time
CAN,124073438,1.0,1.0,2.0,1.0,10.0,8.0,5.0,A religious person,10.0,Male,1961.0,59.0,Married,Full time
CAN,124073439,2.0,2.0,2.0,2.0,8.0,7.0,8.0,Not a religious person,6.0,Female,1984.0,36.0,Single,Full time
CAN,124073441,1.0,1.0,1.0,1.0,3.0,3.0,1.0,Not a religious person,3.0,Female,1980.0,40.0,Single,Full time
CAN,124073442,3.0,3.0,1.0,2.0,8.0,8.0,8.0,A religious person,7.0,Male,1965.0,55.0,Single,Full time
CAN,124073443,2.0,2.0,1.0,3.0,5.0,5.0,5.0,Not a religious person,3.0,Female,1989.0,30.0,Living together as married,Full time
CAN,124073444,2.0,1.0,1.0,2.0,7.0,7.0,6.0,Not a religious person,4.0,Female,1992.0,28.0,Living together as married,Full time
CAN,124073445,2.0,3.0,2.0,2.0,5.0,2.0,3.0,Not a religious person,5.0,Male,1993.0,27.0,Single,Unemployed
CAN,124073446,1.0,2.0,2.0,1.0,6.0,8.0,7.0,A religious person,6.0,Male,1978.0,42.0,Living together as married,Full time
CAN,124073447,1.0,3.0,2.0,2.0,8.0,4.0,3.0,A religious person,5.0,Female,1999.0,21.0,Single,Student
CAN,124073448,1.0,1.0,2.0,2.0,7.0,8.0,8.0,A religious person,7.0,Female,2000.0,20.0,Single,Student
CAN,124073452,1.0,2.0,2.0,3.0,10.0,8.0,4.0,Not a religious person,5.0,Female,1994.0,25.0,Living together as married,Homemaker not otherwise employed
CAN,124073453,1.0,1.0,1.0,2.0,7.0,7.0,7.0,An atheist,2.0,Male,1976.0,44.0,Single,Full time
CAN,124073454,1.0,2.0,1.0,2.0,10.0,9.0,5.0,A religious person,3.0,Male,1962.0,58.0,Married,Part time
CAN,124073455,1.0,2.0,2.0,1.0,10.0,8.0,7.0,A religious person,5.0,Female,1976.0,44.0,Single,Full time
CAN,124073456,1.0,3.0,1.0,2.0,10.0,9.0,9.0,An atheist,4.0,Male,1981.0,38.0,Married,Full time
CAN,124073457,1.0,2.0,2.0,2.0,8.0,6.0,8.0,A religious person,5.0,Male,1950.0,70.0,Divorced,Full time
CAN,124073458,1.0,2.0,1.0,1.0,8.0,8.0,9.0,Not a religious person,10.0,Male,1967.0,53.0,Living together as married,Full time
CAN,124073459,1.0,2.0,1.0,4.0,7.0,7.0,7.0,Not a religious person,7.0,Male,1981.0,39.0,Married,Full time
CAN,124073460,2.0,1.0,1.0,2.0,10.0,8.0,7.0,Not a religious person,3.0,Male,1992.0,28.0,Married,Full time
CAN,124073461,1.0,1.0,1.0,2.0,8.0,7.0,7.0,Not a religious person,5.0,Female,1983.0,37.0,Married,Full time
CAN,124073462,1.0,2.0,2.0,1.0,7.0,7.0,6.0,A religious person,3.0,Female,1962.0,58.0,Divorced,Full time
CAN,124073463,2.0,1.0,1.0,2.0,8.0,7.0,9.0,Not a religious person,7.0,Male,1992.0,28.0,Living together as married,Full time
CAN,124073465,1.0,2.0,1.0,2.0,6.0,6.0,5.0,An atheist,5.0,Female,1973.0,46.0,Married,Full time
CAN,124073466,2.0,2.0,2.0,2.0,9.0,9.0,9.0,Not a religious person,4.0,Female,1995.0,25.0,Living together as married,Full time
CAN,124073467,1.0,1.0,1.0,2.0,8.0,6.0,4.0,Not a religious person,5.0,Male,1970.0,50.0,Married,Full time
CAN,124073468,1.0,2.0,1.0,1.0,8.0,8.0,4.0,An atheist,3.0,Female,1999.0,21.0,Single,Full time
CAN,124073470,1.0,1.0,1.0,1.0,3.0,8.0,4.0,Not a religious person,10.0,Male,1968.0,52.0,Living together as married,Full time
CAN,124073471,1.0,3.0,3.0,2.0,7.0,7.0,5.0,Not a religious person,7.0,Female,1995.0,25.0,Living together as married,Full time
CAN,124073472,2.0,2.0,1.0,2.0,8.0,7.0,7.0,An atheist,3.0,Female,1990.0,30.0,Living together as married,Full time
CAN,124073473,1.0,1.0,2.0,3.0,10.0,8.0,7.0,An atheist,1.0,Female,1957.0,63.0,Married,Self employed
CAN,124073474,2.0,1.0,2.0,2.0,5.0,6.0,3.0,Not a religious person,5.0,Female,1979.0,41.0,Married,Part time
CAN,124073478,2.0,1.0,1.0,1.0,8.0,7.0,7.0,Not a religious person,9.0,Male,1980.0,40.0,Married,Full time
CAN,124073479,1.0,1.0,1.0,2.0,7.0,8.0,5.0,A religious person,5.0,Male,1943.0,76.0,Divorced,Part time
CAN,124073480,1.0,1.0,1.0,2.0,8.0,7.0,7.0,A religious person,3.0,Female,1979.0,40.0,Married,Part time
CAN,124073481,1.0,2.0,1.0,2.0,5.0,4.0,9.0,Not a religious person,3.0,Male,1992.0,28.0,Single,Full time
CAN,124073482,2.0,2.0,1.0,1.0,7.0,8.0,7.0,Not a religious person,3.0,Male,1961.0,59.0,Married,Full time
CAN,124073483,1.0,1.0,1.0,1.0,8.0,8.0,8.0,A religious person,3.0,Male,1990.0,30.0,Living together as married,Full time
CAN,124073484,1.0,3.0,1.0,1.0,6.0,9.0,5.0,A religious person,5.0,Female,1981.0,39.0,Married,Homemaker not otherwise employed
CAN,124073485,1.0,1.0,1.0,1.0,8.0,8.0,8.0,Not a religious person,7.0,Female,1997.0,22.0,Single,Full time
CAN,124073486,2.0,2.0,2.0,2.0,8.0,7.0,4.0,Not a religious person,5.0,Female,1980.0,39.0,Married,Self employed
CAN,124073489,1.0,1.0,2.0,1.0,9.0,9.0,7.0,A religious person,5.0,Female,1969.0,51.0,Living together as married,Full time
CAN,124073492,2.0,3.0,2.0,2.0,9.0,5.0,3.0,An atheist,2.0,Female,1979.0,41.0,Married,Full time
CAN,124073493,1.0,1.0,1.0,2.0,7.0,8.0,8.0,Not a religious person,10.0,Male,1966.0,54.0,Married,Full time
CAN,124073494,1.0,2.0,1.0,2.0,8.0,8.0,6.0,Not a religious person,5.0,Female,1989.0,31.0,Married,Full time
CAN,124073495,1.0,2.0,1.0,3.0,8.0,7.0,6.0,A religious person,6.0,Female,1983.0,37.0,Living together as married,Self employed
CAN,124073496,1.0,1.0,2.0,1.0,1.0,5.0,4.0,A religious person,1.0,Female,1957.0,63.0,Single,Retired/pensioned
CAN,124073498,1.0,2.0,2.0,1.0,8.0,8.0,7.0,An atheist,7.0,Male,1950.0,70.0,Married,Retired/pensioned
CAN,124073499,1.0,3.0,2.0,2.0,7.0,6.0,4.0,Not a religious person,2.0,Female,1994.0,26.0,Living together as married,Part time
CAN,124073500,1.0,2.0,2.0,2.0,9.0,8.0,8.0,Not a religious person,3.0,Female,1997.0,23.0,Single,Student
CAN,124073501,1.0,2.0,1.0,4.0,9.0,6.0,9.0,Not a religious person,5.0,Female,1942.0,77.0,Married,Retired/pensioned
CAN,124073502,1.0,1.0,1.0,3.0,7.0,2.0,1.0,A religious person,5.0,Female,1953.0,67.0,Single,Full time
CAN,124073503,1.0,2.0,2.0,2.0,8.0,7.0,6.0,An atheist,5.0,Female,1992.0,28.0,Living together as married,Full time
CAN,124073504,1.0,1.0,1.0,1.0,9.0,8.0,7.0,A religious person,7.0,Male,1955.0,65.0,Living together as married,Retired/pensioned
CAN,124073505,1.0,1.0,1.0,2.0,7.0,6.0,5.0,A religious person,7.0,Female,1966.0,54.0,Single,Full time
CAN,124073506,1.0,2.0,2.0,2.0,5.0,5.0,5.0,A religious person,5.0,Male,1978.0,42.0,Married,Full time
CAN,124073507,1.0,1.0,2.0,2.0,8.0,7.0,9.0,Not a religious person,6.0,Male,1958.0,62.0,Married,Full time
CAN,124073509,1.0,1.0,2.0,1.0,10.0,10.0,5.0,Not a religious person,5.0,Female,1980.0,39.0,Married,Homemaker not otherwise employed
CAN,124073510,1.0,1.0,2.0,3.0,10.0,7.0,10.0,Not a religious person,5.0,Female,1988.0,31.0,Married,Homemaker not otherwise employed
CAN,124073511,1.0,1.0,1.0,2.0,8.0,7.0,6.0,A religious person,5.0,Female,2001.0,18.0,Single,Part time
CAN,124073512,1.0,1.0,2.0,1.0,8.0,8.0,8.0,An atheist,1.0,Male,1958.0,62.0,Married,Full time
CAN,124073513,1.0,1.0,2.0,2.0,9.0,9.0,8.0,Not a religious person,9.0,Female,1984.0,36.0,Married,Full time
CAN,124073514,1.0,1.0,2.0,1.0,9.0,9.0,7.0,An atheist,3.0,Female,1987.0,33.0,Married,Full time
CAN,124073515,1.0,1.0,2.0,1.0,7.0,7.0,7.0,Not a religious person,4.0,Female,1960.0,60.0,Widowed,Part time
CAN,124073517,2.0,2.0,2.0,2.0,8.0,7.0,8.0,An atheist,7.0,Female,1990.0,30.0,Living together as married,Full time
CAN,124073518,2.0,1.0,2.0,1.0,6.0,7.0,5.0,Not a religious person,5.0,Female,1953.0,67.0,Divorced,Self employed
CAN,124073519,1.0,2.0,2.0,2.0,8.0,8.0,9.0,A religious person,8.0,Male,1957.0,63.0,Married,Retired/pensioned
CAN,124073520,1.0,2.0,1.0,1.0,8.0,8.0,9.0,An atheist,6.0,Female,1980.0,40.0,Married,Full time
CAN,124073521,1.0,1.0,1.0,1.0,10.0,10.0,9.0,A religious person,8.0,Male,1958.0,62.0,Married,Retired/pensioned
CAN,124073523,1.0,2.0,2.0,1.0,6.0,6.0,6.0,A religious person,6.0,Male,1971.0,49.0,Married,Unemployed
CAN,124073524,2.0,2.0,2.0,2.0,9.0,8.0,5.0,An atheist,4.0,Female,1992.0,28.0,Married,Full time
CAN,124073525,1.0,1.0,1.0,2.0,8.0,7.0,7.0,An atheist,6.0,Female,1988.0,32.0,Married,Full time
CAN,124073526,1.0,2.0,2.0,1.0,8.0,8.0,8.0,Not a religious person,5.0,Male,1993.0,27.0,Married,Full time
CAN,124073527,1.0,1.0,2.0,2.0,7.0,7.0,5.0,An atheist,5.0,Female,1978.0,42.0,Divorced,Full time
CAN,124073528,1.0,3.0,1.0,1.0,8.0,8.0,8.0,A religious person,8.0,Male,1969.0,51.0,Married,Full time
CAN,124073529,1.0,2.0,2.0,4.0,8.0,6.0,9.0,A religious person,6.0,Male,1948.0,72.0,Single,Retired/pensioned
CAN,124073530,1.0,2.0,2.0,2.0,8.0,4.0,9.0,Not a religious person,3.0,Female,1963.0,57.0,Widowed,Homemaker not otherwise employed
CAN,124073531,2.0,2.0,1.0,1.0,8.0,8.0,3.0,An atheist,4.0,Male,1988.0,32.0,Living together as married,Full time
CAN,124073532,1.0,1.0,1.0,2.0,9.0,8.0,5.0,Not a religious person,5.0,Female,1987.0,33.0,Single,Full time
CAN,124073533,1.0,1.0,1.0,1.0,6.0,7.0,7.0,A religious person,6.0,Female,1996.0,24.0,Married,Full time
CAN,124073534,1.0,1.0,2.0,2.0,8.0,8.0,10.0,An atheist,4.0,Female,1984.0,36.0,Married,Full time
CAN,124073535,1.0,2.0,1.0,1.0,3.0,5.0,4.0,Not a religious person,5.0,Male,1977.0,43.0,Married,Full time
CAN,124073536,1.0,1.0,1.0,1.0,8.0,8.0,9.0,Not a religious person,5.0,Female,1982.0,38.0,Married,Full time
CAN,124073537,2.0,1.0,2.0,2.0,9.0,6.0,3.0,An atheist,4.0,Male,1986.0,34.0,Divorced,Full time
CAN,124073538,1.0,2.0,1.0,3.0,8.0,8.0,10.0,An atheist,9.0,Female,1989.0,30.0,Living together as married,Full time
CAN,124073539,1.0,1.0,2.0,2.0,4.0,7.0,6.0,An atheist,5.0,Female,1994.0,26.0,Living together as married,Full time
CAN,124073540,1.0,2.0,2.0,1.0,7.0,8.0,8.0,An atheist,8.0,Male,1941.0,79.0,Divorced,Retired/pensioned
CAN,124073542,3.0,2.0,1.0,4.0,8.0,8.0,8.0,Not a religious person,6.0,Male,1956.0,64.0,Married,Other
CAN,124073543,1.0,2.0,2.0,1.0,7.0,7.0,5.0,Not a religious person,1.0,Female,1966.0,53.0,Living together as married,Self employed
CAN,124073544,2.0,2.0,2.0,2.0,7.0,6.0,7.0,Not a religious person,3.0,Male,1958.0,62.0,Divorced,Full time
CAN,124073545,1.0,1.0,1.0,2.0,10.0,1.0,2.0,Not a religious person,1.0,Male,1995.0,25.0,Single,Student
CAN,124073546,1.0,1.0,1.0,1.0,6.0,5.0,7.0,Not a religious person,4.0,Female,1993.0,27.0,Single,Full time
CAN,124073547,1.0,1.0,1.0,3.0,6.0,6.0,5.0,Not a religious person,5.0,Male,1979.0,41.0,Married,Full time
CAN,124073548,1.0,1.0,1.0,3.0,10.0,9.0,8.0,A religious person,7.0,Female,1958.0,62.0,Married,Retired/pensioned
CAN,124073549,1.0,2.0,2.0,4.0,8.0,8.0,7.0,A religious person,10.0,Male,1960.0,60.0,Widowed,Retired/pensioned
CAN,124073550,1.0,1.0,1.0,2.0,7.0,6.0,5.0,Not a religious person,5.0,Female,1971.0,49.0,Living together as married,Full time
CAN,124073551,1.0,1.0,2.0,3.0,7.0,5.0,9.0,An atheist,4.0,Female,1995.0,24.0,Living together as married,Full time
CAN,124073552,1.0,1.0,2.0,2.0,8.0,7.0,5.0,Not a religious person,3.0,Female,1951.0,69.0,Divorced,Retired/pensioned
CAN,124073553,1.0,3.0,2.0,2.0,7.0,4.0,6.0,An atheist,4.0,Female,1983.0,37.0,Living together as married,Full time
CAN,124073554,1.0,1.0,1.0,2.0,8.0,7.0,6.0,An atheist,6.0,Male,1982.0,38.0,Single,Full time
CAN,124073555,2.0,2.0,2.0,2.0,6.0,5.0,6.0,Not a religious person,4.0,Male,1989.0,30.0,Single,Full time
CAN,124073557,1.0,1.0,1.0,1.0,7.0,7.0,7.0,A religious person,9.0,Male,1989.0,31.0,Single,Full time
CAN,124073558,1.0,2.0,2.0,3.0,5.0,5.0,5.0,Not a religious person,6.0,Female,1970.0,50.0,Married,Homemaker not otherwise employed
CAN,124073559,1.0,2.0,1.0,1.0,7.0,8.0,9.0,Not a religious person,6.0,Female,2000.0,20.0,Single,Part time
CAN,124073562,2.0,1.0,1.0,2.0,7.0,5.0,4.0,An atheist,3.0,Female,1985.0,34.0,Living together as married,Unemployed
CAN,124073563,1.0,1.0,1.0,2.0,8.0,6.0,5.0,Not a religious person,7.0,Male,1989.0,31.0,Living together as married,Full time
CAN,124073564,2.0,2.0,2.0,2.0,5.0,4.0,4.0,A religious person,5.0,Female,1995.0,25.0,Single,Student
CAN,124073565,1.0,2.0,1.0,1.0,8.0,6.0,6.0,Not a religious person,7.0,Male,1991.0,28.0,Single,Full time
CAN,124073566,1.0,2.0,3.0,4.0,4.0,6.0,8.0,Not a religious person,5.0,Female,1930.0,89.0,Single,Retired/pensioned
CAN,124073567,1.0,1.0,2.0,2.0,7.0,5.0,4.0,Not a religious person,5.0,Female,1967.0,53.0,Single,Other
CAN,124073568,1.0,1.0,2.0,1.0,6.0,6.0,6.0,Not a religious person,5.0,Female,1978.0,41.0,Divorced,Full time
CAN,124073569,1.0,2.0,1.0,2.0,8.0,8.0,7.0,Not a religious person,3.0,Female,1975.0,45.0,Living together as married,Self employed
CAN,124073570,1.0,1.0,1.0,2.0,9.0,9.0,9.0,A religious person,5.0,Male,1936.0,84.0,Married,Retired/pensioned
CAN,124073571,1.0,1.0,2.0,2.0,8.0,10.0,9.0,An atheist,4.0,Female,1978.0,42.0,Married,Part time
CAN,124073572,1.0,2.0,1.0,2.0,10.0,8.0,7.0,A religious person,7.0,Male,1966.0,54.0,Single,Full time
CAN,124073574,1.0,3.0,1.0,2.0,6.0,6.0,5.0,A religious person,5.0,Female,1966.0,54.0,Married,Homemaker not otherwise employed
CAN,124073576,2.0,1.0,1.0,2.0,7.0,7.0,9.0,A religious person,5.0,Female,1983.0,36.0,Single,Full time
CAN,124073577,1.0,4.0,3.0,1.0,7.0,7.0,7.0,Not a religious person,7.0,Male,1985.0,34.0,Single,Full time
CAN,124073578,2.0,2.0,2.0,4.0,8.0,8.0,7.0,A religious person,4.0,Male,1953.0,67.0,Married,Retired/pensioned
CAN,124073579,2.0,2.0,2.0,2.0,8.0,8.0,7.0,A religious person,5.0,Female,1951.0,68.0,Married,Self employed
CAN,124073580,1.0,1.0,1.0,2.0,5.0,4.0,3.0,Not a religious person,1.0,Male,1975.0,45.0,Single,Unemployed
CAN,124073581,1.0,2.0,2.0,2.0,9.0,8.0,8.0,Not a religious person,6.0,Female,1985.0,35.0,Living together as married,Full time
CAN,124073583,1.0,1.0,1.0,2.0,8.0,7.0,7.0,An atheist,3.0,Female,1991.0,29.0,Living together as married,Full time
CAN,124073584,2.0,3.0,2.0,3.0,3.0,2.0,3.0,A religious person,6.0,Female,1985.0,35.0,Living together as married,Full time
CAN,124073585,1.0,2.0,2.0,3.0,5.0,6.0,3.0,Not a religious person,5.0,Male,1968.0,51.0,Single,Self employed
CAN,124073586,1.0,2.0,1.0,2.0,8.0,8.0,7.0,Not a religious person,3.0,Male,1976.0,43.0,Married,Full time
CAN,124073587,2.0,2.0,2.0,3.0,7.0,7.0,5.0,A religious person,6.0,Female,1949.0,71.0,Married,Retired/pensioned
CAN,124073588,1.0,1.0,1.0,1.0,10.0,8.0,8.0,A religious person,1.0,Female,1973.0,47.0,Divorced,Full time
CAN,124073589,1.0,2.0,1.0,1.0,7.0,6.0,4.0,An atheist,5.0,Male,1986.0,33.0,Married,Full time
CAN,124073590,1.0,2.0,1.0,2.0,5.0,4.0,1.0,Not a religious person,8.0,Male,1949.0,70.0,Divorced,Retired/pensioned
CAN,124073592,1.0,2.0,1.0,2.0,7.0,6.0,7.0,A religious person,4.0,Male,1998.0,22.0,Single,Student
CAN,124073593,1.0,1.0,1.0,2.0,9.0,9.0,7.0,A religious person,3.0,Female,1983.0,37.0,Married,Full time
CAN,124073598,1.0,2.0,2.0,2.0,7.0,8.0,9.0,A religious person,3.0,Female,1966.0,53.0,Married,Full time
CAN,124073600,1.0,2.0,2.0,4.0,8.0,8.0,9.0,Not a religious person,3.0,Male,1956.0,63.0,Divorced,Retired/pensioned
CAN,124073601,1.0,2.0,3.0,2.0,6.0,4.0,5.0,A religious person,5.0,Male,1997.0,22.0,Single,Student
CAN,124073602,2.0,3.0,2.0,3.0,8.0,8.0,6.0,Not a religious person,7.0,Male,1992.0,28.0,Married,Full time
CAN,124073603,1.0,1.0,1.0,2.0,8.0,8.0,7.0,A religious person,6.0,Male,1971.0,49.0,Married,Retired/pensioned
CAN,124073605,2.0,2.0,1.0,3.0,8.0,9.0,8.0,Not a religious person,3.0,Male,1941.0,79.0,Married,Retired/pensioned
CAN,124073606,1.0,2.0,2.0,2.0,7.0,7.0,4.0,An atheist,4.0,Female,1989.0,31.0,Living together as married,Full time
CAN,124073607,1.0,2.0,2.0,1.0,9.0,7.0,6.0,A religious person,1.0,Female,1965.0,55.0,Single,Full time
CAN,124073608,2.0,3.0,2.0,3.0,6.0,7.0,4.0,Not a religious person,8.0,Female,1967.0,53.0,Divorced,Unemployed
CAN,124073609,1.0,2.0,2.0,2.0,7.0,9.0,9.0,Not a religious person,8.0,Male,1946.0,74.0,Living together as married,Retired/pensioned
CAN,124073610,2.0,1.0,1.0,2.0,10.0,8.0,8.0,An atheist,3.0,Female,1983.0,37.0,Living together as married,Full time
CAN,124073611,1.0,2.0,1.0,2.0,6.0,6.0,3.0,A religious person,6.0,Male,1968.0,52.0,Married,Unemployed
CAN,124073614,1.0,4.0,3.0,3.0,5.0,6.0,6.0,A religious person,7.0,Male,1994.0,26.0,Single,Student
CAN,124073615,1.0,3.0,1.0,2.0,6.0,6.0,6.0,An atheist,7.0,Male,1969.0,51.0,Separated,Full time
CAN,124073616,1.0,1.0,1.0,3.0,8.0,8.0,8.0,An atheist,3.0,Female,1965.0,55.0,Married,Part time
CAN,124073617,2.0,1.0,1.0,2.0,7.0,7.0,7.0,A religious person,7.0,Male,1996.0,24.0,Single,Full time
CAN,124073618,1.0,2.0,1.0,1.0,8.0,9.0,8.0,A religious person,8.0,Female,1989.0,31.0,Married,Full time
CAN,124073619,2.0,2.0,1.0,2.0,8.0,8.0,8.0,A religious person,7.0,Male,1978.0,41.0,Married,Student
CAN,124073621,3.0,4.0,2.0,4.0,4.0,4.0,4.0,Not a religious person,4.0,Male,1974.0,46.0,Married,Retired/pensioned
CAN,124073623,1.0,1.0,2.0,4.0,6.0,6.0,5.0,Not a religious person,2.0,Male,1950.0,70.0,Married,Retired/pensioned
CAN,124073624,1.0,1.0,1.0,1.0,6.0,8.0,8.0,A religious person,7.0,Female,1985.0,32.0,Single,Full time
CAN,124073626,1.0,2.0,2.0,2.0,6.0,6.0,6.0,An atheist,7.0,Male,1976.0,44.0,Married,Full time
CAN,124073627,1.0,2.0,1.0,1.0,8.0,9.0,9.0,A religious person,5.0,Female,1998.0,22.0,Single,Student
CAN,124073628,1.0,1.0,1.0,2.0,8.0,9.0,10.0,A religious person,4.0,Female,1952.0,68.0,Married,Part time
CAN,124073629,1.0,1.0,1.0,1.0,8.0,8.0,5.0,A religious person,3.0,Male,1995.0,24.0,Single,Student
CAN,124073630,2.0,3.0,2.0,2.0,3.0,4.0,2.0,A religious person,10.0,Male,1976.0,44.0,Single,Full time
CAN,124073631,1.0,1.0,2.0,1.0,1.0,1.0,7.0,Not a religious person,6.0,Male,1975.0,45.0,Living together as married,Full time
CAN,124073632,2.0,2.0,2.0,2.0,7.0,8.0,6.0,Not a religious person,4.0,Female,1989.0,31.0,Single,Full time
CAN,124073634,1.0,2.0,1.0,1.0,8.0,9.0,6.0,A religious person,5.0,Female,1994.0,26.0,Living together as married,Full time
CAN,124073635,2.0,2.0,1.0,1.0,8.0,6.0,6.0,Not a religious person,5.0,Female,1950.0,70.0,Widowed,Retired/pensioned
CAN,124073636,1.0,3.0,2.0,4.0,3.0,4.0,1.0,Not a religious person,4.0,Male,1967.0,53.0,Living together as married,Retired/pensioned
CAN,124073637,1.0,1.0,2.0,1.0,10.0,8.0,10.0,A religious person,5.0,Male,1989.0,31.0,Married,Full time
CAN,124073638,1.0,3.0,2.0,4.0,7.0,5.0,5.0,A religious person,6.0,Male,1954.0,66.0,Married,Retired/pensioned
CAN,124073639,1.0,1.0,1.0,2.0,9.0,8.0,8.0,Not a religious person,8.0,Female,1966.0,54.0,Married,Full time
CAN,124073640,1.0,1.0,2.0,3.0,5.0,7.0,7.0,A religious person,5.0,Male,1954.0,66.0,Living together as married,Retired/pensioned
CAN,124073641,1.0,2.0,2.0,4.0,4.0,5.0,6.0,An atheist,6.0,Male,1947.0,72.0,Divorced,Retired/pensioned
CAN,124073642,1.0,1.0,1.0,2.0,7.0,7.0,5.0,Not a religious person,5.0,Male,1965.0,54.0,Married,Part time
CAN,124073644,2.0,1.0,1.0,1.0,4.0,3.0,2.0,A religious person,4.0,Male,1983.0,37.0,Divorced,Full time
CAN,124073646,1.0,2.0,1.0,2.0,8.0,7.0,5.0,Not a religious person,7.0,Female,1978.0,42.0,Single,Full time
CAN,124073647,1.0,2.0,2.0,3.0,4.0,4.0,9.0,A religious person,9.0,Male,1952.0,68.0,Married,Retired/pensioned
CAN,124073649,1.0,2.0,2.0,3.0,7.0,7.0,8.0,Not a religious person,6.0,Female,1962.0,58.0,Married,Homemaker not otherwise employed
CAN,124073650,1.0,3.0,2.0,4.0,6.0,7.0,8.0,Not a religious person,4.0,Male,1958.0,62.0,Married,Retired/pensioned
CAN,124073651,1.0,1.0,1.0,2.0,7.0,7.0,7.0,An atheist,3.0,Male,1991.0,29.0,Single,Student
CAN,124073653,2.0,1.0,1.0,4.0,8.0,10.0,9.0,A religious person,2.0,Female,1948.0,72.0,Single,Retired/pensioned
CAN,124073654,1.0,1.0,1.0,2.0,8.0,6.0,9.0,An atheist,7.0,Female,1959.0,60.0,Married,Homemaker not otherwise employed
CAN,124073655,1.0,1.0,1.0,1.0,10.0,9.0,7.0,An atheist,2.0,Female,1990.0,30.0,Married,Self employed
CAN,124073656,2.0,1.0,2.0,3.0,8.0,8.0,7.0,Not a religious person,1.0,Female,1999.0,21.0,Single,Student
CAN,124073657,1.0,2.0,2.0,2.0,7.0,6.0,8.0,A religious person,7.0,Male,1999.0,21.0,Single,Student
CAN,124073659,1.0,2.0,2.0,3.0,10.0,9.0,8.0,A religious person,6.0,Male,1957.0,62.0,Married,Unemployed
CAN,124073660,3.0,2.0,2.0,4.0,6.0,7.0,6.0,A religious person,5.0,Female,2001.0,19.0,Single,Student
CAN,124073662,1.0,1.0,1.0,1.0,9.0,8.0,7.0,An atheist,4.0,Male,1978.0,42.0,Single,Full time
CAN,124073663,1.0,2.0,2.0,1.0,6.0,6.0,7.0,An atheist,3.0,Female,1988.0,31.0,Living together as married,Full time
CAN,124073664,1.0,2.0,1.0,1.0,6.0,7.0,5.0,Not a religious person,5.0,Female,1978.0,42.0,Married,Full time
CAN,124073666,1.0,2.0,2.0,2.0,10.0,10.0,5.0,A religious person,5.0,Female,1959.0,61.0,Single,Full time
CAN,124073668,1.0,1.0,2.0,4.0,8.0,7.0,4.0,A religious person,3.0,Female,1948.0,72.0,Widowed,Retired/pensioned
CAN,124073669,3.0,1.0,1.0,2.0,4.0,6.0,10.0,A religious person,5.0,Male,1992.0,28.0,Married,Full time
CAN,124073670,2.0,1.0,1.0,2.0,5.0,5.0,4.0,An atheist,4.0,Female,1984.0,36.0,Single,Self employed
CAN,124073671,1.0,1.0,1.0,1.0,6.0,5.0,6.0,Not a religious person,3.0,Male,1982.0,38.0,Single,Full time
CAN,124073674,1.0,2.0,2.0,1.0,10.0,9.0,9.0,A religious person,3.0,Male,1938.0,82.0,Married,Retired/pensioned
CAN,124073676,1.0,1.0,2.0,2.0,7.0,5.0,3.0,Not a religious person,5.0,Male,1988.0,32.0,Single,Full time
CAN,124073677,1.0,2.0,1.0,2.0,2.0,4.0,4.0,An atheist,5.0,Female,1991.0,29.0,Single,Unemployed
CAN,124073678,1.0,2.0,2.0,2.0,7.0,6.0,4.0,Not a religious person,6.0,Female,1979.0,41.0,Married,Full time
CAN,124073679,1.0,2.0,2.0,1.0,8.0,7.0,7.0,A religious person,4.0,Female,2001.0,19.0,Single,Student
CAN,124073680,1.0,1.0,1.0,1.0,8.0,8.0,8.0,A religious person,10.0,Male,1965.0,55.0,Married,Full time
CAN,124073681,1.0,1.0,1.0,2.0,8.0,9.0,9.0,Not a religious person,4.0,Female,1973.0,46.0,Single,Full time
CAN,124073682,1.0,1.0,2.0,1.0,7.0,6.0,6.0,A religious person,3.0,Female,1986.0,34.0,Married,Full time
CAN,124073683,1.0,2.0,3.0,1.0,8.0,7.0,7.0,A religious person,5.0,Male,1972.0,48.0,Married,Student
CAN,124073686,2.0,1.0,2.0,3.0,7.0,8.0,7.0,An atheist,2.0,Male,1964.0,56.0,Married,Full time
CAN,124073687,1.0,1.0,1.0,1.0,5.0,7.0,7.0,An atheist,4.0,Female,1955.0,65.0,Single,Full time
CAN,124073688,1.0,1.0,2.0,1.0,10.0,8.0,6.0,A religious person,5.0,Male,1980.0,39.0,Married,Part time
CAN,124073689,2.0,2.0,2.0,3.0,6.0,6.0,6.0,A religious person,8.0,Male,1961.0,59.0,Single,Unemployed
CAN,124073690,1.0,1.0,2.0,2.0,7.0,6.0,3.0,A religious person,2.0,Male,1964.0,55.0,Single,Unemployed
CAN,124073691,1.0,1.0,1.0,2.0,8.0,7.0,5.0,Not a religious person,6.0,Female,1989.0,31.0,Single,Student
CAN,124073692,1.0,2.0,2.0,1.0,8.0,7.0,8.0,A religious person,5.0,Female,1966.0,54.0,Single,Self employed
CAN,124073694,1.0,2.0,1.0,2.0,8.0,8.0,9.0,Not a religious person,7.0,Female,1952.0,67.0,Married,Retired/pensioned
CAN,124073695,1.0,1.0,1.0,2.0,7.0,7.0,6.0,An atheist,5.0,Female,2002.0,18.0,Single,Student
CAN,124073696,1.0,2.0,2.0,1.0,7.0,7.0,8.0,Not a religious person,1.0,Male,1959.0,60.0,Widowed,Self employed
CAN,124073697,1.0,1.0,1.0,1.0,10.0,9.0,8.0,Not a religious person,1.0,Male,1969.0,51.0,Married,Full time
CAN,124073698,1.0,2.0,2.0,1.0,8.0,8.0,7.0,An atheist,3.0,Female,1988.0,32.0,Married,Full time
CAN,124073699,1.0,1.0,1.0,3.0,8.0,8.0,8.0,Not a religious person,3.0,Female,1968.0,51.0,Married,Self employed
CAN,124073700,1.0,1.0,2.0,2.0,7.0,6.0,10.0,Not a religious person,8.0,Female,1949.0,70.0,Living together as married,Retired/pensioned
CAN,124073702,1.0,2.0,2.0,1.0,5.0,5.0,3.0,Not a religious person,5.0,Female,1950.0,70.0,Widowed,Retired/pensioned
CAN,124073703,1.0,2.0,1.0,2.0,7.0,8.0,6.0,A religious person,10.0,Male,1983.0,37.0,Married,Full time
CAN,124073706,1.0,2.0,1.0,4.0,8.0,5.0,2.0,A religious person,5.0,Female,1956.0,64.0,Widowed,Retired/pensioned
CAN,124073709,1.0,3.0,2.0,4.0,8.0,6.0,3.0,Not a religious person,5.0,Female,1966.0,54.0,Divorced,Other
CAN,124073710,1.0,2.0,1.0,3.0,9.0,9.0,9.0,A religious person,8.0,Female,1987.0,32.0,Married,Homemaker not otherwise employed
CAN,124073711,1.0,2.0,2.0,1.0,6.0,8.0,6.0,A religious person,5.0,Male,1949.0,70.0,Married,Full time
CAN,124073712,1.0,1.0,2.0,3.0,5.0,5.0,7.0,Not a religious person,2.0,Female,1942.0,78.0,Married,Retired/pensioned
CAN,124073715,1.0,1.0,1.0,4.0,8.0,8.0,8.0,A religious person,5.0,Female,1947.0,73.0,Married,Retired/pensioned
CAN,124073716,2.0,2.0,3.0,3.0,2.0,3.0,1.0,Not a religious person,5.0,Male,1981.0,38.0,Single,Retired/pensioned
CAN,124073717,1.0,2.0,2.0,3.0,6.0,7.0,4.0,A religious person,8.0,Female,1994.0,26.0,Married,Homemaker not otherwise employed
CAN,124073719,1.0,3.0,2.0,2.0,10.0,8.0,9.0,A religious person,7.0,Female,1979.0,40.0,Married,Self employed
CAN,124073720,2.0,1.0,4.0,4.0,7.0,8.0,7.0,Not a religious person,8.0,Male,1987.0,33.0,Married,Full time
CAN,124073721,1.0,1.0,1.0,2.0,8.0,8.0,8.0,An atheist,7.0,Female,1996.0,23.0,Single,Full time
CAN,124073724,1.0,3.0,2.0,1.0,8.0,9.0,9.0,A religious person,6.0,Female,1985.0,34.0,Single,Full time
CAN,124073725,1.0,4.0,1.0,1.0,3.0,3.0,1.0,Not a religious person,1.0,Male,1952.0,68.0,Divorced,Part time
CAN,124073726,1.0,2.0,2.0,4.0,6.0,6.0,5.0,A religious person,3.0,Female,1956.0,63.0,Widowed,Retired/pensioned
CAN,124073727,2.0,1.0,1.0,2.0,8.0,4.0,5.0,Not a religious person,6.0,Female,1988.0,31.0,Living together as married,Full time
CAN,124073728,1.0,1.0,2.0,4.0,6.0,8.0,10.0,A religious person,8.0,Female,1938.0,81.0,Married,Retired/pensioned
CAN,124073730,2.0,2.0,2.0,4.0,8.0,7.0,6.0,Not a religious person,8.0,Female,1980.0,39.0,Married,Full time
CAN,124073731,2.0,1.0,2.0,1.0,7.0,6.0,5.0,Not a religious person,4.0,Female,1997.0,22.0,Single,Full time
CAN,124073733,1.0,1.0,1.0,2.0,10.0,8.0,10.0,Not a religious person,4.0,Female,1969.0,50.0,Married,Full time
CAN,124073741,1.0,1.0,4.0,2.0,9.0,6.0,4.0,Not a religious person,8.0,Female,2000.0,20.0,Single,Student
CAN,124073747,1.0,1.0,2.0,2.0,8.0,8.0,8.0,Not a religious person,6.0,Male,1969.0,51.0,Separated,Full time
CAN,124073748,1.0,2.0,3.0,2.0,10.0,6.0,6.0,A religious person,8.0,Male,1964.0,56.0,Single,Full time
CAN,124073763,3.0,3.0,4.0,1.0,8.0,6.0,7.0,A religious person,6.0,Male,1978.0,42.0,Living together as married,Full time
CAN,124073766,2.0,1.0,1.0,2.0,6.0,5.0,5.0,A religious person,3.0,Female,2001.0,19.0,Single,Full time
CAN,124073767,1.0,1.0,1.0,2.0,9.0,8.0,5.0,A religious person,5.0,Female,1953.0,66.0,Married,Retired/pensioned
CAN,124073796,1.0,2.0,2.0,1.0,10.0,10.0,9.0,A religious person,5.0,Male,1938.0,82.0,Married,Retired/pensioned
CAN,124073829,1.0,1.0,2.0,1.0,8.0,8.0,10.0,A religious person,4.0,Female,2000.0,20.0,Single,Student
CAN,124073830,2.0,2.0,2.0,1.0,8.0,8.0,10.0,Not a religious person,4.0,Female,1991.0,29.0,Living together as married,Full time
CAN,124073831,1.0,1.0,2.0,4.0,10.0,8.0,9.0,Not a religious person,8.0,Female,1941.0,79.0,Single,Retired/pensioned
CAN,124073832,1.0,1.0,2.0,2.0,6.0,4.0,5.0,Not a religious person,3.0,Female,1990.0,30.0,Living together as married,Student
CAN,124073833,1.0,3.0,3.0,1.0,3.0,5.0,1.0,A religious person,5.0,Female,1976.0,44.0,Single,Full time
CAN,124073835,1.0,1.0,1.0,1.0,7.0,8.0,7.0,A religious person,4.0,Male,1987.0,33.0,Divorced,Full time
CAN,124073839,2.0,2.0,3.0,2.0,7.0,8.0,6.0,Not a religious person,5.0,Male,1999.0,21.0,Single,Student
CAN,124073840,2.0,2.0,2.0,1.0,10.0,10.0,10.0,A religious person,10.0,Male,1987.0,33.0,Married,Full time
CAN,124073843,1.0,2.0,2.0,2.0,9.0,8.0,7.0,Not a religious person,7.0,Male,1988.0,31.0,Living together as married,Full time
CAN,124073845,1.0,1.0,2.0,2.0,7.0,7.0,6.0,A religious person,3.0,Female,1963.0,57.0,Separated,Full time
CAN,124073847,2.0,2.0,2.0,3.0,7.0,7.0,6.0,A religious person,9.0,Male,1955.0,65.0,Single,Retired/pensioned
CAN,124073848,1.0,2.0,2.0,2.0,7.0,6.0,7.0,Not a religious person,5.0,Male,1959.0,61.0,Living together as married,Full time
CAN,124073850,1.0,2.0,1.0,1.0,8.0,8.0,6.0,Not a religious person,7.0,Male,1991.0,28.0,Living together as married,Full time
CAN,124073851,2.0,3.0,2.0,2.0,6.0,8.0,5.0,Not a religious person,5.0,Male,1998.0,22.0,Single,Student
CAN,124073853,1.0,1.0,2.0,2.0,7.0,5.0,7.0,Not a religious person,5.0,Female,1981.0,39.0,Separated,Full time
CAN,124073854,1.0,1.0,2.0,3.0,8.0,8.0,9.0,Not a religious person,3.0,Female,1970.0,50.0,Living together as married,Part time
CAN,124073855,1.0,2.0,1.0,4.0,8.0,10.0,10.0,Not a religious person,7.0,Female,1954.0,66.0,Married,Retired/pensioned
CAN,124073860,1.0,2.0,2.0,1.0,10.0,10.0,7.0,A religious person,5.0,Female,1979.0,41.0,Married,Part time
CAN,124073862,1.0,1.0,2.0,2.0,8.0,9.0,9.0,A religious person,8.0,Female,1983.0,36.0,Married,Full time
CAN,124073863,1.0,1.0,1.0,1.0,8.0,8.0,7.0,An atheist,3.0,Male,1968.0,52.0,Married,Full time
CAN,124073864,1.0,1.0,1.0,1.0,8.0,7.0,6.0,Not a religious person,8.0,Female,1980.0,39.0,Living together as married,Full time
CAN,124073865,1.0,2.0,2.0,2.0,9.0,9.0,9.0,An atheist,4.0,Male,1956.0,64.0,Married,Retired/pensioned
CAN,124073867,2.0,2.0,2.0,3.0,8.0,6.0,8.0,Not a religious person,6.0,Female,1950.0,70.0,Married,Retired/pensioned
CAN,124073868,2.0,2.0,2.0,2.0,6.0,4.0,4.0,Not a religious person,3.0,Male,1964.0,56.0,Single,Unemployed
CAN,124073872,1.0,1.0,2.0,2.0,7.0,8.0,9.0,Not a religious person,3.0,Male,1949.0,71.0,Single,Retired/pensioned
CAN,124073873,2.0,2.0,2.0,2.0,8.0,6.0,5.0,A religious person,10.0,Male,1967.0,53.0,Single,Full time
CAN,124073874,1.0,1.0,1.0,1.0,10.0,9.0,9.0,An atheist,2.0,Male,1947.0,73.0,Separated,Retired/pensioned
CAN,124073876,2.0,2.0,1.0,2.0,9.0,7.0,7.0,An atheist,6.0,Female,1966.0,54.0,Living together as married,Unemployed
CAN,124073879,1.0,1.0,2.0,4.0,8.0,8.0,9.0,Not a religious person,5.0,Male,1947.0,73.0,Married,Retired/pensioned
CAN,124073880,1.0,1.0,1.0,3.0,9.0,9.0,10.0,Not a religious person,5.0,Male,1947.0,73.0,Married,Retired/pensioned
CAN,124073882,1.0,2.0,1.0,2.0,7.0,8.0,6.0,Not a religious person,6.0,Male,1989.0,31.0,Living together as married,Full time
CAN,124073883,2.0,3.0,2.0,2.0,10.0,10.0,7.0,A religious person,4.0,Male,1971.0,49.0,Living together as married,Full time
CAN,124073887,1.0,2.0,2.0,1.0,8.0,7.0,9.0,An atheist,4.0,Female,1940.0,80.0,Living together as married,Retired/pensioned
CAN,124073888,1.0,1.0,1.0,1.0,8.0,5.0,8.0,Not a religious person,4.0,Female,1976.0,44.0,Separated,Full time
CAN,124073889,1.0,1.0,2.0,2.0,10.0,7.0,10.0,Not a religious person,3.0,Female,1980.0,40.0,Married,Full time
CAN,124073890,1.0,1.0,1.0,1.0,8.0,9.0,10.0,A religious person,9.0,Male,1986.0,34.0,Married,Full time
CAN,124073891,1.0,1.0,1.0,3.0,8.0,8.0,7.0,Not a religious person,4.0,Female,1998.0,22.0,Living together as married,Student
CAN,124073892,1.0,1.0,2.0,1.0,8.0,8.0,8.0,A religious person,7.0,Female,1978.0,41.0,Single,Self employed
CAN,124073893,1.0,2.0,1.0,2.0,7.0,7.0,8.0,An atheist,5.0,Female,1986.0,34.0,Married,Full time
CAN,124073895,1.0,2.0,2.0,2.0,9.0,9.0,9.0,An atheist,6.0,Male,1994.0,26.0,Married,Full time
CAN,124073897,2.0,2.0,2.0,2.0,7.0,6.0,6.0,A religious person,8.0,Male,1963.0,57.0,Married,Full time
CAN,124073898,1.0,2.0,2.0,2.0,8.0,8.0,4.0,Not a religious person,6.0,Male,1981.0,39.0,Married,Full time
CAN,124073899,1.0,2.0,2.0,1.0,8.0,5.0,7.0,A religious person,7.0,Female,1982.0,38.0,Married,Full time
CAN,124073900,1.0,1.0,1.0,4.0,8.0,8.0,8.0,A religious person,10.0,Female,1953.0,67.0,Married,Retired/pensioned
CAN,124073901,3.0,2.0,2.0,2.0,7.0,7.0,7.0,Not a religious person,4.0,Male,1960.0,60.0,Single,Part time
CAN,124073902,3.0,1.0,2.0,3.0,6.0,6.0,5.0,Not a religious person,6.0,Male,1953.0,67.0,Single,Retired/pensioned
CAN,124073903,1.0,2.0,2.0,3.0,5.0,4.0,4.0,A religious person,5.0,Female,1966.0,54.0,Divorced,Full time
CAN,124073904,1.0,1.0,1.0,1.0,7.0,6.0,6.0,A religious person,7.0,Female,1984.0,35.0,Married,Unemployed
CAN,124073905,2.0,2.0,2.0,2.0,9.0,8.0,8.0,An atheist,1.0,Male,1961.0,58.0,Married,Full time
CAN,124073907,1.0,3.0,3.0,3.0,10.0,5.0,8.0,An atheist,5.0,Female,1976.0,44.0,Living together as married,Other
CAN,124073909,1.0,2.0,2.0,2.0,8.0,8.0,6.0,Not a religious person,5.0,Male,1960.0,60.0,Single,Full time
CAN,124073912,1.0,1.0,2.0,3.0,10.0,8.0,7.0,A religious person,6.0,Female,1955.0,65.0,Widowed,Retired/pensioned
CAN,124073913,1.0,2.0,2.0,2.0,8.0,7.0,4.0,A religious person,7.0,Female,1964.0,56.0,Single,Part time
CAN,124073914,1.0,2.0,1.0,2.0,6.0,7.0,4.0,A religious person,3.0,Female,2001.0,18.0,Single,Student
CAN,124073916,1.0,1.0,2.0,2.0,8.0,8.0,8.0,Not a religious person,6.0,Male,1939.0,80.0,Married,Retired/pensioned
CAN,124073918,1.0,1.0,2.0,1.0,8.0,7.0,6.0,Not a religious person,6.0,Female,1954.0,66.0,Divorced,Retired/pensioned
CAN,124073921,1.0,2.0,2.0,3.0,9.0,9.0,8.0,Not a religious person,6.0,Male,1953.0,67.0,Married,Retired/pensioned
CAN,124073922,1.0,1.0,2.0,1.0,9.0,9.0,8.0,A religious person,8.0,Male,1976.0,44.0,Single,Full time
CAN,124073923,3.0,1.0,2.0,1.0,5.0,5.0,8.0,An atheist,5.0,Male,1984.0,35.0,Single,Part time
CAN,124073925,1.0,1.0,3.0,2.0,7.0,6.0,9.0,An atheist,3.0,Male,1962.0,58.0,Living together as married,Full time
CAN,124073926,1.0,1.0,2.0,2.0,5.0,5.0,5.0,Not a religious person,5.0,Female,1994.0,26.0,Single,Student
CAN,124073927,2.0,1.0,1.0,3.0,9.0,8.0,7.0,An atheist,6.0,Male,1974.0,46.0,Living together as married,Full time
CAN,124073929,1.0,3.0,1.0,2.0,7.0,6.0,6.0,Not a religious person,4.0,Female,1953.0,67.0,Married,Retired/pensioned
CAN,124073930,1.0,2.0,1.0,2.0,6.0,7.0,4.0,Not a religious person,1.0,Female,1992.0,28.0,Married,Homemaker not otherwise employed
CAN,124073931,1.0,2.0,2.0,2.0,8.0,8.0,7.0,A religious person,5.0,Male,1985.0,35.0,Married,Full time
CAN,124073932,1.0,2.0,1.0,1.0,10.0,10.0,10.0,An atheist,10.0,Male,1980.0,40.0,Single,Unemployed
CAN,124073933,1.0,2.0,1.0,1.0,7.0,7.0,7.0,Not a religious person,3.0,Female,1960.0,60.0,Living together as married,Retired/pensioned
CAN,124073934,2.0,1.0,1.0,1.0,9.0,6.0,6.0,A religious person,6.0,Male,1983.0,37.0,Single,Full time
CAN,124073935,1.0,1.0,1.0,2.0,7.0,7.0,5.0,A religious person,6.0,Female,1973.0,47.0,Married,Full time
CAN,124073936,1.0,2.0,2.0,2.0,8.0,8.0,6.0,A religious person,4.0,Male,1980.0,40.0,Living together as married,Full time
CAN,124073937,1.0,1.0,2.0,1.0,9.0,9.0,8.0,A religious person,7.0,Male,1965.0,55.0,Divorced,Full time
CAN,124073939,1.0,1.0,3.0,1.0,10.0,10.0,10.0,A religious person,10.0,Male,2000.0,19.0,Single,Full time
CAN,124073941,2.0,2.0,1.0,2.0,3.0,6.0,7.0,An atheist,9.0,Male,1958.0,62.0,Married,Full time
CAN,124073944,1.0,1.0,1.0,1.0,8.0,7.0,3.0,An atheist,5.0,Female,1995.0,25.0,Living together as married,Self employed
CAN,124073945,1.0,2.0,1.0,1.0,4.0,1.0,10.0,An atheist,4.0,Female,1944.0,75.0,Living together as married,Retired/pensioned
CAN,124073946,1.0,2.0,1.0,2.0,8.0,9.0,9.0,Not a religious person,5.0,Male,1985.0,35.0,Married,Full time
CAN,124073948,2.0,1.0,1.0,3.0,7.0,7.0,4.0,An atheist,4.0,Female,1979.0,41.0,Married,Part time
CAN,124073949,1.0,2.0,2.0,1.0,8.0,7.0,7.0,Not a religious person,4.0,Male,1988.0,32.0,Living together as married,Full time
CAN,124073951,1.0,1.0,1.0,2.0,8.0,7.0,4.0,A religious person,2.0,Female,1991.0,28.0,Living together as married,Student
CAN,124073956,1.0,1.0,1.0,4.0,9.0,8.0,8.0,Not a religious person,5.0,Female,1943.0,77.0,Divorced,Retired/pensioned
CAN,124073957,1.0,1.0,2.0,2.0,7.0,7.0,8.0,A religious person,4.0,Female,1945.0,75.0,Widowed,Retired/pensioned
CAN,124073958,1.0,1.0,2.0,1.0,7.0,7.0,7.0,Not a religious person,7.0,Male,1936.0,84.0,Married,Retired/pensioned
CAN,124073959,1.0,2.0,1.0,2.0,8.0,6.0,5.0,Not a religious person,5.0,Female,1987.0,32.0,Married,Full time
CAN,124073961,1.0,2.0,2.0,2.0,8.0,7.0,7.0,An atheist,6.0,Male,1959.0,61.0,Married,Full time
CAN,124073962,1.0,1.0,1.0,1.0,10.0,8.0,6.0,A religious person,3.0,Female,1984.0,36.0,Married,Full time
CAN,124073963,1.0,1.0,1.0,1.0,10.0,10.0,8.0,Not a religious person,8.0,Male,1996.0,24.0,Living together as married,Full time
CAN,124073965,1.0,1.0,1.0,1.0,8.0,9.0,9.0,A religious person,5.0,Female,1947.0,72.0,Widowed,Self employed
CAN,124073967,1.0,1.0,1.0,2.0,7.0,8.0,7.0,A religious person,7.0,Female,1970.0,50.0,Married,Full time
CAN,124073968,1.0,2.0,1.0,2.0,7.0,7.0,7.0,An atheist,5.0,Male,1960.0,60.0,Married,Full time
CAN,124073969,1.0,1.0,2.0,3.0,7.0,5.0,4.0,Not a religious person,5.0,Female,1978.0,42.0,Single,Self employed
CAN,124073970,1.0,2.0,2.0,2.0,6.0,10.0,8.0,A religious person,7.0,Male,1986.0,34.0,Married,Full time
CAN,124073971,2.0,2.0,2.0,4.0,8.0,7.0,7.0,Not a religious person,5.0,Female,1950.0,70.0,Married,Retired/pensioned
CAN,124073973,1.0,2.0,2.0,4.0,8.0,2.0,3.0,Not a religious person,5.0,Female,1941.0,79.0,Living together as married,Retired/pensioned
CAN,124073974,1.0,2.0,1.0,1.0,8.0,8.0,9.0,Not a religious person,5.0,Female,1979.0,41.0,Living together as married,Full time
CAN,124073975,1.0,1.0,1.0,4.0,8.0,7.0,7.0,Not a religious person,4.0,Male,1963.0,57.0,Married,Full time
CAN,124073976,1.0,1.0,2.0,1.0,8.0,7.0,7.0,A religious person,6.0,Male,1982.0,38.0,Married,Full time
CAN,124073977,1.0,2.0,2.0,4.0,9.0,9.0,9.0,A religious person,5.0,Female,1941.0,79.0,Married,Retired/pensioned
CAN,124073978,1.0,1.0,1.0,1.0,9.0,9.0,9.0,A religious person,2.0,Male,1965.0,55.0,Living together as married,Retired/pensioned
CAN,124073979,1.0,1.0,1.0,2.0,8.0,2.0,1.0,Not a religious person,5.0,Female,1983.0,37.0,Single,Full time
CAN,124073980,1.0,2.0,1.0,1.0,8.0,8.0,3.0,Not a religious person,4.0,Female,1986.0,34.0,Married,Unemployed
CAN,124073981,1.0,2.0,1.0,2.0,8.0,7.0,7.0,Not a religious person,8.0,Male,1966.0,54.0,Single,Full time
CAN,124073982,1.0,3.0,2.0,1.0,3.0,1.0,1.0,Not a religious person,1.0,Male,1975.0,45.0,Single,Unemployed
CAN,124073983,1.0,3.0,3.0,2.0,5.0,5.0,5.0,An atheist,5.0,Female,2002.0,18.0,Living together as married,Part time
CAN,124073984,1.0,2.0,2.0,3.0,10.0,8.0,8.0,An atheist,4.0,Female,1987.0,33.0,Living together as married,Self employed
CAN,124073986,2.0,1.0,1.0,3.0,8.0,7.0,6.0,Not a religious person,2.0,Male,1994.0,26.0,Living together as married,Part time
CAN,124073987,2.0,1.0,2.0,1.0,7.0,4.0,8.0,An atheist,5.0,Male,1961.0,59.0,Married,Full time
CAN,124073988,2.0,1.0,2.0,2.0,8.0,4.0,7.0,A religious person,5.0,Female,1975.0,44.0,Single,Full time
CAN,124073990,1.0,2.0,2.0,1.0,8.0,6.0,8.0,Not a religious person,8.0,Male,1980.0,39.0,Married,Full time
CAN,124073991,2.0,2.0,2.0,2.0,9.0,8.0,6.0,Not a religious person,5.0,Female,1977.0,43.0,Living together as married,Unemployed
CAN,124073992,1.0,1.0,1.0,2.0,9.0,7.0,9.0,Not a religious person,5.0,Female,2000.0,20.0,Single,Full time
CAN,124073993,1.0,2.0,1.0,1.0,5.0,5.0,1.0,Not a religious person,5.0,Female,1964.0,55.0,Single,Homemaker not otherwise employed
CAN,124073995,1.0,1.0,2.0,1.0,7.0,7.0,8.0,Not a religious person,5.0,Male,1975.0,44.0,Living together as married,Full time
CAN,124074000,1.0,3.0,1.0,2.0,7.0,7.0,6.0,An atheist,6.0,Female,1985.0,35.0,Living together as married,Full time
CAN,124074001,1.0,2.0,1.0,2.0,6.0,6.0,6.0,Not a religious person,5.0,Male,1987.0,33.0,Married,Full time
CAN,124074002,1.0,1.0,1.0,2.0,9.0,8.0,7.0,A religious person,7.0,Male,1946.0,74.0,Married,Retired/pensioned
CAN,124074003,1.0,2.0,2.0,4.0,10.0,10.0,4.0,A religious person,4.0,Female,1966.0,54.0,Widowed,Unemployed
CAN,124074004,2.0,2.0,3.0,1.0,8.0,7.0,2.0,Not a religious person,6.0,Male,1993.0,26.0,Single,Self employed
CAN,124074005,2.0,2.0,2.0,2.0,5.0,7.0,2.0,Not a religious person,4.0,Male,1991.0,29.0,Single,Student
CAN,124074007,1.0,2.0,3.0,1.0,6.0,7.0,7.0,A religious person,7.0,Female,1957.0,62.0,Single,Unemployed
CAN,124074008,1.0,1.0,1.0,2.0,8.0,8.0,5.0,Not a religious person,8.0,Female,1996.0,24.0,Living together as married,Student
CAN,124074009,1.0,2.0,2.0,1.0,10.0,8.0,6.0,Not a religious person,4.0,Male,1991.0,28.0,Living together as married,Student
CAN,124074010,2.0,3.0,2.0,1.0,8.0,8.0,8.0,An atheist,5.0,Male,1966.0,54.0,Living together as married,Full time
CAN,124074011,2.0,2.0,2.0,1.0,7.0,8.0,3.0,A religious person,9.0,Male,1962.0,57.0,Married,Other
CAN,124074012,1.0,1.0,1.0,2.0,8.0,8.0,8.0,Not a religious person,5.0,Male,1983.0,37.0,Living together as married,Full time
CAN,124074013,1.0,1.0,2.0,1.0,8.0,7.0,4.0,A religious person,3.0,Male,1985.0,35.0,Married,Full time
CAN,124074016,1.0,1.0,2.0,2.0,7.0,6.0,5.0,An atheist,4.0,Female,1986.0,34.0,Separated,Self employed
CAN,124074018,1.0,1.0,2.0,1.0,9.0,10.0,9.0,A religious person,9.0,Male,1986.0,34.0,Married,Full time
CAN,124074019,1.0,1.0,1.0,1.0,7.0,7.0,2.0,An atheist,2.0,Female,1986.0,34.0,Married,Self employed
CAN,124074020,2.0,1.0,1.0,1.0,6.0,3.0,9.0,An atheist,5.0,Male,2001.0,19.0,Single,Student
CAN,124074021,1.0,1.0,2.0,3.0,3.0,5.0,5.0,A religious person,8.0,Male,1944.0,76.0,Married,Retired/pensioned
CAN,124074022,1.0,2.0,1.0,3.0,8.0,7.0,9.0,An atheist,5.0,Female,1958.0,62.0,Married,Retired/pensioned
CAN,124074027,1.0,1.0,2.0,1.0,10.0,9.0,9.0,A religious person,8.0,Male,1985.0,35.0,Married,Full time
CAN,124074060,1.0,1.0,1.0,2.0,8.0,7.0,3.0,Not a religious person,5.0,Female,1992.0,28.0,Single,Part time
CAN,124074093,1.0,2.0,2.0,2.0,3.0,7.0,6.0,Not a religious person,5.0,Male,1991.0,29.0,Single,Full time
CAN,124074126,1.0,1.0,2.0,1.0,8.0,8.0,7.0,An atheist,5.0,Female,1970.0,50.0,Living together as married,Full time
CAN,124074127,1.0,1.0,2.0,4.0,9.0,9.0,9.0,A religious person,9.0,Female,1941.0,79.0,Widowed,Retired/pensioned
CAN,124074159,2.0,3.0,3.0,3.0,3.0,3.0,4.0,Not a religious person,5.0,Male,1997.0,22.0,Single,Unemployed
CAN,124074161,1.0,3.0,1.0,2.0,7.0,7.0,7.0,An atheist,4.0,Male,1991.0,29.0,Living together as married,Full time
CAN,124074192,1.0,1.0,1.0,2.0,8.0,8.0,7.0,A religious person,3.0,Female,1958.0,62.0,Separated,Part time
CAN,124074226,1.0,2.0,1.0,2.0,7.0,8.0,7.0,Not a religious person,5.0,Male,1972.0,48.0,Married,Full time
CAN,124074227,1.0,3.0,3.0,1.0,9.0,9.0,7.0,A religious person,5.0,Female,1966.0,53.0,Divorced,Full time
CAN,124074228,1.0,2.0,1.0,2.0,9.0,5.0,4.0,Not a religious person,2.0,Male,1988.0,32.0,Living together as married,Full time
CAN,124074229,1.0,1.0,2.0,2.0,8.0,8.0,6.0,An atheist,5.0,Female,1977.0,43.0,Divorced,Full time
CAN,124074230,1.0,1.0,1.0,1.0,9.0,8.0,9.0,A religious person,7.0,Male,1967.0,53.0,Married,Full time
CAN,124074232,1.0,2.0,2.0,2.0,4.0,7.0,6.0,Not a religious person,5.0,Male,1956.0,64.0,Married,Full time
CAN,124074233,1.0,1.0,1.0,2.0,6.0,8.0,7.0,An atheist,4.0,Male,1982.0,38.0,Married,Full time
CAN,124074234,1.0,2.0,2.0,1.0,10.0,10.0,10.0,Not a religious person,5.0,Female,1970.0,50.0,Married,Homemaker not otherwise employed
CAN,124074236,1.0,3.0,2.0,2.0,6.0,7.0,4.0,Not a religious person,1.0,Female,1954.0,66.0,Living together as married,Retired/pensioned
CAN,124074237,1.0,1.0,1.0,2.0,7.0,6.0,6.0,Not a religious person,4.0,Female,1994.0,26.0,Married,Full time
CAN,124074238,1.0,2.0,1.0,2.0,8.0,6.0,6.0,Not a religious person,7.0,Male,1980.0,39.0,Married,Full time
CAN,124074240,1.0,1.0,1.0,1.0,8.0,8.0,7.0,An atheist,5.0,Female,1994.0,26.0,Single,Full time
CAN,124074241,1.0,1.0,1.0,1.0,10.0,8.0,8.0,Not a religious person,6.0,Male,1977.0,43.0,Living together as married,Self employed
CAN,124074243,1.0,3.0,3.0,2.0,7.0,7.0,10.0,Not a religious person,5.0,Female,1986.0,34.0,Married,Full time
CAN,124074244,1.0,1.0,1.0,2.0,6.0,7.0,8.0,Not a religious person,7.0,Male,1970.0,49.0,Married,Retired/pensioned
CAN,124074245,2.0,1.0,2.0,1.0,9.0,10.0,7.0,An atheist,4.0,Female,1970.0,50.0,Single,Full time
CAN,124074246,1.0,1.0,1.0,2.0,9.0,9.0,9.0,Not a religious person,5.0,Female,1974.0,46.0,Married,Full time
CAN,124074247,2.0,3.0,2.0,3.0,8.0,8.0,8.0,A religious person,2.0,Male,1949.0,70.0,Divorced,Retired/pensioned
CAN,124074252,1.0,1.0,1.0,2.0,8.0,9.0,7.0,Not a religious person,2.0,Female,1997.0,22.0,Single,Student
CAN,124074253,1.0,1.0,1.0,1.0,10.0,7.0,6.0,Not a religious person,10.0,Female,1999.0,21.0,Single,Student
CAN,124074254,1.0,2.0,2.0,3.0,7.0,8.0,6.0,Not a religious person,6.0,Female,1984.0,36.0,Married,Full time
CAN,124074255,2.0,3.0,1.0,2.0,8.0,10.0,9.0,An atheist,2.0,Female,1992.0,28.0,Living together as married,Full time
CAN,124074256,1.0,1.0,1.0,1.0,8.0,6.0,6.0,Not a religious person,4.0,Female,1975.0,45.0,Single,Full time
CAN,124074258,1.0,1.0,2.0,1.0,9.0,7.0,6.0,A religious person,8.0,Female,1952.0,68.0,Married,Retired/pensioned
CAN,124074260,1.0,2.0,1.0,1.0,8.0,8.0,8.0,A religious person,5.0,Female,1987.0,33.0,Married,Full time
CAN,124074261,1.0,2.0,2.0,2.0,8.0,9.0,9.0,Not a religious person,5.0,Female,1956.0,64.0,Married,Retired/pensioned
CAN,124074262,1.0,2.0,2.0,1.0,5.0,8.0,7.0,Not a religious person,7.0,Male,1975.0,45.0,Living together as married,Full time
CAN,124074263,1.0,2.0,1.0,2.0,10.0,10.0,10.0,A religious person,4.0,Male,1979.0,40.0,Married,Full time
CAN,124074264,1.0,1.0,1.0,2.0,7.0,8.0,7.0,Not a religious person,8.0,Male,1972.0,48.0,Married,Full time
CAN,124074265,1.0,3.0,2.0,2.0,6.0,6.0,6.0,Not a religious person,7.0,Male,1965.0,55.0,Married,Full time
CAN,124074268,2.0,2.0,1.0,2.0,8.0,7.0,3.0,Not a religious person,5.0,Male,1969.0,51.0,Divorced,Unemployed
CAN,124074270,1.0,2.0,1.0,2.0,5.0,4.0,3.0,An atheist,4.0,Male,1970.0,50.0,Single,Self employed
CAN,124074271,1.0,2.0,2.0,2.0,8.0,8.0,5.0,Not a religious person,3.0,Male,1983.0,37.0,Single,Full time
CAN,124074273,1.0,2.0,1.0,1.0,4.0,8.0,7.0,Not a religious person,6.0,Female,1959.0,61.0,Divorced,Full time
CAN,124074275,1.0,1.0,1.0,2.0,10.0,5.0,5.0,Not a religious person,6.0,Female,1960.0,60.0,Living together as married,Retired/pensioned
CAN,124074276,1.0,2.0,1.0,2.0,7.0,8.0,9.0,Not a religious person,2.0,Male,1994.0,26.0,Living together as married,Student
CAN,124074277,1.0,2.0,2.0,2.0,3.0,5.0,3.0,An atheist,1.0,Male,1980.0,40.0,Single,Full time
CAN,124074278,1.0,2.0,1.0,2.0,6.0,5.0,6.0,Not a religious person,5.0,Male,1981.0,39.0,Single,Full time
CAN,124074279,1.0,1.0,1.0,1.0,7.0,6.0,6.0,A religious person,7.0,Female,1998.0,22.0,Single,Full time
CAN,124074280,2.0,3.0,2.0,2.0,5.0,6.0,8.0,An atheist,2.0,Male,1943.0,77.0,Married,Retired/pensioned
CAN,124074283,1.0,1.0,1.0,1.0,8.0,8.0,4.0,An atheist,5.0,Male,1976.0,44.0,Married,Full time
CAN,124074284,3.0,2.0,2.0,2.0,9.0,3.0,5.0,An atheist,5.0,Male,1971.0,49.0,Single,Unemployed
CAN,124074285,1.0,2.0,2.0,2.0,7.0,8.0,8.0,An atheist,5.0,Male,1947.0,73.0,Married,Retired/pensioned
CAN,124074289,1.0,1.0,1.0,3.0,7.0,7.0,7.0,An atheist,5.0,Female,1994.0,26.0,Living together as married,Homemaker not otherwise employed
CAN,124074290,1.0,2.0,2.0,3.0,7.0,7.0,4.0,A religious person,5.0,Female,1982.0,38.0,Married,Unemployed
CAN,124074291,2.0,2.0,1.0,2.0,8.0,8.0,6.0,Not a religious person,3.0,Male,1942.0,78.0,Married,Retired/pensioned
CAN,124074293,1.0,3.0,2.0,1.0,6.0,1.0,1.0,Not a religious person,6.0,Male,1990.0,30.0,Single,Full time
CAN,124074294,1.0,1.0,1.0,2.0,8.0,8.0,5.0,A religious person,7.0,Male,1976.0,44.0,Single,Other
CAN,124074296,1.0,1.0,1.0,3.0,2.0,1.0,1.0,Not a religious person,8.0,Male,1967.0,53.0,Single,Unemployed
CAN,124074297,1.0,2.0,2.0,2.0,6.0,7.0,7.0,Not a religious person,5.0,Female,1990.0,30.0,Living together as married,Full time
CAN,124074299,1.0,1.0,1.0,1.0,8.0,10.0,5.0,A religious person,5.0,Male,1978.0,41.0,Married,Full time
CAN,124074300,3.0,1.0,1.0,2.0,8.0,5.0,3.0,Not a religious person,5.0,Male,1967.0,53.0,Single,Full time
CAN,124074301,1.0,2.0,1.0,2.0,8.0,6.0,3.0,An atheist,7.0,Male,1977.0,43.0,Divorced,Full time
CAN,124074302,1.0,1.0,2.0,2.0,7.0,8.0,8.0,Not a religious person,7.0,Male,1973.0,46.0,Married,Full time
CAN,124074303,2.0,2.0,2.0,1.0,7.0,5.0,1.0,Not a religious person,1.0,Male,2002.0,18.0,Living together as married,Full time
CAN,124074304,1.0,1.0,1.0,3.0,8.0,8.0,8.0,A religious person,5.0,Female,1966.0,54.0,Divorced,Self employed
CAN,124074305,2.0,2.0,2.0,2.0,6.0,3.0,7.0,Not a religious person,3.0,Female,1993.0,27.0,Single,Unemployed
CAN,124074307,1.0,1.0,1.0,2.0,9.0,8.0,9.0,A religious person,1.0,Female,1960.0,60.0,Living together as married,Full time
CAN,124074310,1.0,2.0,1.0,2.0,7.0,7.0,4.0,A religious person,6.0,Female,1993.0,27.0,Single,Full time
CAN,124074312,1.0,2.0,1.0,3.0,6.0,4.0,4.0,Not a religious person,5.0,Female,1967.0,52.0,Single,Other
CAN,124074313,1.0,2.0,1.0,2.0,7.0,6.0,6.0,Not a religious person,5.0,Female,1984.0,36.0,Married,Full time
CAN,124074314,1.0,3.0,2.0,3.0,8.0,9.0,8.0,A religious person,6.0,Male,1955.0,65.0,Married,Retired/pensioned
CAN,124074315,1.0,1.0,1.0,1.0,6.0,6.0,6.0,Not a religious person,9.0,Female,1956.0,64.0,Divorced,Unemployed
CAN,124074316,1.0,1.0,1.0,1.0,8.0,7.0,8.0,Not a religious person,6.0,Female,1969.0,51.0,Living together as married,Full time
CAN,124074317,1.0,1.0,2.0,2.0,9.0,5.0,9.0,Not a religious person,5.0,Male,1959.0,61.0,Single,Full time
CAN,124074318,1.0,2.0,1.0,2.0,8.0,9.0,10.0,A religious person,8.0,Male,1987.0,33.0,Married,Full time
CAN,124074319,1.0,1.0,1.0,2.0,2.0,2.0,1.0,An atheist,1.0,Male,1987.0,33.0,Living together as married,Unemployed
CAN,124074321,1.0,1.0,1.0,1.0,10.0,8.0,10.0,Not a religious person,4.0,Male,1961.0,58.0,Living together as married,Self employed
CAN,124074322,3.0,2.0,2.0,2.0,7.0,7.0,8.0,An atheist,3.0,Male,1975.0,45.0,Living together as married,Self employed
CAN,124074323,2.0,3.0,2.0,2.0,7.0,3.0,4.0,An atheist,3.0,Female,1972.0,48.0,Married,Homemaker not otherwise employed
CAN,124074325,1.0,1.0,1.0,3.0,8.0,9.0,9.0,A religious person,9.0,Female,1950.0,70.0,Married,Retired/pensioned
CAN,124074327,3.0,2.0,1.0,2.0,8.0,8.0,5.0,An atheist,5.0,Male,1994.0,26.0,Single,Full time
CAN,124074328,1.0,1.0,1.0,2.0,7.0,8.0,1.0,Not a religious person,5.0,Female,1955.0,65.0,Married,Unemployed
CAN,124074329,2.0,2.0,1.0,1.0,8.0,8.0,9.0,An atheist,3.0,Male,1989.0,31.0,Living together as married,Full time
CAN,124074331,1.0,2.0,2.0,2.0,9.0,5.0,7.0,A religious person,5.0,Female,1991.0,28.0,Living together as married,Full time
CAN,124074332,1.0,2.0,1.0,1.0,9.0,8.0,7.0,Not a religious person,7.0,Female,1991.0,28.0,Single,Full time
CAN,124074336,1.0,2.0,2.0,2.0,8.0,7.0,6.0,Not a religious person,3.0,Female,1941.0,78.0,Married,Retired/pensioned
CAN,124074337,1.0,1.0,2.0,1.0,8.0,7.0,7.0,Not a religious person,5.0,Male,1982.0,38.0,Living together as married,Full time
CAN,124074338,1.0,2.0,2.0,4.0,8.0,4.0,9.0,A religious person,6.0,Female,1956.0,64.0,Married,Retired/pensioned
CAN,124074340,1.0,1.0,2.0,2.0,8.0,8.0,8.0,A religious person,7.0,Male,1939.0,80.0,Married,Retired/pensioned
CAN,124074342,1.0,2.0,1.0,3.0,8.0,8.0,7.0,A religious person,7.0,Female,1952.0,68.0,Single,Full time
CAN,124074343,1.0,2.0,2.0,2.0,8.0,8.0,5.0,Not a religious person,5.0,Male,1968.0,52.0,Married,Full time
CAN,124074346,2.0,3.0,1.0,3.0,9.0,9.0,8.0,Not a religious person,7.0,Male,1977.0,42.0,Married,Self employed
CAN,124074348,1.0,1.0,2.0,2.0,7.0,7.0,8.0,A religious person,6.0,Female,1966.0,54.0,Married,Self employed
CAN,124074349,2.0,2.0,1.0,2.0,9.0,8.0,8.0,Not a religious person,4.0,Male,1971.0,48.0,Married,Full time
CAN,124074352,2.0,3.0,1.0,1.0,9.0,9.0,9.0,An atheist,5.0,Male,1965.0,54.0,Separated,Self employed
CAN,124074353,1.0,2.0,2.0,2.0,9.0,8.0,8.0,An atheist,6.0,Female,1961.0,58.0,Married,Full time
CAN,124074354,2.0,1.0,1.0,3.0,8.0,7.0,7.0,An atheist,6.0,Female,1985.0,35.0,Single,Full time
CAN,124074356,1.0,2.0,2.0,4.0,7.0,8.0,8.0,A religious person,5.0,Male,1931.0,89.0,Married,Retired/pensioned
CAN,124074358,1.0,3.0,2.0,2.0,7.0,7.0,6.0,Not a religious person,5.0,Male,1957.0,63.0,Married,Full time
CAN,124074360,1.0,2.0,2.0,2.0,8.0,8.0,8.0,An atheist,2.0,Female,1972.0,48.0,Single,Full time
CAN,124074363,1.0,2.0,2.0,2.0,5.0,7.0,6.0,Not a religious person,6.0,Male,1965.0,55.0,Living together as married,Full time
CAN,124074365,1.0,2.0,2.0,3.0,10.0,10.0,10.0,A religious person,5.0,Female,1954.0,66.0,Single,Retired/pensioned
CAN,124074366,1.0,1.0,2.0,2.0,8.0,8.0,8.0,Not a religious person,5.0,Female,1953.0,67.0,Married,Retired/pensioned
CAN,124074367,1.0,2.0,1.0,2.0,5.0,4.0,8.0,Not a religious person,5.0,Male,1975.0,45.0,Separated,Full time
CAN,124074368,1.0,2.0,2.0,2.0,10.0,7.0,7.0,An atheist,5.0,Female,1969.0,51.0,Living together as married,Full time
CAN,124074369,1.0,1.0,1.0,2.0,9.0,7.0,6.0,Not a religious person,5.0,Female,1992.0,28.0,Single,Full time
CAN,124074371,2.0,2.0,2.0,1.0,8.0,8.0,8.0,A religious person,7.0,Female,1996.0,24.0,Living together as married,Student
CAN,124074374,1.0,1.0,1.0,2.0,9.0,8.0,7.0,Not a religious person,2.0,Female,1971.0,49.0,Married,Self employed
CAN,124074375,1.0,2.0,1.0,2.0,6.0,6.0,6.0,An atheist,5.0,Female,1982.0,38.0,Separated,Full time
CAN,124074376,1.0,2.0,2.0,2.0,10.0,8.0,8.0,Not a religious person,5.0,Male,1951.0,69.0,Married,Retired/pensioned
CAN,124074378,1.0,3.0,1.0,1.0,5.0,6.0,7.0,A religious person,5.0,Female,1991.0,29.0,Single,Full time
CAN,124074380,1.0,1.0,2.0,1.0,8.0,7.0,7.0,A religious person,6.0,Male,1974.0,46.0,Single,Full time
CAN,124074382,1.0,1.0,2.0,2.0,9.0,6.0,6.0,Not a religious person,5.0,Female,1962.0,57.0,Single,Full time
CAN,124074383,1.0,1.0,2.0,3.0,5.0,7.0,8.0,A religious person,7.0,Male,1942.0,77.0,Married,Retired/pensioned
CAN,124074384,1.0,1.0,2.0,4.0,10.0,10.0,7.0,Not a religious person,7.0,Female,1956.0,63.0,Separated,Retired/pensioned
CAN,124074386,1.0,3.0,1.0,4.0,8.0,9.0,7.0,Not a religious person,2.0,Male,1965.0,54.0,Married,Retired/pensioned
CAN,124074388,2.0,2.0,2.0,2.0,6.0,6.0,6.0,Not a religious person,6.0,Female,1982.0,38.0,Married,Full time
CAN,124074389,2.0,3.0,2.0,1.0,7.0,6.0,10.0,An atheist,8.0,Male,1992.0,27.0,Living together as married,Full time
CAN,124074391,1.0,1.0,1.0,1.0,8.0,8.0,7.0,An atheist,5.0,Female,1989.0,31.0,Single,Full time
CAN,124074393,1.0,1.0,1.0,2.0,8.0,9.0,9.0,Not a religious person,6.0,Female,1957.0,63.0,Divorced,Retired/pensioned
CAN,124074394,1.0,2.0,1.0,2.0,4.0,4.0,7.0,A religious person,7.0,Female,1986.0,34.0,Single,Full time
CAN,124074395,1.0,2.0,2.0,2.0,9.0,9.0,7.0,An atheist,3.0,Male,1982.0,38.0,Single,Student
CAN,124074397,1.0,2.0,3.0,4.0,5.0,8.0,8.0,A religious person,5.0,Male,1954.0,65.0,Widowed,Retired/pensioned
CAN,124074398,1.0,2.0,2.0,2.0,7.0,6.0,6.0,A religious person,4.0,Male,1956.0,64.0,Single,Full time
CAN,124074399,1.0,1.0,1.0,2.0,7.0,8.0,10.0,A religious person,1.0,Female,1944.0,76.0,Married,Retired/pensioned
CAN,124074400,1.0,2.0,2.0,3.0,8.0,8.0,7.0,Not a religious person,3.0,Female,1979.0,41.0,Married,Homemaker not otherwise employed
CAN,124074402,1.0,1.0,1.0,1.0,10.0,10.0,10.0,Not a religious person,10.0,Male,1981.0,38.0,Single,Student
CAN,124074403,1.0,1.0,1.0,1.0,7.0,8.0,7.0,An atheist,5.0,Female,1997.0,22.0,Married,Full time
CAN,124074404,1.0,1.0,1.0,1.0,8.0,9.0,7.0,A religious person,5.0,Male,1946.0,74.0,Married,Retired/pensioned
CAN,124074405,1.0,1.0,2.0,1.0,7.0,7.0,5.0,Not a religious person,5.0,Male,1973.0,47.0,Married,Full time
CAN,124074406,1.0,2.0,2.0,4.0,9.0,8.0,10.0,Not a religious person,5.0,Female,1945.0,74.0,Married,Retired/pensioned
CAN,124074407,2.0,2.0,3.0,2.0,6.0,7.0,6.0,An atheist,5.0,Female,1969.0,51.0,Living together as married,Full time
CAN,124074409,1.0,1.0,1.0,4.0,9.0,7.0,5.0,A religious person,6.0,Female,1996.0,24.0,Single,Student
CAN,124074411,1.0,2.0,2.0,2.0,7.0,7.0,7.0,A religious person,7.0,Female,1995.0,24.0,Living together as married,Student
CAN,124074412,1.0,3.0,2.0,1.0,7.0,7.0,6.0,Not a religious person,10.0,Male,1980.0,40.0,Living together as married,Self employed
CAN,124074413,1.0,1.0,1.0,3.0,9.0,9.0,7.0,Not a religious person,5.0,Female,1944.0,76.0,Widowed,Retired/pensioned
CAN,124074414,1.0,2.0,2.0,1.0,7.0,7.0,7.0,Not a religious person,5.0,Male,1989.0,31.0,Married,Full time
CAN,124074416,1.0,2.0,2.0,2.0,8.0,8.0,8.0,An atheist,6.0,Female,1965.0,54.0,Married,Part time
CAN,124074418,1.0,3.0,2.0,2.0,4.0,5.0,3.0,Not a religious person,6.0,Female,1986.0,34.0,Divorced,Full time
CAN,124074420,1.0,2.0,2.0,2.0,8.0,7.0,6.0,Not a religious person,5.0,Female,1991.0,29.0,Living together as married,Full time
CAN,124074421,1.0,1.0,2.0,4.0,7.0,7.0,2.0,Not a religious person,7.0,Female,1960.0,59.0,Separated,Other
CAN,124074422,1.0,1.0,1.0,1.0,10.0,10.0,10.0,A religious person,7.0,Female,1981.0,39.0,Separated,Student
CAN,124074423,1.0,1.0,2.0,2.0,7.0,9.0,6.0,Not a religious person,9.0,Male,1988.0,32.0,Married,Full time
CAN,124074489,1.0,1.0,2.0,1.0,8.0,2.0,2.0,An atheist,4.0,Female,1995.0,25.0,Single,Part time
CAN,124074490,1.0,2.0,2.0,1.0,9.0,9.0,5.0,A religious person,8.0,Male,1987.0,33.0,Married,Full time
CAN,124074522,1.0,2.0,2.0,1.0,8.0,7.0,6.0,Not a religious person,8.0,Female,1994.0,26.0,Single,Student
CAN,124074523,1.0,2.0,2.0,1.0,7.0,5.0,4.0,Not a religious person,10.0,Female,1985.0,35.0,Living together as married,Part time
CAN,124074555,1.0,3.0,1.0,1.0,10.0,8.0,7.0,Not a religious person,10.0,Male,1988.0,32.0,Single,Full time
CAN,124074556,1.0,1.0,2.0,3.0,6.0,5.0,8.0,A religious person,7.0,Male,2000.0,20.0,Single,Full time
CAN,124074557,2.0,1.0,2.0,2.0,6.0,5.0,6.0,Not a religious person,1.0,Male,1997.0,23.0,Single,Student
CAN,124074559,1.0,1.0,2.0,2.0,8.0,7.0,5.0,Not a religious person,5.0,Female,1984.0,36.0,Living together as married,Self employed
CAN,124074561,1.0,1.0,2.0,1.0,9.0,9.0,9.0,A religious person,9.0,Male,1977.0,43.0,Single,Full time
CAN,124074562,2.0,1.0,1.0,1.0,5.0,7.0,5.0,An atheist,4.0,Male,1981.0,39.0,Single,Full time
CAN,124074564,1.0,1.0,1.0,1.0,9.0,6.0,9.0,Not a religious person,5.0,Female,1965.0,55.0,Married,Self employed
CAN,124074565,1.0,1.0,1.0,1.0,8.0,8.0,6.0,A religious person,8.0,Male,1980.0,39.0,Married,Full time
CAN,124074566,1.0,2.0,1.0,2.0,7.0,8.0,6.0,Not a religious person,3.0,Male,1993.0,27.0,Living together as married,Student
CAN,124074567,1.0,1.0,1.0,1.0,9.0,10.0,7.0,An atheist,3.0,Male,1984.0,36.0,Married,Unemployed
CAN,124074568,1.0,2.0,1.0,1.0,9.0,9.0,8.0,A religious person,8.0,Male,1977.0,42.0,Single,Full time
CAN,124074570,2.0,2.0,3.0,2.0,7.0,6.0,7.0,Not a religious person,7.0,Male,1970.0,50.0,Divorced,Full time
CAN,124074572,1.0,2.0,2.0,1.0,7.0,7.0,6.0,A religious person,6.0,Female,1956.0,64.0,Married,Retired/pensioned
CAN,124074573,1.0,1.0,1.0,2.0,7.0,8.0,7.0,Not a religious person,8.0,Male,1983.0,37.0,Living together as married,Full time
CAN,124074574,1.0,1.0,2.0,2.0,9.0,7.0,5.0,Not a religious person,5.0,Female,1969.0,51.0,Married,Retired/pensioned
CAN,124074578,1.0,3.0,1.0,2.0,7.0,8.0,8.0,An atheist,6.0,Female,1964.0,55.0,Married,Retired/pensioned
CAN,124074579,1.0,2.0,2.0,1.0,8.0,9.0,9.0,A religious person,5.0,Male,1956.0,63.0,Married,Retired/pensioned
CAN,124074580,1.0,1.0,2.0,2.0,8.0,8.0,5.0,Not a religious person,4.0,Male,1987.0,33.0,Living together as married,Full time
CAN,124074582,1.0,1.0,1.0,4.0,7.0,7.0,3.0,Not a religious person,3.0,Female,2001.0,19.0,Single,Student
CAN,124074583,1.0,1.0,2.0,2.0,3.0,3.0,1.0,A religious person,4.0,Female,1960.0,60.0,Divorced,Other
CAN,124074584,1.0,2.0,3.0,2.0,9.0,8.0,6.0,Not a religious person,4.0,Male,1974.0,46.0,Divorced,Full time
CAN,124074585,1.0,2.0,2.0,3.0,10.0,10.0,8.0,A religious person,7.0,Female,1986.0,34.0,Married,Full time
CAN,124074586,1.0,2.0,2.0,2.0,2.0,2.0,2.0,An atheist,8.0,Male,1979.0,41.0,Living together as married,Homemaker not otherwise employed
CAN,124074587,1.0,1.0,1.0,1.0,8.0,8.0,8.0,A religious person,10.0,Male,1975.0,45.0,Married,Full time
CAN,124074588,1.0,1.0,2.0,2.0,7.0,8.0,8.0,An atheist,3.0,Female,1993.0,27.0,Living together as married,Full time
CAN,124074589,1.0,1.0,2.0,1.0,10.0,9.0,6.0,Not a religious person,5.0,Female,1990.0,30.0,Living together as married,Full time
CAN,124074591,2.0,2.0,2.0,1.0,10.0,6.0,7.0,Not a religious person,4.0,Female,1999.0,21.0,Single,Part time
CAN,124074592,1.0,1.0,1.0,1.0,8.0,9.0,10.0,Not a religious person,8.0,Female,1954.0,66.0,Married,Retired/pensioned
CAN,124074593,1.0,1.0,2.0,2.0,8.0,5.0,8.0,An atheist,5.0,Female,2002.0,18.0,Single,Student
CAN,124074594,1.0,1.0,1.0,2.0,6.0,4.0,1.0,Not a religious person,1.0,Female,1960.0,60.0,Married,Unemployed
CAN,124074595,1.0,3.0,2.0,4.0,8.0,9.0,8.0,A religious person,5.0,Female,1984.0,36.0,Living together as married,Homemaker not otherwise employed
CAN,124074596,1.0,2.0,1.0,1.0,8.0,8.0,8.0,A religious person,7.0,Female,1987.0,33.0,Living together as married,Homemaker not otherwise employed
CAN,124074597,1.0,1.0,2.0,2.0,8.0,8.0,10.0,An atheist,3.0,Male,1953.0,67.0,Widowed,Retired/pensioned
CAN,124074598,1.0,1.0,2.0,2.0,10.0,8.0,10.0,Not a religious person,8.0,Female,2000.0,19.0,Single,Student
CAN,124074599,1.0,2.0,2.0,2.0,8.0,9.0,8.0,Not a religious person,6.0,Female,1982.0,38.0,Married,Full time
CAN,124074600,1.0,2.0,1.0,2.0,7.0,6.0,6.0,A religious person,2.0,Female,1979.0,41.0,Married,Student
CAN,124074601,1.0,1.0,2.0,3.0,8.0,6.0,8.0,Not a religious person,8.0,Male,1954.0,66.0,Married,Retired/pensioned
CAN,124074602,1.0,1.0,1.0,2.0,8.0,8.0,5.0,A religious person,6.0,Female,1989.0,31.0,Married,Part time
CAN,124074603,1.0,1.0,2.0,1.0,7.0,8.0,6.0,A religious person,7.0,Male,1983.0,37.0,Married,Unemployed
CAN,124074605,1.0,1.0,2.0,2.0,7.0,9.0,8.0,An atheist,3.0,Female,1977.0,43.0,Married,Self employed
CAN,124074606,1.0,1.0,2.0,1.0,7.0,7.0,9.0,A religious person,5.0,Female,1999.0,21.0,Single,Student
CAN,124074607,1.0,2.0,2.0,3.0,9.0,8.0,8.0,An atheist,7.0,Female,1964.0,56.0,Married,Part time
CAN,124074609,1.0,1.0,2.0,2.0,7.0,6.0,7.0,A religious person,5.0,Female,1966.0,54.0,Married,Full time
CAN,124074610,1.0,2.0,1.0,3.0,9.0,9.0,9.0,Not a religious person,4.0,Male,1955.0,65.0,Married,Retired/pensioned
CAN,124074611,2.0,2.0,2.0,2.0,6.0,6.0,6.0,Not a religious person,1.0,Female,1976.0,44.0,Separated,Self employed
CAN,124074612,4.0,1.0,1.0,4.0,3.0,7.0,8.0,A religious person,1.0,Male,1997.0,23.0,Single,Student
CAN,124074613,1.0,1.0,2.0,2.0,7.0,4.0,7.0,Not a religious person,2.0,Female,1983.0,37.0,Married,Full time
CAN,124074615,1.0,1.0,1.0,2.0,8.0,6.0,8.0,A religious person,5.0,Male,1976.0,43.0,Married,Full time
CAN,124074616,1.0,1.0,2.0,2.0,9.0,8.0,8.0,Not a religious person,9.0,Male,1951.0,68.0,Married,Part time
CAN,124074617,1.0,1.0,1.0,2.0,8.0,7.0,6.0,A religious person,10.0,Male,1977.0,43.0,Single,Student
CAN,124074618,1.0,1.0,1.0,2.0,10.0,10.0,10.0,A religious person,8.0,Male,1976.0,44.0,Married,Full time
CAN,124074619,1.0,1.0,1.0,1.0,6.0,7.0,7.0,A religious person,5.0,Male,1984.0,36.0,Married,Full time
CAN,124074620,1.0,1.0,2.0,1.0,7.0,7.0,6.0,An atheist,6.0,Male,1978.0,42.0,Single,Full time
CAN,124074621,1.0,1.0,1.0,2.0,6.0,6.0,7.0,Not a religious person,6.0,Female,1960.0,60.0,Married,Full time
CAN,124074622,1.0,2.0,2.0,1.0,10.0,10.0,10.0,A religious person,6.0,Male,1966.0,54.0,Living together as married,Full time
CAN,124074623,1.0,2.0,2.0,2.0,8.0,7.0,8.0,An atheist,3.0,Male,1970.0,50.0,Married,Full time
CAN,124074624,2.0,2.0,2.0,2.0,6.0,6.0,5.0,Not a religious person,4.0,Male,1961.0,59.0,Single,Part time
CAN,124074625,1.0,1.0,4.0,4.0,1.0,1.0,1.0,A religious person,5.0,Male,1966.0,54.0,Separated,Other
CAN,124074626,1.0,2.0,2.0,3.0,10.0,9.0,5.0,Not a religious person,5.0,Female,1967.0,53.0,Married,Homemaker not otherwise employed
CAN,124074627,1.0,2.0,1.0,4.0,5.0,5.0,8.0,Not a religious person,4.0,Female,1949.0,71.0,Married,Retired/pensioned
CAN,124074628,1.0,2.0,1.0,1.0,10.0,10.0,10.0,Not a religious person,10.0,Male,1965.0,54.0,Married,Full time
CAN,124074630,1.0,1.0,1.0,2.0,9.0,8.0,8.0,An atheist,5.0,Female,1981.0,39.0,Married,Self employed
CAN,124074631,1.0,1.0,1.0,3.0,10.0,8.0,8.0,Not a religious person,8.0,Female,1969.0,51.0,Married,Homemaker not otherwise employed
CAN,124074632,1.0,2.0,1.0,3.0,8.0,8.0,7.0,A religious person,4.0,Male,1964.0,55.0,Married,Retired/pensioned
CAN,124074633,2.0,1.0,2.0,4.0,8.0,8.0,9.0,An atheist,2.0,Male,1948.0,72.0,Divorced,Retired/pensioned
CAN,124074635,4.0,4.0,4.0,4.0,1.0,1.0,1.0,An atheist,10.0,Male,2002.0,18.0,Single,Unemployed
CAN,124074636,1.0,1.0,1.0,3.0,6.0,8.0,7.0,A religious person,5.0,Male,1953.0,67.0,Married,Retired/pensioned
CAN,124074637,2.0,2.0,2.0,1.0,7.0,8.0,4.0,A religious person,2.0,Female,1994.0,26.0,Living together as married,Student
CAN,124074638,2.0,3.0,2.0,1.0,10.0,8.0,10.0,Not a religious person,8.0,Male,1958.0,62.0,Living together as married,Self employed
CAN,124074639,1.0,3.0,2.0,2.0,8.0,8.0,8.0,Not a religious person,7.0,Male,1948.0,72.0,Married,Retired/pensioned
CAN,124074640,1.0,1.0,2.0,4.0,7.0,7.0,5.0,A religious person,4.0,Male,1947.0,72.0,Married,Retired/pensioned
CAN,124074641,1.0,2.0,3.0,1.0,10.0,7.0,9.0,Not a religious person,6.0,Male,1950.0,70.0,Separated,Full time
CAN,124074642,2.0,1.0,1.0,1.0,7.0,8.0,8.0,A religious person,4.0,Male,1953.0,66.0,Single,Full time
CAN,124074644,1.0,2.0,1.0,3.0,6.0,5.0,5.0,Not a religious person,7.0,Male,1956.0,64.0,Single,Retired/pensioned
CAN,124074645,1.0,2.0,2.0,4.0,8.0,8.0,9.0,A religious person,7.0,Male,1944.0,76.0,Married,Retired/pensioned
CAN,124074647,1.0,1.0,1.0,1.0,7.0,9.0,9.0,A religious person,3.0,Male,1947.0,73.0,Married,Retired/pensioned
CAN,124074648,1.0,1.0,1.0,2.0,8.0,7.0,7.0,Not a religious person,5.0,Female,1959.0,61.0,Married,Retired/pensioned
CAN,124074649,3.0,4.0,2.0,1.0,8.0,5.0,2.0,A religious person,6.0,Male,2000.0,19.0,Single,Full time
CAN,124074650,2.0,2.0,2.0,2.0,4.0,6.0,6.0,A religious person,6.0,Male,1983.0,37.0,Separated,Part time
CAN,124074651,1.0,1.0,1.0,2.0,10.0,10.0,6.0,Not a religious person,5.0,Female,1978.0,42.0,Single,Other
CAN,124074652,1.0,1.0,1.0,2.0,8.0,6.0,7.0,Not a religious person,5.0,Female,1996.0,24.0,Single,Part time
CAN,124074653,1.0,1.0,2.0,2.0,10.0,8.0,10.0,A religious person,6.0,Male,1945.0,75.0,Married,Retired/pensioned
CAN,124074654,1.0,1.0,2.0,2.0,7.0,7.0,6.0,A religious person,3.0,Female,1999.0,21.0,Single,Part time
CAN,124074655,1.0,2.0,1.0,1.0,7.0,7.0,6.0,Not a religious person,5.0,Female,1977.0,42.0,Married,Full time
CAN,124074656,2.0,1.0,3.0,3.0,8.0,9.0,6.0,Not a religious person,8.0,Female,1983.0,36.0,Single,Self employed
CAN,124074657,1.0,2.0,2.0,2.0,9.0,8.0,8.0,Not a religious person,3.0,Male,1965.0,55.0,Married,Full time
CAN,124074658,1.0,1.0,1.0,1.0,7.0,6.0,7.0,Not a religious person,3.0,Male,1965.0,54.0,Living together as married,Full time
CAN,124074659,1.0,3.0,3.0,2.0,8.0,6.0,7.0,An atheist,6.0,Male,1963.0,57.0,Married,Full time
CAN,124074660,1.0,2.0,1.0,2.0,7.0,6.0,4.0,Not a religious person,1.0,Female,1963.0,57.0,Married,Part time
CAN,124074661,1.0,2.0,1.0,2.0,8.0,8.0,3.0,A religious person,4.0,Female,1974.0,46.0,Married,Full time
CAN,124074662,1.0,1.0,1.0,2.0,9.0,9.0,7.0,A religious person,5.0,Male,1983.0,37.0,Married,Full time
CAN,124074663,2.0,2.0,1.0,3.0,7.0,6.0,4.0,Not a religious person,5.0,Male,1976.0,44.0,Living together as married,Unemployed
CAN,124074664,1.0,2.0,2.0,2.0,8.0,8.0,7.0,A religious person,3.0,Male,1961.0,59.0,Married,Part time
CAN,124074666,1.0,2.0,2.0,2.0,7.0,7.0,6.0,A religious person,5.0,Male,2001.0,19.0,Single,Student
CAN,124074667,1.0,2.0,1.0,2.0,7.0,7.0,4.0,Not a religious person,5.0,Female,1957.0,63.0,Divorced,Full time
CAN,124074668,1.0,2.0,2.0,4.0,8.0,7.0,7.0,Not a religious person,9.0,Male,1949.0,71.0,Married,Retired/pensioned
CAN,124074669,1.0,1.0,1.0,1.0,8.0,8.0,7.0,Not a religious person,7.0,Male,1990.0,30.0,Married,Full time
CAN,124074670,1.0,1.0,1.0,2.0,10.0,8.0,8.0,Not a religious person,6.0,Female,1971.0,49.0,Married,Homemaker not otherwise employed
CAN,124074671,3.0,2.0,1.0,2.0,7.0,5.0,5.0,An atheist,4.0,Male,1996.0,24.0,Single,Full time
CAN,124074673,1.0,1.0,1.0,2.0,7.0,7.0,5.0,An atheist,3.0,Male,1963.0,57.0,Single,Full time
CAN,124074674,1.0,2.0,1.0,1.0,9.0,8.0,8.0,Not a religious person,5.0,Male,1982.0,38.0,Married,Full time
CAN,124074675,1.0,1.0,1.0,1.0,9.0,9.0,9.0,A religious person,5.0,Female,1954.0,66.0,Married,Retired/pensioned
CAN,124074676,1.0,1.0,3.0,1.0,4.0,4.0,3.0,Not a religious person,5.0,Female,1975.0,45.0,Divorced,Full time
CAN,124074678,1.0,3.0,1.0,2.0,7.0,2.0,3.0,Not a religious person,3.0,Male,1958.0,62.0,Divorced,Retired/pensioned
CAN,124074679,1.0,1.0,2.0,2.0,7.0,7.0,6.0,Not a religious person,6.0,Female,1997.0,23.0,Living together as married,Full time
CAN,124074680,2.0,2.0,2.0,3.0,5.0,4.0,3.0,Not a religious person,7.0,Male,1963.0,57.0,Married,Full time
CAN,124074681,1.0,1.0,1.0,4.0,10.0,8.0,8.0,An atheist,7.0,Female,1952.0,68.0,Separated,Retired/pensioned
CAN,124074682,1.0,2.0,1.0,2.0,7.0,7.0,5.0,A religious person,3.0,Female,1996.0,24.0,Living together as married,Unemployed
CAN,124074683,2.0,2.0,2.0,3.0,4.0,5.0,7.0,Not a religious person,2.0,Female,1992.0,28.0,Single,Unemployed
CAN,124074685,1.0,2.0,2.0,2.0,5.0,5.0,5.0,An atheist,5.0,Male,1962.0,58.0,Single,Retired/pensioned
CAN,124074686,1.0,1.0,1.0,1.0,10.0,6.0,10.0,Not a religious person,8.0,Female,1958.0,62.0,Married,Homemaker not otherwise employed
CAN,124074687,1.0,2.0,3.0,1.0,6.0,7.0,9.0,Not a religious person,4.0,Male,1962.0,58.0,Single,Part time
CAN,124074688,2.0,1.0,2.0,3.0,7.0,9.0,10.0,An atheist,8.0,Male,1943.0,77.0,Married,Retired/pensioned
CAN,124074689,2.0,2.0,1.0,2.0,8.0,8.0,5.0,An atheist,10.0,Female,1946.0,74.0,Divorced,Part time
CAN,124074690,2.0,2.0,1.0,3.0,10.0,7.0,5.0,A religious person,5.0,Female,1971.0,49.0,Married,Part time
CAN,124074692,1.0,2.0,2.0,1.0,8.0,9.0,6.0,Not a religious person,6.0,Male,1959.0,60.0,Married,Full time
CAN,124074693,1.0,1.0,1.0,2.0,10.0,10.0,10.0,A religious person,5.0,Male,1948.0,72.0,Married,Retired/pensioned
CAN,124074694,3.0,2.0,1.0,2.0,5.0,4.0,3.0,Not a religious person,4.0,Female,1972.0,48.0,Single,Full time
CAN,124074696,1.0,1.0,1.0,2.0,8.0,8.0,9.0,Not a religious person,4.0,Male,1972.0,48.0,Married,Retired/pensioned
CAN,124074697,1.0,1.0,2.0,4.0,7.0,8.0,8.0,Not a religious person,4.0,Male,1955.0,64.0,Married,Retired/pensioned
CAN,124074698,1.0,1.0,1.0,4.0,5.0,4.0,2.0,A religious person,5.0,Female,1965.0,55.0,Living together as married,Other
CAN,124074700,1.0,1.0,1.0,1.0,8.0,8.0,4.0,An atheist,5.0,Female,1978.0,41.0,Single,Self employed
CAN,124074701,1.0,1.0,1.0,3.0,9.0,8.0,8.0,A religious person,8.0,Male,1952.0,68.0,Married,Retired/pensioned
CAN,124074702,1.0,1.0,2.0,1.0,7.0,7.0,4.0,Not a religious person,5.0,Male,1971.0,49.0,Married,Full time
CAN,124074703,1.0,1.0,1.0,1.0,7.0,6.0,6.0,Not a religious person,7.0,Male,1971.0,49.0,Divorced,Full time
CAN,124074704,1.0,1.0,2.0,2.0,8.0,8.0,8.0,Not a religious person,6.0,Female,1971.0,49.0,Married,Unemployed
CAN,124074705,1.0,2.0,3.0,2.0,7.0,5.0,5.0,Not a religious person,6.0,Male,1968.0,51.0,Married,Full time
CAN,124074706,1.0,2.0,2.0,1.0,7.0,8.0,7.0,A religious person,8.0,Male,1981.0,39.0,Married,Full time
CAN,124074707,1.0,2.0,1.0,3.0,9.0,8.0,7.0,Not a religious person,6.0,Male,1950.0,70.0,Married,Retired/pensioned
CAN,124074708,1.0,2.0,2.0,2.0,7.0,7.0,8.0,An atheist,5.0,Male,1981.0,39.0,Married,Full time
CAN,124074709,1.0,1.0,1.0,1.0,7.0,8.0,8.0,A religious person,8.0,Male,1944.0,76.0,Married,Retired/pensioned
CAN,124074710,1.0,1.0,1.0,1.0,8.0,7.0,5.0,Not a religious person,5.0,Female,1971.0,48.0,Married,Unemployed
CAN,124074711,4.0,4.0,4.0,4.0,9.0,1.0,2.0,A religious person,3.0,Male,1943.0,77.0,Single,Retired/pensioned
CAN,124074712,3.0,3.0,1.0,4.0,8.0,8.0,7.0,A religious person,5.0,Male,1964.0,56.0,Divorced,Retired/pensioned
CAN,124074713,1.0,1.0,1.0,2.0,8.0,8.0,9.0,An atheist,2.0,Female,2000.0,20.0,Single,Student
CAN,124074714,1.0,1.0,1.0,2.0,7.0,7.0,8.0,Not a religious person,3.0,Male,1980.0,40.0,Married,Full time
CAN,124074715,1.0,2.0,2.0,2.0,8.0,5.0,3.0,Not a religious person,5.0,Female,1983.0,37.0,Married,Part time
CAN,124074716,3.0,2.0,1.0,2.0,5.0,8.0,2.0,A religious person,5.0,Female,1977.0,42.0,Living together as married,Full time
CAN,124074717,2.0,1.0,1.0,2.0,8.0,8.0,5.0,Not a religious person,6.0,Male,1958.0,62.0,Separated,Retired/pensioned
CAN,124074718,1.0,2.0,1.0,3.0,7.0,8.0,7.0,Not a religious person,5.0,Female,1970.0,50.0,Married,Unemployed
CAN,124074719,1.0,1.0,2.0,2.0,8.0,7.0,4.0,An atheist,5.0,Female,1975.0,45.0,Separated,Full time
CAN,124074720,1.0,2.0,1.0,2.0,5.0,6.0,5.0,A religious person,5.0,Male,2000.0,20.0,Single,Student
CAN,124074721,1.0,2.0,2.0,2.0,8.0,8.0,5.0,A religious person,6.0,Male,1965.0,54.0,Divorced,Full time
CAN,124074722,1.0,1.0,1.0,2.0,7.0,5.0,8.0,A religious person,5.0,Female,2000.0,20.0,Single,Student
CAN,124074724,3.0,1.0,1.0,4.0,8.0,8.0,8.0,A religious person,1.0,Male,1946.0,74.0,Single,Retired/pensioned
CAN,124074725,1.0,3.0,1.0,4.0,6.0,3.0,1.0,Not a religious person,7.0,Male,1970.0,50.0,Separated,Unemployed
CAN,124074726,1.0,3.0,3.0,2.0,8.0,7.0,7.0,Not a religious person,7.0,Male,1999.0,21.0,Single,Student
CAN,124074727,1.0,1.0,1.0,3.0,10.0,10.0,9.0,Not a religious person,6.0,Female,1962.0,57.0,Single,Retired/pensioned
CAN,124074728,1.0,1.0,1.0,3.0,8.0,5.0,3.0,A religious person,5.0,Female,1949.0,71.0,Separated,Retired/pensioned
CAN,124074729,1.0,1.0,2.0,2.0,9.0,5.0,1.0,Not a religious person,5.0,Male,1969.0,51.0,Single,Full time
CAN,124074730,1.0,2.0,2.0,2.0,7.0,4.0,3.0,Not a religious person,5.0,Male,1974.0,46.0,Married,Part time
CAN,124074731,1.0,2.0,2.0,2.0,7.0,7.0,7.0,Not a religious person,3.0,Female,1955.0,65.0,Married,Retired/pensioned
CAN,124074733,1.0,2.0,2.0,2.0,8.0,8.0,8.0,Not a religious person,5.0,Male,1968.0,51.0,Married,Full time
CAN,124074734,1.0,1.0,1.0,2.0,10.0,9.0,8.0,Not a religious person,4.0,Male,1972.0,47.0,Living together as married,Full time
CAN,124074735,1.0,2.0,3.0,2.0,6.0,8.0,8.0,A religious person,8.0,Male,1950.0,70.0,Single,Retired/pensioned
CAN,124074736,1.0,1.0,2.0,1.0,10.0,8.0,5.0,Not a religious person,5.0,Female,1995.0,24.0,Living together as married,Self employed
CAN,124074737,1.0,3.0,1.0,2.0,3.0,4.0,3.0,Not a religious person,8.0,Male,1936.0,83.0,Married,Part time
CAN,124074739,1.0,1.0,1.0,1.0,3.0,8.0,3.0,A religious person,6.0,Female,1998.0,22.0,Married,Full time
CAN,124074740,1.0,1.0,1.0,1.0,8.0,1.0,8.0,A religious person,6.0,Male,1985.0,35.0,Married,Full time
CAN,124074741,1.0,3.0,1.0,2.0,7.0,7.0,7.0,An atheist,5.0,Female,1985.0,35.0,Single,Full time
CAN,124074742,1.0,1.0,2.0,1.0,8.0,9.0,8.0,Not a religious person,7.0,Male,1952.0,67.0,Married,Retired/pensioned
CAN,124074744,1.0,2.0,1.0,1.0,2.0,7.0,4.0,An atheist,2.0,Male,1944.0,76.0,Living together as married,Retired/pensioned
CAN,124074746,1.0,2.0,2.0,4.0,5.0,8.0,9.0,Not a religious person,5.0,Male,1955.0,65.0,Married,Retired/pensioned
CAN,124074749,1.0,3.0,1.0,2.0,6.0,3.0,2.0,An atheist,6.0,Male,1966.0,54.0,Living together as married,Unemployed
CAN,124074750,3.0,1.0,1.0,4.0,7.0,7.0,6.0,An atheist,7.0,Male,1954.0,66.0,Living together as married,Retired/pensioned
CAN,124074751,1.0,2.0,2.0,2.0,7.0,7.0,9.0,Not a religious person,1.0,Female,1998.0,21.0,Single,Student
CAN,124074752,1.0,3.0,2.0,2.0,6.0,6.0,3.0,Not a religious person,6.0,Male,1974.0,46.0,Married,Unemployed
CAN,124074754,2.0,2.0,2.0,2.0,7.0,7.0,7.0,Not a religious person,6.0,Male,1963.0,57.0,Living together as married,Full time
CAN,124074755,1.0,2.0,2.0,3.0,7.0,6.0,5.0,A religious person,3.0,Female,1971.0,49.0,Married,Part time
CAN,124074756,1.0,1.0,1.0,1.0,8.0,8.0,8.0,Not a religious person,7.0,Female,1972.0,48.0,Living together as married,Part time
CAN,124074757,1.0,2.0,1.0,1.0,7.0,7.0,7.0,An atheist,7.0,Male,1982.0,37.0,Living together as married,Full time
CAN,124074758,1.0,2.0,1.0,4.0,1.0,1.0,3.0,A religious person,5.0,Male,1952.0,68.0,Married,Retired/pensioned
CAN,124074759,1.0,1.0,1.0,2.0,6.0,6.0,5.0,A religious person,7.0,Female,1978.0,41.0,Separated,Full time
CAN,124074760,1.0,1.0,1.0,1.0,8.0,8.0,4.0,Not a religious person,5.0,Male,1966.0,54.0,Living together as married,Full time
CAN,124074761,1.0,1.0,2.0,2.0,8.0,9.0,8.0,An atheist,6.0,Male,1939.0,80.0,Married,Retired/pensioned
CAN,124074762,3.0,3.0,3.0,4.0,4.0,5.0,4.0,Not a religious person,8.0,Male,1950.0,70.0,Single,Retired/pensioned
CAN,124074763,1.0,1.0,1.0,1.0,8.0,8.0,8.0,A religious person,7.0,Female,1983.0,37.0,Married,Full time
CAN,124074764,1.0,2.0,1.0,1.0,8.0,8.0,6.0,A religious person,5.0,Female,1982.0,38.0,Married,Full time
CAN,124074765,1.0,2.0,2.0,2.0,6.0,6.0,6.0,A religious person,7.0,Male,1974.0,46.0,Married,Full time
CAN,124074766,1.0,2.0,2.0,2.0,8.0,6.0,6.0,A religious person,5.0,Female,1982.0,37.0,Married,Homemaker not otherwise employed
CAN,124074768,1.0,1.0,1.0,1.0,10.0,10.0,10.0,A religious person,10.0,Female,1957.0,63.0,Married,Retired/pensioned
CAN,124074771,1.0,2.0,2.0,3.0,9.0,9.0,8.0,Not a religious person,3.0,Male,1945.0,75.0,Married,Retired/pensioned
CAN,124074772,1.0,2.0,1.0,3.0,6.0,7.0,7.0,Not a religious person,5.0,Male,1980.0,40.0,Single,Full time
CAN,124074773,2.0,2.0,2.0,4.0,6.0,6.0,5.0,An atheist,3.0,Female,1950.0,70.0,Divorced,Retired/pensioned
CAN,124074774,1.0,1.0,1.0,4.0,10.0,1.0,5.0,Not a religious person,5.0,Female,1968.0,52.0,Divorced,Other
CAN,124074775,1.0,2.0,1.0,1.0,6.0,6.0,6.0,A religious person,7.0,Female,1979.0,41.0,Married,Full time
CAN,124074776,1.0,1.0,1.0,1.0,10.0,10.0,10.0,Not a religious person,6.0,Male,1977.0,43.0,Married,Full time
CAN,124074778,1.0,2.0,1.0,2.0,8.0,9.0,9.0,A religious person,6.0,Male,1982.0,38.0,Living together as married,Full time
CAN,124074779,1.0,1.0,2.0,2.0,7.0,5.0,6.0,Not a religious person,5.0,Male,1997.0,23.0,Single,Student
CAN,124074781,1.0,1.0,3.0,2.0,7.0,7.0,4.0,Not a religious person,5.0,Female,1983.0,37.0,Living together as married,Homemaker not otherwise employed
CAN,124074782,2.0,1.0,1.0,4.0,9.0,8.0,9.0,Not a religious person,3.0,Male,1962.0,58.0,Married,Retired/pensioned
CAN,124074783,2.0,2.0,2.0,4.0,7.0,9.0,9.0,A religious person,4.0,Male,1958.0,61.0,Living together as married,Retired/pensioned
CAN,124074784,1.0,1.0,2.0,1.0,10.0,9.0,7.0,An atheist,5.0,Male,1955.0,65.0,Single,Full time
CAN,124074785,1.0,1.0,1.0,1.0,5.0,3.0,7.0,A religious person,7.0,Male,1966.0,54.0,Married,Full time
CAN,124074786,1.0,1.0,1.0,2.0,8.0,9.0,9.0,A religious person,7.0,Male,1957.0,62.0,Married,Full time
CAN,124074787,1.0,1.0,2.0,1.0,7.0,5.0,7.0,A religious person,5.0,Female,1936.0,84.0,Widowed,Retired/pensioned
CAN,124074788,3.0,3.0,2.0,1.0,6.0,4.0,4.0,A religious person,4.0,Male,1958.0,62.0,Single,Part time
CAN,124074789,1.0,2.0,2.0,1.0,8.0,9.0,7.0,A religious person,8.0,Male,1984.0,36.0,Divorced,Full time
CAN,124074790,1.0,2.0,1.0,1.0,8.0,8.0,6.0,Not a religious person,8.0,Male,1951.0,69.0,Married,Retired/pensioned
CAN,124074792,1.0,2.0,1.0,2.0,8.0,7.0,6.0,An atheist,7.0,Male,1985.0,35.0,Married,Full time
CAN,124074793,1.0,2.0,1.0,1.0,8.0,7.0,7.0,Not a religious person,6.0,Male,1966.0,54.0,Divorced,Full time
CAN,124074794,1.0,2.0,2.0,4.0,8.0,8.0,10.0,Not a religious person,3.0,Female,1950.0,70.0,Married,Retired/pensioned
CAN,124074796,2.0,1.0,2.0,1.0,7.0,9.0,7.0,A religious person,7.0,Male,1980.0,39.0,Married,Full time
CAN,124074797,2.0,3.0,1.0,3.0,8.0,8.0,8.0,An atheist,3.0,Male,1964.0,56.0,Married,Full time
CAN,124074798,1.0,2.0,2.0,2.0,10.0,10.0,10.0,A religious person,4.0,Female,1965.0,55.0,Married,Full time
CAN,124074800,1.0,2.0,1.0,1.0,9.0,9.0,8.0,A religious person,5.0,Female,1977.0,43.0,Married,Part time
CAN,124074801,1.0,2.0,1.0,2.0,6.0,7.0,7.0,A religious person,8.0,Female,1953.0,67.0,Married,Retired/pensioned
CAN,124074803,1.0,1.0,1.0,2.0,7.0,6.0,8.0,An atheist,3.0,Male,2001.0,18.0,Single,Student
CAN,124074805,1.0,1.0,1.0,1.0,10.0,9.0,9.0,A religious person,8.0,Male,1997.0,22.0,Single,Other
CAN,124074806,3.0,1.0,2.0,1.0,6.0,4.0,4.0,Not a religious person,6.0,Male,1999.0,20.0,Single,Student
CAN,124074807,2.0,1.0,2.0,2.0,8.0,8.0,9.0,Not a religious person,4.0,Female,1955.0,64.0,Widowed,Retired/pensioned
CAN,124074808,1.0,1.0,1.0,2.0,8.0,7.0,9.0,An atheist,7.0,Female,1999.0,21.0,Single,Student
CAN,124074809,1.0,2.0,2.0,1.0,6.0,9.0,5.0,A religious person,5.0,Male,1963.0,57.0,Widowed,Homemaker not otherwise employed
CAN,124074810,1.0,3.0,1.0,2.0,8.0,7.0,6.0,Not a religious person,8.0,Male,1970.0,50.0,Married,Full time
CAN,124074811,1.0,1.0,2.0,1.0,6.0,6.0,6.0,A religious person,5.0,Female,1956.0,63.0,Married,Retired/pensioned
CAN,124074812,1.0,2.0,2.0,2.0,6.0,3.0,3.0,An atheist,6.0,Male,1970.0,49.0,Married,Full time
CAN,124074813,1.0,2.0,2.0,2.0,5.0,7.0,7.0,A religious person,7.0,Male,1970.0,50.0,Single,Full time
CAN,124074814,1.0,2.0,1.0,2.0,8.0,8.0,8.0,Not a religious person,6.0,Male,1969.0,50.0,Married,Full time
CAN,124074815,1.0,1.0,1.0,2.0,8.0,9.0,8.0,Not a religious person,7.0,Male,1970.0,50.0,Married,Full time
CAN,124074816,3.0,2.0,2.0,4.0,8.0,9.0,10.0,Not a religious person,5.0,Male,1944.0,75.0,Single,Retired/pensioned
CAN,124074817,1.0,1.0,1.0,1.0,7.0,6.0,6.0,Not a religious person,6.0,Male,1975.0,45.0,Married,Full time
CAN,124074819,1.0,1.0,1.0,2.0,2.0,8.0,5.0,An atheist,5.0,Female,1978.0,42.0,Widowed,Full time
CAN,124074821,2.0,2.0,1.0,3.0,3.0,5.0,2.0,Not a religious person,2.0,Male,1985.0,35.0,Single,Other
CAN,124074822,1.0,1.0,2.0,3.0,9.0,8.0,8.0,Not a religious person,5.0,Female,1944.0,76.0,Divorced,Retired/pensioned
CAN,124074823,1.0,2.0,1.0,3.0,3.0,3.0,3.0,Not a religious person,5.0,Male,1978.0,41.0,Living together as married,Full time
CAN,124074824,2.0,2.0,2.0,3.0,8.0,3.0,8.0,An atheist,1.0,Male,2000.0,20.0,Single,Student
CAN,124074825,1.0,2.0,1.0,2.0,8.0,8.0,8.0,A religious person,3.0,Male,1955.0,64.0,Married,Retired/pensioned
CAN,124074826,2.0,2.0,2.0,3.0,6.0,8.0,6.0,A religious person,5.0,Male,1956.0,63.0,Single,Retired/pensioned
CAN,124074827,1.0,1.0,2.0,2.0,8.0,10.0,6.0,Not a religious person,5.0,Female,1973.0,47.0,Married,Part time
CAN,124074828,1.0,2.0,1.0,4.0,7.0,7.0,4.0,A religious person,1.0,Female,1951.0,69.0,Married,Retired/pensioned
CAN,124074829,3.0,1.0,2.0,1.0,8.0,9.0,8.0,An atheist,8.0,Male,1984.0,36.0,Single,Part time
CAN,124074831,1.0,2.0,2.0,4.0,10.0,8.0,3.0,Not a religious person,8.0,Female,1973.0,47.0,Married,Full time
CAN,124074832,2.0,1.0,1.0,4.0,8.0,8.0,8.0,An atheist,3.0,Male,1947.0,73.0,Married,Retired/pensioned
CAN,124074833,1.0,1.0,1.0,1.0,8.0,9.0,6.0,An atheist,3.0,Male,1982.0,37.0,Married,Full time
CAN,124074834,1.0,1.0,2.0,2.0,7.0,7.0,7.0,Not a religious person,6.0,Male,1997.0,23.0,Single,Student
CAN,124074835,1.0,2.0,1.0,4.0,8.0,7.0,7.0,An atheist,5.0,Male,1952.0,68.0,Married,Retired/pensioned
CAN,124074836,1.0,1.0,2.0,1.0,6.0,4.0,2.0,Not a religious person,5.0,Male,1971.0,49.0,Married,Full time
CAN,124074838,1.0,2.0,2.0,2.0,3.0,3.0,1.0,An atheist,5.0,Female,1958.0,62.0,Married,Other
CAN,124074839,1.0,2.0,2.0,1.0,10.0,9.0,9.0,Not a religious person,6.0,Male,1970.0,50.0,Married,Full time
CAN,124074840,1.0,1.0,1.0,2.0,8.0,8.0,8.0,An atheist,5.0,Male,1956.0,63.0,Married,Retired/pensioned
CAN,124074841,1.0,1.0,1.0,4.0,10.0,9.0,9.0,Not a religious person,1.0,Male,1956.0,64.0,Married,Retired/pensioned
CAN,124074842,1.0,1.0,1.0,1.0,8.0,8.0,8.0,Not a religious person,9.0,Male,1976.0,44.0,Divorced,Full time
CAN,124074843,1.0,1.0,1.0,1.0,10.0,9.0,7.0,A religious person,7.0,Female,1984.0,35.0,Married,Self employed
CAN,124074845,1.0,3.0,1.0,1.0,8.0,6.0,3.0,Not a religious person,5.0,Female,1955.0,65.0,Married,Full time
CAN,124074846,2.0,2.0,2.0,3.0,6.0,7.0,7.0,Not a religious person,9.0,Male,1955.0,65.0,Married,Retired/pensioned
CAN,124074847,1.0,2.0,1.0,3.0,9.0,9.0,3.0,A religious person,5.0,Female,1977.0,43.0,Living together as married,Part time
CAN,124074849,1.0,1.0,1.0,2.0,8.0,7.0,6.0,An atheist,3.0,Female,1954.0,66.0,Married,Part time
CAN,124074850,1.0,2.0,2.0,1.0,7.0,7.0,6.0,A religious person,6.0,Male,1969.0,50.0,Married,Full time
CAN,124074852,1.0,2.0,2.0,4.0,8.0,8.0,3.0,An atheist,8.0,Male,1952.0,68.0,Married,Retired/pensioned
CAN,124074853,1.0,2.0,1.0,3.0,9.0,9.0,10.0,A religious person,7.0,Male,1949.0,71.0,Married,Retired/pensioned
CAN,124074854,1.0,1.0,1.0,3.0,7.0,6.0,9.0,Not a religious person,3.0,Female,1998.0,22.0,Single,Part time
CAN,124074856,1.0,2.0,2.0,1.0,8.0,6.0,7.0,A religious person,5.0,Male,1962.0,59.0,Single,Full time
CAN,124074858,1.0,1.0,1.0,2.0,5.0,4.0,7.0,Not a religious person,5.0,Male,1996.0,25.0,Married,Unemployed
CAN,124074859,1.0,2.0,2.0,4.0,9.0,9.0,10.0,Not a religious person,8.0,Male,1951.0,68.0,Married,Retired/pensioned
CAN,124074860,1.0,2.0,2.0,2.0,7.0,6.0,6.0,A religious person,6.0,Male,1998.0,22.0,Single,Student
CAN,124074861,1.0,2.0,2.0,1.0,8.0,8.0,5.0,Not a religious person,8.0,Male,1967.0,53.0,Living together as married,Full time
CAN,124074862,1.0,1.0,1.0,1.0,8.0,9.0,3.0,Not a religious person,8.0,Male,1996.0,23.0,Single,Full time
CAN,124074863,1.0,1.0,2.0,1.0,10.0,7.0,5.0,A religious person,5.0,Female,1981.0,39.0,Living together as married,Full time
CAN,124074865,1.0,1.0,1.0,1.0,10.0,10.0,10.0,A religious person,10.0,Male,1974.0,46.0,Separated,Full time
CAN,124074866,1.0,1.0,2.0,3.0,7.0,5.0,7.0,Not a religious person,5.0,Female,1938.0,81.0,Married,Retired/pensioned
CAN,124074867,2.0,2.0,2.0,4.0,8.0,8.0,8.0,A religious person,5.0,Male,1950.0,70.0,Married,Retired/pensioned
CAN,124074868,2.0,1.0,2.0,2.0,7.0,7.0,6.0,Not a religious person,7.0,Male,1996.0,24.0,Single,Student
CAN,124074869,1.0,1.0,1.0,1.0,10.0,10.0,10.0,A religious person,5.0,Female,1956.0,64.0,Divorced,Retired/pensioned
CAN,124074870,1.0,2.0,1.0,2.0,6.0,8.0,10.0,A religious person,6.0,Male,2001.0,19.0,Single,Student
CAN,124074871,1.0,1.0,1.0,1.0,6.0,6.0,4.0,Not a religious person,4.0,Male,1996.0,23.0,Single,Full time
CAN,124074872,2.0,2.0,1.0,2.0,9.0,9.0,10.0,An atheist,8.0,Male,1985.0,35.0,Married,Full time
CAN,124074873,1.0,1.0,1.0,2.0,5.0,7.0,6.0,Not a religious person,2.0,Female,1954.0,65.0,Single,Unemployed
CAN,124074874,1.0,2.0,2.0,2.0,7.0,7.0,7.0,Not a religious person,8.0,Male,1967.0,53.0,Single,Full time
CAN,124074875,1.0,2.0,1.0,1.0,8.0,7.0,6.0,An atheist,5.0,Male,1974.0,46.0,Married,Full time
CAN,124074876,1.0,1.0,1.0,4.0,9.0,9.0,9.0,Not a religious person,7.0,Male,1961.0,58.0,Married,Retired/pensioned
CAN,124074878,2.0,2.0,2.0,2.0,5.0,5.0,3.0,An atheist,3.0,Female,1965.0,54.0,Married,Full time
CAN,124074879,1.0,3.0,1.0,4.0,9.0,8.0,10.0,Not a religious person,7.0,Male,1950.0,70.0,Divorced,Retired/pensioned
CAN,124074880,1.0,2.0,4.0,4.0,9.0,9.0,8.0,A religious person,5.0,Male,1941.0,78.0,Married,Retired/pensioned
CAN,124074881,1.0,1.0,1.0,1.0,10.0,10.0,10.0,A religious person,6.0,Female,1963.0,56.0,Married,Full time
CAN,124074882,1.0,1.0,2.0,2.0,3.0,6.0,8.0,A religious person,7.0,Male,1966.0,54.0,Separated,Full time
CAN,124074884,1.0,2.0,2.0,1.0,9.0,9.0,10.0,A religious person,4.0,Male,1944.0,76.0,Married,Retired/pensioned
CAN,124074885,1.0,1.0,1.0,2.0,9.0,9.0,8.0,Not a religious person,5.0,Male,1980.0,40.0,Married,Full time
CAN,124074886,1.0,1.0,1.0,1.0,8.0,8.0,5.0,Not a religious person,5.0,Male,1976.0,44.0,Married,Part time
CAN,124074889,1.0,2.0,1.0,1.0,7.0,7.0,6.0,An atheist,3.0,Male,1970.0,49.0,Married,Full time
CAN,124074891,1.0,1.0,1.0,4.0,7.0,8.0,8.0,Not a religious person,6.0,Male,1969.0,51.0,Single,Retired/pensioned
CAN,124074892,1.0,1.0,1.0,2.0,7.0,7.0,5.0,Not a religious person,5.0,Male,1958.0,62.0,Married,Retired/pensioned
CAN,124074893,1.0,2.0,1.0,1.0,9.0,9.0,7.0,A religious person,9.0,Male,1981.0,39.0,Married,Full time
CAN,124074894,1.0,1.0,1.0,1.0,8.0,10.0,9.0,A religious person,5.0,Male,1988.0,32.0,Married,Full time
CAN,124074895,1.0,2.0,1.0,2.0,8.0,8.0,9.0,A religious person,10.0,Male,1977.0,43.0,Single,Full time
CAN,124074896,1.0,2.0,2.0,4.0,8.0,8.0,9.0,Not a religious person,3.0,Male,1953.0,67.0,Widowed,Retired/pensioned
CAN,124074897,1.0,2.0,2.0,1.0,6.0,8.0,7.0,Not a religious person,6.0,Female,1997.0,23.0,Living together as married,Full time
CAN,124074898,2.0,2.0,1.0,1.0,6.0,4.0,3.0,Not a religious person,3.0,Male,1975.0,45.0,Single,Full time
CAN,124074899,1.0,1.0,2.0,2.0,7.0,9.0,7.0,A religious person,5.0,Female,1959.0,60.0,Married,Retired/pensioned
CAN,124074900,1.0,1.0,1.0,2.0,7.0,8.0,8.0,Not a religious person,5.0,Female,1997.0,22.0,Single,Student
CAN,124074901,1.0,1.0,1.0,2.0,6.0,5.0,4.0,A religious person,4.0,Male,2001.0,19.0,Living together as married,Student
CAN,124074902,1.0,3.0,1.0,4.0,4.0,2.0,3.0,Not a religious person,10.0,Male,1976.0,43.0,Single,Full time
CAN,124074903,1.0,1.0,2.0,3.0,10.0,8.0,8.0,Not a religious person,3.0,Female,1972.0,48.0,Married,Homemaker not otherwise employed
CAN,124074904,1.0,1.0,1.0,4.0,9.0,7.0,8.0,Not a religious person,5.0,Male,1961.0,59.0,Single,Retired/pensioned
CAN,124074905,1.0,1.0,2.0,2.0,10.0,9.0,10.0,Not a religious person,7.0,Male,1961.0,58.0,Married,Self employed
CAN,124074906,1.0,2.0,2.0,2.0,9.0,10.0,10.0,A religious person,10.0,Male,1938.0,82.0,Married,Retired/pensioned
CAN,124074907,1.0,2.0,2.0,1.0,5.0,5.0,5.0,An atheist,5.0,Male,2001.0,18.0,Single,Student
CAN,124074908,2.0,1.0,2.0,2.0,8.0,7.0,7.0,An atheist,3.0,Male,1982.0,38.0,Living together as married,Full time
CAN,124074909,1.0,1.0,1.0,1.0,8.0,9.0,5.0,A religious person,5.0,Female,1967.0,53.0,Married,Other
CAN,124074910,1.0,2.0,1.0,4.0,9.0,8.0,10.0,Not a religious person,9.0,Male,1961.0,59.0,Living together as married,Retired/pensioned
CAN,124074911,1.0,1.0,1.0,2.0,10.0,10.0,10.0,A religious person,10.0,Female,1985.0,35.0,Single,Full time
CAN,124074912,1.0,1.0,1.0,1.0,10.0,10.0,8.0,An atheist,6.0,Male,1992.0,28.0,Living together as married,Full time
CAN,124074913,1.0,1.0,1.0,2.0,8.0,8.0,7.0,Not a religious person,5.0,Female,1999.0,21.0,Single,Student
CAN,124074914,1.0,1.0,1.0,2.0,6.0,4.0,8.0,Not a religious person,5.0,Male,1998.0,22.0,Single,Student
CAN,124074915,2.0,2.0,2.0,2.0,8.0,8.0,8.0,An atheist,5.0,Male,1981.0,39.0,Divorced,Full time
CAN,124074916,1.0,2.0,1.0,2.0,6.0,8.0,7.0,An atheist,8.0,Male,1976.0,44.0,Married,Full time
CAN,124074917,1.0,1.0,1.0,1.0,10.0,7.0,1.0,A religious person,8.0,Male,1985.0,35.0,Single,Full time
CAN,124074918,1.0,1.0,1.0,2.0,10.0,9.0,10.0,A religious person,10.0,Female,1959.0,61.0,Married,Retired/pensioned
CAN,124074919,1.0,1.0,1.0,4.0,8.0,3.0,8.0,A religious person,9.0,Male,1967.0,52.0,Married,Retired/pensioned
CAN,124074920,1.0,1.0,1.0,3.0,6.0,5.0,5.0,Not a religious person,5.0,Male,1984.0,35.0,Living together as married,Unemployed
CAN,124074921,1.0,1.0,2.0,4.0,9.0,6.0,4.0,An atheist,3.0,Male,1956.0,64.0,Married,Retired/pensioned
CAN,124074922,1.0,2.0,2.0,1.0,9.0,9.0,10.0,An atheist,2.0,Male,1960.0,60.0,Married,Full time
CAN,124074923,2.0,2.0,3.0,1.0,9.0,4.0,6.0,Not a religious person,7.0,Female,1969.0,50.0,Single,Full time
CAN,124074924,2.0,2.0,2.0,3.0,9.0,9.0,8.0,An atheist,8.0,Male,1951.0,68.0,Married,Part time
CAN,124074925,1.0,2.0,1.0,2.0,10.0,8.0,10.0,An atheist,4.0,Male,1973.0,47.0,Divorced,Full time
CAN,124074926,1.0,1.0,1.0,1.0,8.0,8.0,8.0,Not a religious person,6.0,Female,1955.0,65.0,Married,Retired/pensioned
CAN,124074927,1.0,1.0,2.0,2.0,4.0,7.0,6.0,Not a religious person,9.0,Male,1966.0,54.0,Married,Full time
CAN,124074928,1.0,1.0,1.0,2.0,8.0,8.0,8.0,Not a religious person,3.0,Male,1979.0,40.0,Married,Full time
CAN,124074929,2.0,2.0,2.0,2.0,7.0,8.0,7.0,A religious person,6.0,Male,1972.0,48.0,Married,Homemaker not otherwise employed
CAN,124074930,1.0,2.0,1.0,1.0,10.0,8.0,7.0,Not a religious person,5.0,Male,1958.0,62.0,Separated,Full time
CAN,124074931,1.0,2.0,1.0,2.0,8.0,8.0,7.0,Not a religious person,6.0,Female,1961.0,59.0,Married,Retired/pensioned
CAN,124074932,1.0,2.0,1.0,1.0,5.0,5.0,5.0,A religious person,5.0,Male,1964.0,55.0,Separated,Part time
CAN,124074933,3.0,2.0,2.0,2.0,6.0,3.0,1.0,Not a religious person,5.0,Male,1961.0,59.0,Single,Retired/pensioned
CAN,124074934,1.0,3.0,1.0,2.0,6.0,4.0,3.0,Not a religious person,3.0,Female,1963.0,57.0,Divorced,Full time
CAN,124074935,1.0,2.0,2.0,2.0,9.0,7.0,6.0,A religious person,6.0,Male,1975.0,44.0,Living together as married,Unemployed
CAN,124074936,1.0,3.0,2.0,1.0,8.0,9.0,7.0,A religious person,4.0,Male,1969.0,50.0,Married,Full time
CAN,124074937,1.0,1.0,1.0,2.0,8.0,7.0,9.0,Not a religious person,3.0,Female,1949.0,41.0,Married,Homemaker not otherwise employed
CAN,124074938,3.0,1.0,2.0,3.0,9.0,9.0,9.0,Not a religious person,2.0,Male,1959.0,61.0,Single,Part time
CAN,124074940,1.0,1.0,1.0,3.0,8.0,8.0,6.0,Not a religious person,3.0,Female,1963.0,57.0,Married,Retired/pensioned
CAN,124074942,1.0,2.0,2.0,1.0,6.0,6.0,1.0,An atheist,4.0,Male,1980.0,39.0,Living together as married,Full time
CAN,124074943,2.0,1.0,2.0,2.0,5.0,3.0,5.0,A religious person,4.0,Female,1968.0,51.0,Single,Other
CAN,124074945,1.0,1.0,2.0,2.0,8.0,8.0,7.0,A religious person,6.0,Female,1948.0,72.0,Married,Retired/pensioned
CAN,124074946,1.0,1.0,2.0,3.0,7.0,8.0,6.0,A religious person,8.0,Male,1942.0,78.0,Married,Retired/pensioned
CAN,124074947,2.0,2.0,2.0,1.0,7.0,5.0,8.0,Not a religious person,5.0,Female,1961.0,59.0,Married,Part time
CAN,124074949,1.0,3.0,1.0,4.0,7.0,7.0,7.0,A religious person,3.0,Female,1963.0,56.0,Married,Full time
CAN,124074951,1.0,1.0,2.0,2.0,10.0,8.0,8.0,A religious person,3.0,Male,1940.0,80.0,Married,Retired/pensioned
CAN,124074952,1.0,2.0,2.0,2.0,7.0,7.0,6.0,A religious person,6.0,Male,1982.0,38.0,Married,Full time
CAN,124074953,1.0,1.0,1.0,3.0,7.0,8.0,5.0,Not a religious person,8.0,Male,1960.0,60.0,Married,Retired/pensioned
CAN,124074954,1.0,1.0,1.0,2.0,7.0,2.0,7.0,Not a religious person,6.0,Male,1968.0,52.0,Married,Full time
CAN,124074956,1.0,1.0,1.0,1.0,8.0,7.0,5.0,A religious person,1.0,Male,1969.0,51.0,Married,Other
CAN,124074957,1.0,2.0,2.0,2.0,6.0,7.0,6.0,Not a religious person,5.0,Male,1970.0,50.0,Married,Part time
CAN,124074959,2.0,2.0,2.0,2.0,9.0,9.0,9.0,An atheist,1.0,Female,1955.0,65.0,Married,Retired/pensioned
CAN,124074960,1.0,1.0,2.0,1.0,10.0,9.0,10.0,Not a religious person,7.0,Male,1950.0,69.0,Divorced,Retired/pensioned
CAN,124074961,1.0,3.0,1.0,2.0,3.0,2.0,6.0,Not a religious person,1.0,Female,2000.0,20.0,Single,Student
CAN,124074962,1.0,3.0,1.0,1.0,8.0,8.0,9.0,Not a religious person,5.0,Female,1976.0,44.0,Living together as married,Full time
CAN,124074965,1.0,2.0,1.0,4.0,7.0,8.0,8.0,An atheist,3.0,Male,1954.0,65.0,Married,Retired/pensioned
CAN,124074966,1.0,1.0,1.0,1.0,7.0,4.0,4.0,An atheist,7.0,Female,2001.0,18.0,Married,Student
CAN,124074967,1.0,1.0,2.0,2.0,7.0,7.0,7.0,A religious person,7.0,Female,1984.0,36.0,Single,Full time
CAN,124074969,1.0,1.0,1.0,2.0,6.0,7.0,5.0,An atheist,2.0,Female,1984.0,35.0,Single,Full time
CAN,124074970,1.0,1.0,2.0,2.0,9.0,8.0,7.0,An atheist,3.0,Male,1965.0,54.0,Married,Full time
CAN,124074972,1.0,2.0,1.0,2.0,8.0,7.0,7.0,A religious person,6.0,Female,1975.0,45.0,Married,Student
CAN,124074973,1.0,3.0,1.0,2.0,5.0,5.0,5.0,Not a religious person,5.0,Female,1996.0,24.0,Single,Unemployed
CAN,124074974,1.0,3.0,1.0,4.0,6.0,8.0,6.0,An atheist,1.0,Female,1979.0,41.0,Single,Unemployed
CAN,124074975,2.0,2.0,1.0,3.0,9.0,9.0,10.0,Not a religious person,4.0,Male,1962.0,58.0,Single,Retired/pensioned
CAN,124074976,2.0,1.0,2.0,1.0,5.0,8.0,5.0,A religious person,5.0,Male,1957.0,62.0,Living together as married,Retired/pensioned
CAN,124074977,1.0,2.0,2.0,1.0,5.0,6.0,6.0,Not a religious person,5.0,Female,1981.0,38.0,Single,Full time
CAN,124074979,2.0,1.0,1.0,4.0,9.0,10.0,10.0,Not a religious person,1.0,Female,1949.0,71.0,Living together as married,Retired/pensioned
CAN,124074980,1.0,1.0,2.0,1.0,6.0,5.0,6.0,Not a religious person,5.0,Male,1960.0,60.0,Married,Retired/pensioned
CAN,124074981,1.0,2.0,2.0,2.0,7.0,9.0,9.0,A religious person,10.0,Male,1967.0,53.0,Married,Full time
CAN,124074982,1.0,2.0,2.0,1.0,8.0,7.0,6.0,A religious person,5.0,Male,1966.0,53.0,Living together as married,Part time
CAN,124074983,2.0,2.0,1.0,2.0,7.0,6.0,6.0,An atheist,1.0,Female,2001.0,19.0,Single,Student
CAN,124074984,2.0,2.0,1.0,2.0,7.0,8.0,7.0,Not a religious person,6.0,Male,1959.0,61.0,Married,Retired/pensioned
CAN,124074986,2.0,2.0,2.0,3.0,9.0,9.0,10.0,An atheist,5.0,Female,1958.0,62.0,Married,Retired/pensioned
CAN,124074988,1.0,1.0,1.0,1.0,8.0,7.0,7.0,A religious person,7.0,Male,1977.0,43.0,Married,Full time
CAN,124074990,1.0,2.0,2.0,3.0,5.0,8.0,8.0,Not a religious person,3.0,Male,1946.0,74.0,Married,Retired/pensioned
CAN,124074991,1.0,1.0,1.0,1.0,8.0,8.0,7.0,A religious person,5.0,Female,1955.0,65.0,Married,Retired/pensioned
CAN,124074992,1.0,1.0,1.0,1.0,7.0,7.0,7.0,Not a religious person,6.0,Male,2002.0,18.0,Married,Full time
CAN,124074993,1.0,1.0,2.0,1.0,6.0,9.0,5.0,A religious person,3.0,Male,1973.0,47.0,Single,Part time
CAN,124074994,1.0,1.0,2.0,2.0,9.0,10.0,8.0,Not a religious person,5.0,Female,1998.0,22.0,Living together as married,Full time
CAN,124074995,1.0,2.0,1.0,2.0,5.0,7.0,8.0,A religious person,5.0,Female,1968.0,51.0,Married,Full time
CAN,124074996,1.0,3.0,2.0,2.0,8.0,6.0,7.0,A religious person,7.0,Male,1957.0,63.0,Married,Unemployed
CAN,124074997,2.0,2.0,2.0,2.0,6.0,7.0,6.0,A religious person,7.0,Male,1970.0,50.0,Living together as married,Full time
CAN,124074998,1.0,1.0,1.0,2.0,8.0,8.0,7.0,Not a religious person,3.0,Male,1966.0,54.0,Married,Self employed
CAN,124075000,1.0,3.0,2.0,3.0,7.0,7.0,7.0,An atheist,7.0,Male,1956.0,64.0,Married,Part time
CAN,124075001,4.0,4.0,4.0,3.0,1.0,2.0,2.0,Not a religious person,5.0,Male,1975.0,44.0,Single,Other
CAN,124075002,1.0,1.0,1.0,1.0,8.0,8.0,8.0,Not a religious person,6.0,Male,1962.0,58.0,Married,Self employed
CAN,124075003,2.0,2.0,2.0,4.0,7.0,8.0,7.0,A religious person,5.0,Female,1952.0,68.0,Divorced,Retired/pensioned
CAN,124075004,2.0,1.0,1.0,2.0,6.0,2.0,3.0,Not a religious person,7.0,Female,1970.0,50.0,Separated,Homemaker not otherwise employed
CAN,124075005,1.0,3.0,2.0,2.0,9.0,9.0,9.0,A religious person,9.0,Male,1947.0,72.0,Married,Retired/pensioned
CAN,124075006,1.0,2.0,1.0,3.0,8.0,8.0,8.0,Not a religious person,6.0,Male,1958.0,62.0,Married,Retired/pensioned
CAN,124075008,2.0,2.0,1.0,1.0,8.0,9.0,9.0,Not a religious person,4.0,Male,1944.0,76.0,Married,Self employed
CAN,124075010,1.0,1.0,1.0,2.0,9.0,6.0,5.0,Not a religious person,5.0,Female,1979.0,41.0,Divorced,Student
CAN,124075012,1.0,2.0,1.0,2.0,7.0,9.0,7.0,Not a religious person,3.0,Male,1974.0,46.0,Living together as married,Full time
CAN,124075013,1.0,2.0,2.0,4.0,8.0,7.0,8.0,Not a religious person,6.0,Female,1955.0,64.0,Married,Retired/pensioned
CAN,124075014,2.0,2.0,2.0,3.0,8.0,9.0,6.0,Not a religious person,7.0,Male,1979.0,41.0,Living together as married,Full time
CAN,124075016,2.0,2.0,2.0,3.0,7.0,6.0,4.0,An atheist,3.0,Female,1985.0,35.0,Married,Homemaker not otherwise employed
CAN,124075017,1.0,1.0,1.0,1.0,9.0,8.0,4.0,A religious person,3.0,Female,1968.0,51.0,Living together as married,Full time
CAN,124075018,1.0,2.0,1.0,2.0,5.0,8.0,4.0,A religious person,5.0,Female,1967.0,53.0,Married,Full time
CAN,124075019,1.0,2.0,1.0,3.0,6.0,4.0,6.0,An atheist,5.0,Male,1955.0,65.0,Divorced,Full time
CAN,124075021,1.0,2.0,2.0,2.0,10.0,9.0,6.0,A religious person,9.0,Female,1966.0,54.0,Separated,Part time
CAN,124075022,1.0,2.0,1.0,3.0,10.0,9.0,8.0,A religious person,10.0,Female,1976.0,43.0,Married,Homemaker not otherwise employed
CAN,124075023,1.0,1.0,1.0,2.0,7.0,6.0,7.0,A religious person,6.0,Male,1966.0,53.0,Married,Full time
CAN,124075024,1.0,4.0,2.0,2.0,10.0,7.0,6.0,An atheist,7.0,Male,1978.0,41.0,Living together as married,Full time
CAN,124075025,1.0,1.0,1.0,1.0,5.0,5.0,8.0,Not a religious person,4.0,Female,2002.0,18.0,Single,Part time
CAN,124075026,3.0,2.0,1.0,1.0,8.0,8.0,10.0,An atheist,5.0,Female,1941.0,78.0,Single,Retired/pensioned
CAN,124075027,2.0,2.0,2.0,2.0,5.0,5.0,5.0,Not a religious person,4.0,Male,1985.0,35.0,Single,Full time
CAN,124075028,1.0,2.0,2.0,2.0,6.0,6.0,1.0,A religious person,6.0,Female,1964.0,55.0,Married,Unemployed
CAN,124075029,1.0,2.0,2.0,4.0,5.0,4.0,6.0,Not a religious person,4.0,Male,1950.0,70.0,Married,Retired/pensioned
CAN,124075030,1.0,2.0,1.0,1.0,6.0,4.0,3.0,Not a religious person,4.0,Male,1998.0,22.0,Single,Full time
CAN,124075032,1.0,2.0,3.0,2.0,8.0,7.0,7.0,Not a religious person,7.0,Female,1960.0,60.0,Married,Part time
CAN,124075033,2.0,2.0,2.0,2.0,8.0,6.0,6.0,Not a religious person,7.0,Male,1970.0,50.0,Single,Full time
CAN,124075035,1.0,2.0,1.0,1.0,9.0,2.0,2.0,A religious person,6.0,Male,1964.0,56.0,Single,Part time
CAN,124075036,2.0,1.0,2.0,2.0,8.0,8.0,7.0,Not a religious person,3.0,Female,1999.0,21.0,Single,Student
CAN,124075038,1.0,2.0,2.0,2.0,7.0,7.0,5.0,Not a religious person,5.0,Male,1965.0,55.0,Single,Full time
CAN,124075039,1.0,1.0,1.0,2.0,7.0,7.0,7.0,A religious person,5.0,Male,1961.0,59.0,Married,Full time
CAN,124075040,1.0,1.0,1.0,2.0,8.0,8.0,7.0,Not a religious person,5.0,Male,1982.0,37.0,Married,Full time
CAN,124075041,1.0,1.0,1.0,1.0,6.0,2.0,2.0,A religious person,5.0,Male,1969.0,51.0,Separated,Part time
CAN,124075042,1.0,1.0,1.0,1.0,5.0,5.0,5.0,A religious person,5.0,Male,1997.0,23.0,Single,Student
CAN,124075043,2.0,1.0,1.0,2.0,8.0,7.0,4.0,An atheist,3.0,Female,1980.0,40.0,Single,Full time
CAN,124075044,1.0,1.0,2.0,1.0,8.0,8.0,8.0,A religious person,5.0,Male,1985.0,35.0,Married,Unemployed
CAN,124075045,1.0,1.0,1.0,2.0,9.0,9.0,10.0,Not a religious person,2.0,Female,1967.0,53.0,Married,Full time
CAN,124075046,3.0,3.0,2.0,2.0,9.0,5.0,4.0,An atheist,4.0,Male,1980.0,40.0,Married,Student
CAN,124075047,1.0,1.0,1.0,1.0,2.0,8.0,7.0,A religious person,3.0,Male,1976.0,44.0,Married,Full time
CAN,124075049,2.0,2.0,3.0,1.0,10.0,9.0,7.0,Not a religious person,3.0,Male,1970.0,49.0,Married,Full time
CAN,124075050,1.0,3.0,2.0,2.0,7.0,4.0,3.0,A religious person,5.0,Female,1980.0,40.0,Married,Part time
CAN,124075051,2.0,2.0,1.0,1.0,6.0,4.0,6.0,A religious person,5.0,Female,1995.0,25.0,Single,Student
CAN,124075052,1.0,1.0,1.0,3.0,8.0,8.0,7.0,An atheist,3.0,Male,1980.0,39.0,Married,Full time
CAN,124075053,1.0,3.0,1.0,4.0,8.0,7.0,8.0,Not a religious person,3.0,Male,1948.0,72.0,Separated,Retired/pensioned
CAN,124075055,1.0,1.0,1.0,1.0,9.0,9.0,6.0,An atheist,3.0,Female,1970.0,50.0,Married,Self employed
CAN,124075056,1.0,3.0,2.0,4.0,6.0,7.0,7.0,An atheist,8.0,Male,1967.0,53.0,Married,Homemaker not otherwise employed
CAN,124075057,1.0,1.0,1.0,2.0,8.0,8.0,5.0,A religious person,5.0,Female,1997.0,23.0,Single,Full time
CAN,124075058,2.0,1.0,1.0,2.0,7.0,6.0,9.0,An atheist,3.0,Female,1996.0,24.0,Single,Part time
CAN,124075059,1.0,3.0,1.0,2.0,5.0,5.0,6.0,A religious person,5.0,Male,1979.0,41.0,Married,Full time
CAN,124075060,2.0,3.0,2.0,2.0,5.0,5.0,5.0,An atheist,5.0,Female,1970.0,49.0,Living together as married,Part time
CAN,124075061,2.0,2.0,2.0,2.0,7.0,6.0,3.0,A religious person,8.0,Female,1972.0,48.0,Single,Part time
CAN,124075062,1.0,2.0,1.0,2.0,7.0,6.0,9.0,A religious person,8.0,Male,1992.0,28.0,Divorced,Part time
CAN,124075063,1.0,2.0,2.0,2.0,8.0,7.0,6.0,A religious person,8.0,Male,1942.0,78.0,Widowed,Retired/pensioned
CAN,124075064,1.0,2.0,1.0,2.0,8.0,8.0,8.0,Not a religious person,5.0,Female,1983.0,37.0,Living together as married,Part time
CAN,124075065,2.0,2.0,1.0,2.0,7.0,7.0,5.0,Not a religious person,4.0,Male,1999.0,21.0,Single,Student
CAN,124075066,1.0,2.0,2.0,3.0,5.0,5.0,1.0,A religious person,5.0,Female,1974.0,46.0,Divorced,Part time
CAN,124075067,3.0,2.0,2.0,3.0,7.0,4.0,3.0,An atheist,3.0,Male,1999.0,20.0,Single,Student
CAN,124075072,2.0,2.0,2.0,2.0,8.0,8.0,10.0,Not a religious person,8.0,Male,1984.0,36.0,Married,Full time
CAN,124075073,1.0,1.0,1.0,1.0,9.0,8.0,8.0,An atheist,2.0,Female,1972.0,48.0,Married,Full time
CAN,124075074,1.0,1.0,2.0,1.0,7.0,9.0,7.0,A religious person,5.0,Male,1993.0,27.0,Married,Full time
CAN,124075075,1.0,1.0,2.0,4.0,7.0,8.0,7.0,Not a religious person,2.0,Male,1943.0,76.0,Living together as married,Retired/pensioned
CAN,124075076,2.0,2.0,1.0,2.0,9.0,7.0,6.0,Not a religious person,4.0,Male,1983.0,37.0,Single,Full time
CAN,124075077,2.0,2.0,1.0,1.0,6.0,6.0,5.0,A religious person,5.0,Male,1972.0,48.0,Married,Full time
CAN,124075078,2.0,1.0,1.0,2.0,8.0,8.0,7.0,Not a religious person,6.0,Male,1972.0,48.0,Married,Full time
CAN,124075079,1.0,2.0,2.0,2.0,7.0,6.0,7.0,Not a religious person,3.0,Female,1980.0,40.0,Single,Full time
CAN,124075080,1.0,1.0,1.0,1.0,9.0,9.0,7.0,Not a religious person,8.0,Male,1976.0,44.0,Married,Full time
CAN,124075081,1.0,2.0,1.0,2.0,9.0,7.0,7.0,An atheist,8.0,Male,1980.0,40.0,Married,Full time
CAN,124075082,1.0,3.0,3.0,2.0,5.0,7.0,4.0,Not a religious person,8.0,Male,1983.0,37.0,Widowed,Part time
CAN,124075083,1.0,1.0,1.0,2.0,7.0,8.0,9.0,A religious person,3.0,Female,1960.0,60.0,Married,Full time
CAN,124075085,1.0,2.0,3.0,4.0,8.0,5.0,5.0,Not a religious person,5.0,Male,1956.0,64.0,Married,Retired/pensioned
CAN,124075086,1.0,1.0,2.0,2.0,10.0,9.0,7.0,Not a religious person,6.0,Female,1981.0,39.0,Single,Self employed
CAN,124075087,1.0,1.0,1.0,1.0,8.0,8.0,6.0,A religious person,6.0,Male,1954.0,66.0,Married,Full time
CAN,124075089,1.0,2.0,2.0,3.0,7.0,8.0,7.0,Not a religious person,7.0,Male,1971.0,49.0,Married,Full time
CAN,124075090,2.0,4.0,3.0,4.0,5.0,4.0,7.0,An atheist,1.0,Female,1997.0,23.0,Living together as married,Student
CAN,124075091,1.0,2.0,2.0,3.0,7.0,7.0,7.0,An atheist,3.0,Male,1962.0,58.0,Living together as married,Retired/pensioned
CAN,124075092,1.0,1.0,1.0,3.0,9.0,8.0,9.0,An atheist,4.0,Male,1950.0,70.0,Living together as married,Retired/pensioned
CAN,124075093,1.0,1.0,2.0,2.0,8.0,8.0,8.0,A religious person,5.0,Female,1964.0,56.0,Married,Part time
CAN,124075094,3.0,4.0,2.0,2.0,8.0,2.0,2.0,An atheist,3.0,Male,1972.0,48.0,Single,Unemployed
CAN,124075095,1.0,2.0,3.0,2.0,7.0,6.0,5.0,Not a religious person,4.0,Male,1978.0,42.0,Living together as married,Other
CAN,124075096,1.0,1.0,1.0,2.0,7.0,7.0,7.0,Not a religious person,1.0,Female,1969.0,51.0,Divorced,Full time
CAN,124075097,1.0,2.0,1.0,1.0,8.0,7.0,6.0,Not a religious person,5.0,Female,1977.0,43.0,Married,Full time
CAN,124075100,1.0,3.0,2.0,1.0,8.0,7.0,7.0,A religious person,5.0,Male,1972.0,48.0,Married,Full time
CAN,124075101,1.0,2.0,1.0,1.0,9.0,8.0,7.0,A religious person,7.0,Male,1976.0,44.0,Married,Full time
CAN,124075102,1.0,1.0,1.0,3.0,6.0,5.0,5.0,Not a religious person,3.0,Female,1997.0,22.0,Single,Student
CAN,124075103,1.0,2.0,1.0,2.0,9.0,9.0,10.0,Not a religious person,8.0,Male,1980.0,40.0,Divorced,Full time
CAN,124075104,2.0,3.0,2.0,2.0,8.0,6.0,2.0,Not a religious person,4.0,Male,1956.0,64.0,Divorced,Other
CAN,124075105,1.0,1.0,1.0,1.0,8.0,9.0,8.0,A religious person,7.0,Male,1980.0,40.0,Married,Full time
CAN,124075106,1.0,3.0,2.0,3.0,7.0,8.0,7.0,A religious person,7.0,Female,1945.0,74.0,Married,Retired/pensioned
CAN,124075107,1.0,1.0,2.0,1.0,7.0,7.0,7.0,An atheist,8.0,Male,1956.0,64.0,Married,Part time
CAN,124075108,1.0,2.0,1.0,2.0,8.0,9.0,9.0,Not a religious person,3.0,Male,1969.0,51.0,Married,Full time
CAN,124075109,1.0,1.0,1.0,1.0,10.0,9.0,8.0,A religious person,5.0,Male,1968.0,52.0,Married,Full time
CAN,124075110,1.0,2.0,1.0,2.0,8.0,9.0,9.0,A religious person,7.0,Male,1954.0,66.0,Married,Retired/pensioned
CAN,124075111,1.0,2.0,2.0,1.0,8.0,7.0,3.0,An atheist,6.0,Male,1975.0,45.0,Married,Full time
CAN,124075112,1.0,3.0,2.0,4.0,5.0,7.0,7.0,An atheist,9.0,Male,1940.0,80.0,Married,Retired/pensioned
CAN,124075113,2.0,1.0,1.0,2.0,8.0,9.0,8.0,Not a religious person,3.0,Male,1967.0,52.0,Married,Self employed
CAN,124075114,1.0,2.0,1.0,1.0,7.0,8.0,4.0,A religious person,8.0,Male,1962.0,57.0,Married,Unemployed
CAN,124075115,1.0,3.0,2.0,1.0,6.0,3.0,1.0,An atheist,3.0,Female,1978.0,42.0,Living together as married,Full time
CAN,124075116,1.0,2.0,2.0,2.0,8.0,8.0,8.0,A religious person,4.0,Male,1955.0,65.0,Married,Retired/pensioned
CAN,124075117,1.0,1.0,1.0,1.0,7.0,6.0,3.0,A religious person,1.0,Male,1944.0,76.0,Married,Part time
CAN,124075118,1.0,1.0,1.0,2.0,9.0,8.0,8.0,A religious person,4.0,Male,1957.0,63.0,Married,Retired/pensioned
CAN,124075120,1.0,2.0,1.0,1.0,8.0,8.0,6.0,A religious person,8.0,Male,1962.0,58.0,Married,Full time
CAN,124075121,1.0,2.0,2.0,2.0,5.0,4.0,9.0,Not a religious person,7.0,Male,1949.0,71.0,Married,Self employed
CAN,124075122,1.0,1.0,1.0,2.0,9.0,8.0,7.0,A religious person,6.0,Female,1968.0,52.0,Married,Full time
CAN,124075125,1.0,1.0,2.0,1.0,6.0,10.0,9.0,A religious person,6.0,Male,1983.0,37.0,Married,Full time
CAN,124075127,1.0,2.0,1.0,1.0,5.0,7.0,5.0,Not a religious person,5.0,Male,1969.0,51.0,Living together as married,Full time
CAN,124075128,1.0,2.0,2.0,2.0,3.0,3.0,8.0,A religious person,5.0,Male,1965.0,55.0,Married,Full time
CAN,124075129,1.0,2.0,1.0,1.0,7.0,7.0,6.0,A religious person,5.0,Male,1984.0,36.0,Married,Full time
CAN,124075131,2.0,2.0,1.0,2.0,5.0,6.0,5.0,Not a religious person,7.0,Male,1977.0,43.0,Living together as married,Full time
CAN,124075132,1.0,2.0,3.0,4.0,6.0,8.0,5.0,An atheist,1.0,Male,1955.0,65.0,Married,Retired/pensioned
CAN,124075133,1.0,1.0,1.0,1.0,6.0,8.0,7.0,An atheist,2.0,Male,1990.0,29.0,Living together as married,Full time
CAN,124075134,2.0,2.0,2.0,2.0,8.0,8.0,7.0,An atheist,3.0,Male,1954.0,65.0,Married,Retired/pensioned
CAN,124075135,1.0,2.0,2.0,1.0,3.0,6.0,3.0,Not a religious person,6.0,Male,1946.0,74.0,Married,Retired/pensioned
CAN,124075137,1.0,1.0,2.0,2.0,10.0,10.0,10.0,A religious person,6.0,Male,1956.0,64.0,Living together as married,Retired/pensioned
CAN,124075138,1.0,1.0,2.0,3.0,6.0,7.0,6.0,An atheist,4.0,Male,1983.0,37.0,Married,Full time
CAN,124075139,2.0,1.0,1.0,3.0,9.0,9.0,9.0,Not a religious person,4.0,Male,1944.0,76.0,Married,Retired/pensioned
CAN,124075141,1.0,1.0,2.0,1.0,9.0,8.0,9.0,An atheist,3.0,Male,1952.0,68.0,Divorced,Retired/pensioned
CAN,124075143,2.0,3.0,3.0,2.0,8.0,8.0,8.0,A religious person,2.0,Male,1968.0,52.0,Living together as married,Full time
CAN,124075144,1.0,2.0,2.0,1.0,9.0,9.0,8.0,An atheist,6.0,Female,1985.0,35.0,Married,Full time
CAN,124075145,1.0,2.0,1.0,3.0,6.0,6.0,7.0,An atheist,3.0,Female,2001.0,19.0,Single,Student
CAN,124075146,1.0,2.0,2.0,3.0,9.0,9.0,9.0,A religious person,5.0,Male,1955.0,64.0,Married,Retired/pensioned
CAN,124075147,1.0,1.0,2.0,3.0,9.0,7.0,8.0,An atheist,7.0,Male,1954.0,66.0,Living together as married,Retired/pensioned
CAN,124075148,1.0,1.0,1.0,1.0,8.0,9.0,9.0,An atheist,4.0,Male,1950.0,70.0,Married,Full time
CAN,124075149,1.0,2.0,2.0,2.0,8.0,7.0,4.0,Not a religious person,4.0,Female,1979.0,41.0,Living together as married,Full time
CAN,124075151,1.0,1.0,1.0,1.0,9.0,7.0,8.0,Not a religious person,5.0,Male,1974.0,46.0,Married,Full time
CAN,124075152,3.0,3.0,2.0,2.0,5.0,5.0,5.0,Not a religious person,1.0,Male,1957.0,63.0,Divorced,Full time
CAN,124075154,3.0,2.0,1.0,2.0,7.0,8.0,7.0,Not a religious person,8.0,Male,1978.0,42.0,Married,Full time
CAN,124075156,1.0,1.0,1.0,1.0,9.0,8.0,7.0,Not a religious person,5.0,Female,1966.0,54.0,Married,Full time
CAN,124075157,1.0,2.0,2.0,2.0,8.0,6.0,7.0,A religious person,9.0,Male,1980.0,39.0,Married,Full time
CAN,124075158,1.0,1.0,1.0,3.0,7.0,8.0,7.0,A religious person,5.0,Female,1954.0,66.0,Divorced,Retired/pensioned
CAN,124075159,1.0,2.0,2.0,1.0,10.0,9.0,10.0,Not a religious person,7.0,Male,1950.0,70.0,Married,Retired/pensioned
CAN,124075160,1.0,1.0,2.0,1.0,8.0,7.0,7.0,A religious person,7.0,Female,1981.0,38.0,Married,Full time
CAN,124075161,1.0,2.0,1.0,2.0,9.0,9.0,8.0,Not a religious person,5.0,Female,1982.0,38.0,Married,Homemaker not otherwise employed
CAN,124075162,1.0,2.0,1.0,2.0,10.0,5.0,2.0,Not a religious person,3.0,Male,1996.0,24.0,Single,Student
CAN,124075163,1.0,1.0,1.0,1.0,5.0,7.0,3.0,Not a religious person,5.0,Male,1956.0,64.0,Married,Full time
CAN,124075164,1.0,2.0,1.0,2.0,8.0,8.0,7.0,Not a religious person,5.0,Female,1977.0,43.0,Married,Other
CAN,124075165,1.0,1.0,1.0,2.0,8.0,8.0,6.0,Not a religious person,7.0,Male,1947.0,73.0,Married,Self employed
CAN,124075166,1.0,2.0,2.0,1.0,9.0,9.0,8.0,Not a religious person,9.0,Male,1952.0,68.0,Divorced,Retired/pensioned
CAN,124075167,2.0,1.0,2.0,2.0,5.0,6.0,6.0,Not a religious person,5.0,Female,1968.0,52.0,Divorced,Homemaker not otherwise employed
CAN,124075169,1.0,3.0,2.0,2.0,8.0,8.0,7.0,Not a religious person,6.0,Female,1997.0,23.0,Single,Student
CAN,124075171,1.0,1.0,1.0,1.0,7.0,8.0,9.0,A religious person,5.0,Female,1979.0,41.0,Married,Full time
CAN,124075172,1.0,1.0,3.0,2.0,8.0,8.0,8.0,Not a religious person,7.0,Male,1955.0,65.0,Divorced,Self employed
CAN,124075173,1.0,1.0,1.0,1.0,10.0,9.0,9.0,Not a religious person,5.0,Male,1944.0,76.0,Married,Retired/pensioned
CAN,124075174,1.0,1.0,2.0,1.0,6.0,8.0,5.0,An atheist,3.0,Male,1972.0,48.0,Separated,Full time
CAN,124075175,1.0,1.0,1.0,1.0,5.0,3.0,5.0,A religious person,7.0,Male,1972.0,47.0,Married,Full time
CAN,124075177,1.0,1.0,2.0,2.0,10.0,8.0,10.0,Not a religious person,2.0,Male,1937.0,83.0,Widowed,Retired/pensioned
CAN,124075178,1.0,1.0,2.0,2.0,5.0,7.0,7.0,An atheist,2.0,Male,1985.0,35.0,Living together as married,Full time
CAN,124075179,1.0,1.0,2.0,1.0,7.0,7.0,7.0,An atheist,3.0,Male,1937.0,82.0,Married,Retired/pensioned
CAN,124075180,1.0,3.0,2.0,2.0,9.0,8.0,8.0,Not a religious person,5.0,Male,1969.0,51.0,Married,Full time
CAN,124075181,1.0,3.0,2.0,1.0,3.0,2.0,2.0,Not a religious person,6.0,Male,1982.0,38.0,Living together as married,Homemaker not otherwise employed
CAN,124075182,2.0,2.0,1.0,3.0,7.0,7.0,5.0,An atheist,3.0,Male,1956.0,64.0,Single,Self employed
CAN,124075183,1.0,2.0,1.0,4.0,5.0,6.0,8.0,Not a religious person,5.0,Female,1956.0,64.0,Married,Retired/pensioned
CAN,124075187,1.0,2.0,2.0,2.0,7.0,7.0,6.0,Not a religious person,5.0,Male,1958.0,62.0,Married,Retired/pensioned
CAN,124075188,1.0,1.0,1.0,1.0,5.0,5.0,5.0,A religious person,5.0,Female,1984.0,36.0,Married,Full time
CAN,124075189,1.0,1.0,1.0,2.0,5.0,7.0,8.0,Not a religious person,6.0,Male,1972.0,48.0,Single,Full time
CAN,124075190,1.0,1.0,2.0,3.0,9.0,8.0,8.0,Not a religious person,3.0,Female,1951.0,69.0,Divorced,Retired/pensioned
CAN,124075191,1.0,1.0,1.0,1.0,7.0,6.0,4.0,An atheist,7.0,Male,1981.0,39.0,Living together as married,Full time
CAN,124075192,1.0,2.0,2.0,1.0,10.0,10.0,9.0,Not a religious person,8.0,Male,1953.0,67.0,Married,Full time
CAN,124075193,1.0,2.0,1.0,1.0,7.0,7.0,8.0,Not a religious person,5.0,Female,1967.0,54.0,Single,Part time
CAN,124075195,1.0,4.0,1.0,2.0,5.0,5.0,3.0,Not a religious person,9.0,Male,1972.0,48.0,Married,Full time
CAN,124075196,1.0,2.0,1.0,1.0,9.0,9.0,9.0,A religious person,6.0,Male,1962.0,58.0,Married,Full time
CAN,124075197,1.0,1.0,2.0,2.0,9.0,9.0,9.0,A religious person,6.0,Male,1942.0,78.0,Married,Retired/pensioned
CAN,124075199,1.0,2.0,2.0,2.0,8.0,7.0,6.0,An atheist,3.0,Male,1977.0,42.0,Married,Full time
CAN,124075200,1.0,1.0,1.0,2.0,7.0,8.0,6.0,Not a religious person,3.0,Female,1997.0,23.0,Single,Full time
CAN,124075202,1.0,2.0,2.0,2.0,8.0,7.0,6.0,Not a religious person,5.0,Female,1957.0,63.0,Married,Unemployed
CAN,124075203,2.0,2.0,2.0,2.0,6.0,6.0,6.0,Not a religious person,6.0,Female,1980.0,39.0,Living together as married,Homemaker not otherwise employed
CAN,124075204,1.0,2.0,2.0,2.0,5.0,5.0,3.0,Not a religious person,2.0,Female,1998.0,22.0,Single,Student
CAN,124075206,1.0,1.0,1.0,4.0,1.0,1.0,1.0,An atheist,10.0,Male,1980.0,40.0,Single,Full time
CAN,124075207,1.0,1.0,2.0,1.0,8.0,9.0,10.0,A religious person,6.0,Male,1939.0,81.0,Married,Retired/pensioned
CAN,124075208,1.0,1.0,1.0,2.0,9.0,8.0,7.0,A religious person,5.0,Female,1983.0,37.0,Married,Student
CAN,124075209,1.0,2.0,2.0,4.0,8.0,7.0,8.0,An atheist,4.0,Female,1957.0,63.0,Married,Retired/pensioned
CAN,124075211,2.0,3.0,2.0,2.0,8.0,8.0,5.0,An atheist,6.0,Female,1999.0,21.0,Single,Student
CAN,124075213,1.0,1.0,1.0,4.0,10.0,8.0,8.0,Not a religious person,5.0,Male,1980.0,39.0,Single,Full time
CAN,124075214,1.0,1.0,2.0,1.0,10.0,8.0,7.0,A religious person,5.0,Female,1999.0,21.0,Single,Student
CAN,124075215,1.0,1.0,2.0,4.0,8.0,9.0,9.0,Not a religious person,5.0,Female,1955.0,65.0,Married,Retired/pensioned
CAN,124075217,1.0,1.0,3.0,4.0,5.0,8.0,8.0,An atheist,1.0,Male,1968.0,52.0,Married,Self employed
CAN,124075218,1.0,2.0,2.0,1.0,7.0,8.0,8.0,A religious person,8.0,Male,1964.0,56.0,Single,Self employed
CAN,124075219,2.0,1.0,1.0,3.0,8.0,8.0,8.0,Not a religious person,8.0,Male,1958.0,62.0,Married,Retired/pensioned
CAN,124075220,1.0,1.0,1.0,3.0,7.0,6.0,8.0,A religious person,3.0,Male,1997.0,23.0,Single,Student
CAN,124075221,1.0,1.0,1.0,3.0,7.0,6.0,7.0,An atheist,7.0,Female,1965.0,55.0,Married,Full time
CAN,124075222,2.0,2.0,2.0,1.0,5.0,3.0,2.0,A religious person,5.0,Female,1983.0,37.0,Single,Unemployed
CAN,124075223,1.0,2.0,2.0,2.0,8.0,8.0,8.0,Not a religious person,3.0,Male,1950.0,70.0,Married,Retired/pensioned
CAN,124075225,1.0,2.0,1.0,1.0,6.0,8.0,8.0,A religious person,5.0,Male,1968.0,52.0,Married,Full time
CAN,124075227,1.0,2.0,2.0,1.0,5.0,4.0,4.0,A religious person,5.0,Male,1966.0,53.0,Married,Unemployed
CAN,124075229,1.0,2.0,1.0,3.0,9.0,8.0,7.0,Not a religious person,6.0,Female,1981.0,38.0,Living together as married,Full time
CAN,124075230,1.0,2.0,1.0,1.0,7.0,5.0,3.0,Not a religious person,6.0,Male,1960.0,60.0,Living together as married,Self employed
CAN,124075231,2.0,1.0,1.0,2.0,8.0,7.0,6.0,A religious person,7.0,Male,1980.0,39.0,Married,Full time
CAN,124075232,1.0,1.0,2.0,1.0,7.0,7.0,8.0,Not a religious person,7.0,Female,1997.0,22.0,Single,Full time
CAN,124075234,1.0,1.0,1.0,2.0,7.0,7.0,6.0,Not a religious person,5.0,Female,1977.0,43.0,Married,Full time
CAN,124075235,1.0,2.0,2.0,2.0,7.0,7.0,7.0,Not a religious person,7.0,Male,1971.0,49.0,Married,Full time
CAN,124075236,1.0,3.0,2.0,2.0,6.0,9.0,5.0,Not a religious person,3.0,Female,1975.0,45.0,Married,Full time
CAN,124075237,2.0,2.0,1.0,2.0,9.0,9.0,9.0,Not a religious person,3.0,Female,1948.0,72.0,Married,Retired/pensioned
CAN,124075238,1.0,3.0,3.0,2.0,8.0,9.0,9.0,Not a religious person,8.0,Male,1976.0,43.0,Living together as married,Full time
CAN,124075240,1.0,2.0,1.0,3.0,8.0,6.0,6.0,Not a religious person,5.0,Male,1963.0,57.0,Divorced,Full time
CAN,124075241,1.0,1.0,1.0,3.0,6.0,6.0,6.0,An atheist,5.0,Male,1980.0,40.0,Living together as married,Other
CAN,124075242,1.0,1.0,2.0,3.0,8.0,9.0,9.0,Not a religious person,3.0,Male,1957.0,62.0,Married,Retired/pensioned
CAN,124075243,1.0,1.0,1.0,1.0,5.0,2.0,3.0,Not a religious person,5.0,Female,1964.0,55.0,Married,Full time
CAN,124075244,1.0,1.0,1.0,1.0,10.0,9.0,9.0,A religious person,5.0,Male,1955.0,65.0,Married,Retired/pensioned
CAN,124075246,1.0,1.0,1.0,1.0,7.0,8.0,8.0,A religious person,6.0,Male,1954.0,66.0,Married,Full time
CAN,124075247,1.0,1.0,2.0,4.0,8.0,10.0,8.0,A religious person,5.0,Male,1946.0,74.0,Married,Retired/pensioned
CAN,124075248,1.0,1.0,2.0,3.0,9.0,8.0,10.0,An atheist,5.0,Female,1971.0,48.0,Divorced,Retired/pensioned
CAN,124075250,2.0,2.0,2.0,1.0,9.0,6.0,6.0,A religious person,5.0,Female,1999.0,21.0,Single,Student
CAN,124075251,1.0,2.0,1.0,4.0,10.0,9.0,9.0,A religious person,5.0,Female,1949.0,71.0,Divorced,Retired/pensioned
CAN,124075253,1.0,1.0,2.0,2.0,9.0,8.0,9.0,A religious person,6.0,Female,1967.0,53.0,Single,Full time
CAN,124075254,1.0,3.0,2.0,1.0,10.0,7.0,3.0,Not a religious person,1.0,Male,1997.0,23.0,Living together as married,Student
CAN,124075257,3.0,1.0,1.0,4.0,5.0,6.0,5.0,Not a religious person,5.0,Male,1993.0,27.0,Single,Unemployed
CAN,124075258,1.0,1.0,1.0,2.0,8.0,7.0,6.0,Not a religious person,4.0,Female,1991.0,28.0,Married,Part time
CAN,124075259,1.0,1.0,1.0,4.0,7.0,9.0,8.0,Not a religious person,6.0,Female,1945.0,74.0,Widowed,Retired/pensioned
CAN,124075260,1.0,1.0,1.0,1.0,9.0,8.0,8.0,Not a religious person,6.0,Female,1960.0,54.0,Married,Full time
CAN,124075261,1.0,1.0,1.0,1.0,10.0,5.0,1.0,Not a religious person,5.0,Female,1984.0,35.0,Single,Homemaker not otherwise employed
CAN,124075262,1.0,1.0,1.0,1.0,8.0,10.0,10.0,A religious person,7.0,Female,1975.0,45.0,Single,Self employed
CAN,124075263,1.0,1.0,1.0,1.0,4.0,5.0,1.0,An atheist,7.0,Male,1973.0,47.0,Married,Unemployed
CAN,124075265,1.0,1.0,1.0,2.0,7.0,6.0,7.0,Not a religious person,5.0,Female,1999.0,21.0,Single,Student
CAN,124075266,1.0,1.0,1.0,1.0,8.0,6.0,5.0,Not a religious person,5.0,Male,1959.0,60.0,Married,Part time
CAN,124075267,1.0,2.0,2.0,4.0,9.0,9.0,7.0,A religious person,6.0,Female,1961.0,59.0,Married,Retired/pensioned
CAN,124075268,4.0,3.0,2.0,4.0,9.0,9.0,9.0,An atheist,1.0,Male,1951.0,69.0,Married,Retired/pensioned
CAN,124075270,1.0,1.0,1.0,4.0,8.0,7.0,7.0,A religious person,6.0,Female,1958.0,62.0,Married,Retired/pensioned
CAN,124075271,1.0,2.0,2.0,2.0,10.0,9.0,5.0,Not a religious person,5.0,Male,1980.0,40.0,Single,Full time
CAN,124075272,1.0,1.0,1.0,1.0,10.0,10.0,10.0,Not a religious person,5.0,Male,1957.0,63.0,Married,Self employed
CAN,124075274,1.0,1.0,1.0,1.0,7.0,7.0,7.0,A religious person,7.0,Female,1985.0,35.0,Married,Homemaker not otherwise employed
CAN,124075275,1.0,2.0,1.0,1.0,7.0,8.0,5.0,A religious person,5.0,Male,1975.0,44.0,Single,Full time
CAN,124075276,1.0,1.0,1.0,2.0,6.0,7.0,8.0,Not a religious person,4.0,Female,1998.0,22.0,Single,Student
CAN,124075277,1.0,1.0,1.0,2.0,10.0,10.0,9.0,An atheist,1.0,Male,1980.0,40.0,Single,Full time
CAN,124075278,1.0,2.0,2.0,2.0,5.0,9.0,10.0,A religious person,9.0,Male,1952.0,67.0,Married,Retired/pensioned
CAN,124075279,1.0,1.0,1.0,1.0,10.0,8.0,10.0,Not a religious person,6.0,Male,1950.0,69.0,Married,Self employed
CAN,124075280,1.0,2.0,1.0,4.0,10.0,10.0,10.0,Not a religious person,5.0,Female,1958.0,62.0,Divorced,Retired/pensioned
CAN,124075283,1.0,1.0,2.0,2.0,6.0,9.0,9.0,An atheist,7.0,Female,1974.0,45.0,Married,Full time
CAN,124075284,1.0,2.0,1.0,3.0,7.0,8.0,7.0,A religious person,8.0,Female,1983.0,36.0,Married,Self employed
CAN,124075285,4.0,1.0,1.0,1.0,10.0,1.0,1.0,A religious person,5.0,Male,1970.0,50.0,Divorced,Self employed
CAN,124075286,2.0,1.0,1.0,1.0,10.0,7.0,7.0,An atheist,9.0,Male,1958.0,62.0,Single,Retired/pensioned
CAN,124075287,1.0,2.0,1.0,1.0,9.0,7.0,3.0,Not a religious person,4.0,Female,1960.0,59.0,Married,Full time
CAN,124075288,1.0,2.0,2.0,4.0,8.0,8.0,7.0,Not a religious person,3.0,Male,1952.0,68.0,Divorced,Retired/pensioned
CAN,124075289,1.0,1.0,1.0,1.0,10.0,10.0,10.0,A religious person,1.0,Male,1959.0,61.0,Single,Unemployed
CAN,124075290,1.0,1.0,2.0,3.0,8.0,3.0,1.0,A religious person,5.0,Female,1955.0,65.0,Married,Retired/pensioned
CAN,124075291,1.0,1.0,1.0,2.0,8.0,8.0,7.0,Not a religious person,3.0,Male,1968.0,52.0,Single,Self employed
CAN,124075292,1.0,2.0,2.0,3.0,7.0,7.0,8.0,An atheist,5.0,Female,1978.0,42.0,Living together as married,Homemaker not otherwise employed
CAN,124075293,1.0,2.0,1.0,2.0,10.0,10.0,8.0,Not a religious person,3.0,Female,1997.0,23.0,Living together as married,Part time
CAN,124075294,1.0,1.0,1.0,4.0,10.0,8.0,7.0,Not a religious person,9.0,Male,1949.0,71.0,Widowed,Retired/pensioned
CAN,124075296,3.0,3.0,1.0,4.0,7.0,7.0,6.0,An atheist,2.0,Female,1959.0,61.0,Married,Full time
CAN,124075297,1.0,2.0,2.0,2.0,9.0,6.0,6.0,Not a religious person,5.0,Female,1980.0,40.0,Married,Unemployed
CAN,124075301,1.0,2.0,1.0,2.0,4.0,4.0,1.0,Not a religious person,7.0,Male,1961.0,59.0,Divorced,Self employed
CAN,124075302,3.0,2.0,1.0,3.0,5.0,3.0,4.0,An atheist,7.0,Female,1950.0,70.0,Single,Retired/pensioned
CAN,124075303,1.0,1.0,1.0,2.0,7.0,7.0,7.0,A religious person,1.0,Male,1977.0,43.0,Single,Full time
CAN,124075304,1.0,1.0,1.0,2.0,9.0,8.0,9.0,A religious person,5.0,Female,1938.0,82.0,Widowed,Retired/pensioned
CAN,124075305,2.0,2.0,2.0,3.0,8.0,8.0,9.0,A religious person,4.0,Male,1935.0,85.0,Married,Retired/pensioned
CAN,124075306,1.0,1.0,1.0,3.0,5.0,5.0,6.0,Not a religious person,5.0,Male,1983.0,37.0,Married,Full time
CAN,124075308,1.0,1.0,1.0,2.0,9.0,9.0,10.0,Not a religious person,3.0,Female,1998.0,22.0,Single,Student
CAN,124075309,1.0,1.0,1.0,1.0,7.0,8.0,6.0,A religious person,5.0,Male,1952.0,67.0,Married,Retired/pensioned
CAN,124075311,1.0,1.0,1.0,4.0,9.0,9.0,8.0,A religious person,6.0,Female,1934.0,85.0,Widowed,Retired/pensioned
CAN,124075312,1.0,1.0,1.0,1.0,8.0,8.0,3.0,An atheist,8.0,Male,1943.0,77.0,Married,Retired/pensioned
CAN,124075313,1.0,1.0,1.0,2.0,8.0,7.0,8.0,An atheist,3.0,Male,1944.0,76.0,Married,Retired/pensioned
CAN,124075314,2.0,2.0,2.0,1.0,7.0,8.0,7.0,A religious person,8.0,Male,1977.0,43.0,Divorced,Full time
CAN,124075315,1.0,1.0,1.0,2.0,10.0,6.0,5.0,An atheist,5.0,Female,1971.0,49.0,Widowed,Unemployed
CAN,124075316,1.0,1.0,1.0,4.0,9.0,9.0,8.0,Not a religious person,8.0,Male,1954.0,66.0,Married,Retired/pensioned
CAN,124075317,1.0,1.0,1.0,2.0,7.0,7.0,8.0,A religious person,6.0,Female,1982.0,38.0,Living together as married,Full time
CAN,124075318,1.0,1.0,1.0,1.0,9.0,9.0,7.0,A religious person,9.0,Male,1961.0,59.0,Married,Retired/pensioned
CAN,124075319,1.0,2.0,2.0,2.0,10.0,8.0,7.0,An atheist,10.0,Male,1954.0,66.0,Married,Self employed
CAN,124075320,2.0,3.0,1.0,3.0,8.0,5.0,8.0,A religious person,6.0,Male,1980.0,39.0,Married,Full time
CAN,124075321,1.0,2.0,2.0,4.0,8.0,7.0,9.0,Not a religious person,7.0,Male,1955.0,65.0,Divorced,Retired/pensioned
CAN,124075322,1.0,1.0,2.0,1.0,8.0,8.0,9.0,Not a religious person,9.0,Male,1977.0,43.0,Single,Full time
CAN,124075323,3.0,3.0,3.0,1.0,10.0,9.0,9.0,Not a religious person,8.0,Male,1976.0,44.0,Living together as married,Full time
CAN,124075324,1.0,1.0,1.0,3.0,6.0,5.0,3.0,Not a religious person,5.0,Female,1957.0,62.0,Married,Student
CAN,124075326,1.0,1.0,1.0,2.0,6.0,10.0,5.0,A religious person,5.0,Female,1956.0,64.0,Married,Retired/pensioned
CAN,124075327,1.0,2.0,1.0,1.0,5.0,8.0,8.0,A religious person,4.0,Male,1943.0,76.0,Widowed,Retired/pensioned
CAN,124075328,1.0,1.0,1.0,2.0,10.0,10.0,10.0,Not a religious person,7.0,Female,1948.0,72.0,Married,Retired/pensioned
CAN,124075330,1.0,2.0,2.0,2.0,10.0,10.0,7.0,An atheist,8.0,Male,1965.0,55.0,Living together as married,Self employed
CAN,124075331,1.0,2.0,3.0,3.0,8.0,5.0,5.0,A religious person,6.0,Female,1969.0,50.0,Married,Full time
CAN,124075333,1.0,1.0,2.0,2.0,8.0,4.0,3.0,A religious person,6.0,Female,1945.0,75.0,Widowed,Retired/pensioned
CAN,124075335,1.0,1.0,1.0,2.0,7.0,6.0,6.0,A religious person,3.0,Female,1955.0,64.0,Divorced,Part time
CAN,124075336,1.0,3.0,2.0,1.0,8.0,8.0,7.0,A religious person,3.0,Male,1949.0,70.0,Married,Retired/pensioned
CAN,124075338,1.0,1.0,1.0,1.0,8.0,9.0,8.0,Not a religious person,9.0,Male,1996.0,24.0,Single,Full time
CAN,124075339,1.0,1.0,1.0,2.0,8.0,8.0,9.0,A religious person,5.0,Male,1952.0,68.0,Married,Retired/pensioned
CAN,124075340,1.0,1.0,1.0,2.0,6.0,6.0,8.0,A religious person,5.0,Female,1969.0,51.0,Married,Full time
CAN,124075342,2.0,4.0,3.0,1.0,7.0,5.0,2.0,An atheist,6.0,Male,1963.0,57.0,Married,Full time
CAN,124075343,3.0,2.0,2.0,3.0,3.0,3.0,5.0,A religious person,5.0,Female,1980.0,40.0,Divorced,Part time
CAN,124075344,2.0,2.0,2.0,1.0,6.0,7.0,3.0,Not a religious person,3.0,Male,1983.0,37.0,Married,Full time
CAN,124075349,1.0,2.0,1.0,2.0,8.0,4.0,4.0,Not a religious person,5.0,Female,1962.0,58.0,Married,Full time
CAN,124075350,1.0,1.0,1.0,2.0,7.0,6.0,3.0,Not a religious person,2.0,Female,1956.0,63.0,Divorced,Self employed
CAN,124075351,1.0,1.0,1.0,1.0,8.0,8.0,8.0,Not a religious person,5.0,Female,1950.0,69.0,Divorced,Retired/pensioned
CAN,124075352,1.0,2.0,2.0,2.0,8.0,9.0,9.0,Not a religious person,4.0,Male,1949.0,70.0,Married,Full time
CAN,124075355,1.0,1.0,2.0,3.0,7.0,8.0,7.0,A religious person,5.0,Male,1942.0,78.0,Married,Retired/pensioned
CAN,124075357,1.0,2.0,2.0,1.0,8.0,8.0,8.0,An atheist,6.0,Male,1971.0,48.0,Separated,Full time
CAN,124075358,1.0,2.0,2.0,4.0,9.0,9.0,9.0,A religious person,8.0,Male,1952.0,68.0,Married,Retired/pensioned
CAN,124075359,2.0,4.0,2.0,4.0,4.0,5.0,4.0,An atheist,5.0,Male,1970.0,50.0,Single,Homemaker not otherwise employed
CAN,124075360,3.0,2.0,2.0,2.0,7.0,5.0,4.0,Not a religious person,5.0,Male,1962.0,58.0,Divorced,Part time
CAN,124075361,1.0,1.0,1.0,2.0,7.0,5.0,4.0,Not a religious person,3.0,Female,2001.0,19.0,Single,Student
CAN,124075363,1.0,1.0,1.0,3.0,10.0,10.0,10.0,Not a religious person,7.0,Male,1955.0,65.0,Married,Retired/pensioned
CAN,124075364,1.0,3.0,2.0,1.0,7.0,5.0,5.0,A religious person,5.0,Male,1974.0,46.0,Married,Full time
CAN,124075366,2.0,2.0,2.0,2.0,7.0,7.0,7.0,Not a religious person,7.0,Male,1956.0,64.0,Divorced,Full time
CAN,124075368,1.0,1.0,2.0,1.0,8.0,8.0,7.0,A religious person,5.0,Male,1998.0,22.0,Single,Student
CAN,124075369,2.0,2.0,2.0,2.0,7.0,7.0,7.0,Not a religious person,8.0,Male,1960.0,60.0,Married,Full time
CAN,124075370,1.0,1.0,2.0,1.0,8.0,8.0,8.0,Not a religious person,5.0,Male,1977.0,43.0,Married,Full time
CAN,124075371,1.0,2.0,2.0,3.0,7.0,8.0,8.0,Not a religious person,4.0,Male,1957.0,63.0,Married,Retired/pensioned
CAN,124075372,1.0,1.0,3.0,2.0,5.0,6.0,6.0,Not a religious person,5.0,Female,1958.0,61.0,Divorced,Self employed
CAN,124075373,1.0,2.0,2.0,2.0,6.0,7.0,1.0,Not a religious person,4.0,Female,1991.0,29.0,Living together as married,Full time
CAN,124075374,2.0,3.0,2.0,1.0,8.0,6.0,8.0,A religious person,2.0,Male,1964.0,56.0,Married,Self employed
CAN,124075375,1.0,1.0,1.0,1.0,8.0,8.0,8.0,A religious person,4.0,Male,1957.0,62.0,Married,Full time
CAN,124075376,2.0,2.0,1.0,1.0,9.0,8.0,10.0,An atheist,5.0,Female,1936.0,84.0,Divorced,Retired/pensioned
CAN,124075378,1.0,2.0,2.0,3.0,8.0,9.0,7.0,Not a religious person,4.0,Male,1947.0,73.0,Married,Retired/pensioned
CAN,124075380,2.0,3.0,1.0,3.0,3.0,4.0,5.0,An atheist,2.0,Female,2001.0,18.0,Single,Student
CAN,124075381,2.0,3.0,1.0,2.0,7.0,7.0,3.0,Not a religious person,5.0,Male,1980.0,39.0,Single,Unemployed
CAN,124075382,1.0,2.0,1.0,1.0,9.0,9.0,9.0,Not a religious person,5.0,Male,1952.0,68.0,Married,Retired/pensioned
CAN,124075383,3.0,2.0,2.0,1.0,9.0,8.0,8.0,Not a religious person,7.0,Female,1994.0,26.0,Single,Full time
CAN,124075384,1.0,2.0,2.0,3.0,7.0,7.0,6.0,An atheist,3.0,Male,1943.0,76.0,Married,Retired/pensioned
CAN,124075385,1.0,1.0,1.0,1.0,7.0,7.0,8.0,Not a religious person,5.0,Male,1990.0,29.0,Married,Full time
CAN,124075386,1.0,1.0,1.0,1.0,9.0,5.0,2.0,A religious person,5.0,Male,1972.0,48.0,Separated,Unemployed
CAN,124075388,1.0,1.0,1.0,1.0,7.0,7.0,5.0,A religious person,5.0,Male,1981.0,38.0,Divorced,Full time
CAN,124075389,1.0,1.0,1.0,2.0,10.0,8.0,7.0,A religious person,5.0,Female,1980.0,39.0,Married,Full time
CAN,124075390,1.0,1.0,1.0,2.0,10.0,8.0,9.0,A religious person,5.0,Female,1985.0,35.0,Married,Homemaker not otherwise employed
CAN,124075391,3.0,3.0,2.0,2.0,8.0,8.0,9.0,An atheist,4.0,Male,1949.0,71.0,Separated,Retired/pensioned
CAN,124075393,1.0,1.0,2.0,2.0,9.0,9.0,7.0,An atheist,4.0,Male,1991.0,29.0,Married,Full time
CAN,124075394,1.0,1.0,1.0,1.0,8.0,7.0,6.0,Not a religious person,7.0,Male,2000.0,20.0,Living together as married,Retired/pensioned
CAN,124075395,1.0,2.0,2.0,1.0,8.0,7.0,7.0,Not a religious person,6.0,Male,1985.0,35.0,Married,Full time
CAN,124075396,1.0,2.0,2.0,2.0,8.0,6.0,6.0,Not a religious person,9.0,Male,1958.0,62.0,Married,Retired/pensioned
CAN,124075397,1.0,3.0,2.0,1.0,7.0,8.0,6.0,An atheist,7.0,Male,1958.0,62.0,Married,Full time
CAN,124075399,1.0,2.0,2.0,2.0,8.0,8.0,6.0,A religious person,6.0,Female,1954.0,66.0,Living together as married,Retired/pensioned
CAN,124075404,3.0,4.0,2.0,2.0,8.0,7.0,7.0,Not a religious person,6.0,Male,1960.0,60.0,Living together as married,Unemployed
CAN,124075407,1.0,1.0,2.0,2.0,5.0,6.0,4.0,A religious person,6.0,Female,1965.0,54.0,Single,Homemaker not otherwise employed
CAN,124075408,1.0,1.0,1.0,3.0,4.0,4.0,3.0,Not a religious person,3.0,Female,1951.0,69.0,Living together as married,Retired/pensioned
CAN,124075409,1.0,2.0,2.0,2.0,5.0,6.0,4.0,Not a religious person,5.0,Female,1968.0,52.0,Separated,Full time
CAN,124075410,1.0,2.0,3.0,4.0,8.0,7.0,9.0,Not a religious person,5.0,Male,1951.0,68.0,Married,Retired/pensioned
CAN,124075412,1.0,2.0,2.0,2.0,10.0,8.0,9.0,Not a religious person,5.0,Female,1977.0,42.0,Separated,Part time
CAN,124075413,1.0,2.0,2.0,2.0,10.0,8.0,8.0,A religious person,5.0,Male,1960.0,59.0,Married,Full time
CAN,124075414,1.0,1.0,1.0,1.0,7.0,7.0,9.0,A religious person,5.0,Male,1957.0,63.0,Single,Other
CAN,124075415,2.0,2.0,2.0,2.0,7.0,7.0,5.0,Not a religious person,8.0,Male,1957.0,63.0,Single,Part time
CAN,124075417,1.0,2.0,2.0,3.0,7.0,6.0,8.0,A religious person,5.0,Female,1988.0,31.0,Married,Homemaker not otherwise employed
CAN,124075419,1.0,1.0,1.0,1.0,7.0,8.0,9.0,A religious person,8.0,Female,1980.0,40.0,Married,Full time
CAN,124075420,1.0,1.0,1.0,3.0,9.0,8.0,8.0,An atheist,4.0,Male,1979.0,41.0,Married,Full time
CAN,124075421,1.0,3.0,1.0,1.0,10.0,9.0,8.0,A religious person,8.0,Male,1981.0,39.0,Married,Full time
CAN,124075423,1.0,1.0,2.0,2.0,7.0,7.0,3.0,Not a religious person,5.0,Female,1949.0,70.0,Married,Retired/pensioned
CAN,124075425,1.0,2.0,2.0,4.0,10.0,9.0,9.0,Not a religious person,3.0,Male,1963.0,57.0,Married,Retired/pensioned
CAN,124075428,1.0,2.0,2.0,2.0,8.0,6.0,8.0,Not a religious person,6.0,Female,1983.0,37.0,Living together as married,Full time
CAN,124075429,1.0,2.0,1.0,3.0,7.0,6.0,6.0,An atheist,6.0,Female,1962.0,58.0,Married,Full time
CAN,124075430,1.0,2.0,1.0,1.0,10.0,10.0,10.0,Not a religious person,10.0,Female,1976.0,44.0,Living together as married,Full time
CAN,124075431,1.0,1.0,1.0,1.0,6.0,7.0,4.0,Not a religious person,4.0,Male,1952.0,68.0,Married,Retired/pensioned
CAN,124075433,1.0,2.0,2.0,3.0,8.0,8.0,7.0,Not a religious person,5.0,Female,1981.0,39.0,Married,Homemaker not otherwise employed
CAN,124075434,3.0,2.0,2.0,1.0,8.0,3.0,3.0,Not a religious person,7.0,Male,1969.0,50.0,Separated,Full time
CAN,124075435,1.0,1.0,1.0,4.0,9.0,7.0,7.0,An atheist,5.0,Male,1965.0,54.0,Married,Full time
CAN,124075436,3.0,2.0,2.0,2.0,10.0,7.0,5.0,An atheist,6.0,Female,1996.0,24.0,Single,Student
CAN,124075437,1.0,1.0,1.0,1.0,9.0,6.0,7.0,Not a religious person,5.0,Female,1980.0,40.0,Single,Full time
CAN,124075438,1.0,1.0,1.0,1.0,9.0,9.0,10.0,A religious person,5.0,Female,1970.0,50.0,Married,Full time
CAN,124075439,1.0,2.0,2.0,2.0,6.0,4.0,5.0,Not a religious person,7.0,Male,1973.0,46.0,Single,Unemployed
CAN,124075440,1.0,1.0,1.0,2.0,8.0,4.0,9.0,A religious person,5.0,Male,1966.0,53.0,Living together as married,Full time
CAN,124075441,2.0,3.0,2.0,2.0,8.0,7.0,7.0,An atheist,5.0,Female,1972.0,48.0,Single,Full time
CAN,124075442,1.0,1.0,1.0,2.0,10.0,9.0,7.0,An atheist,4.0,Male,1976.0,43.0,Married,Full time
CAN,124075445,1.0,3.0,1.0,4.0,7.0,4.0,3.0,Not a religious person,6.0,Female,1954.0,66.0,Widowed,Retired/pensioned
CAN,124075446,1.0,1.0,2.0,2.0,8.0,9.0,7.0,A religious person,3.0,Male,1939.0,81.0,Married,Retired/pensioned
CAN,124075448,1.0,3.0,2.0,3.0,8.0,8.0,8.0,Not a religious person,8.0,Female,1968.0,52.0,Married,Full time
CAN,124075449,1.0,2.0,1.0,1.0,8.0,9.0,7.0,A religious person,6.0,Female,1981.0,39.0,Married,Full time
CAN,124075450,1.0,1.0,1.0,2.0,4.0,5.0,4.0,An atheist,5.0,Female,1972.0,47.0,Married,Other
CAN,124075452,1.0,1.0,1.0,2.0,6.0,6.0,4.0,Not a religious person,5.0,Male,1968.0,51.0,Living together as married,Full time
CAN,124075455,1.0,2.0,2.0,1.0,8.0,8.0,8.0,Not a religious person,9.0,Male,1958.0,62.0,Married,Full time
CAN,124075456,1.0,2.0,1.0,4.0,8.0,9.0,8.0,Not a religious person,4.0,Male,1949.0,70.0,Married,Retired/pensioned
CAN,124075458,2.0,2.0,1.0,1.0,7.0,7.0,5.0,Not a religious person,5.0,Male,1978.0,42.0,Single,Full time
CAN,124075459,1.0,2.0,2.0,3.0,7.0,8.0,8.0,An atheist,4.0,Male,1983.0,37.0,Married,Part time
CAN,124075460,1.0,1.0,2.0,1.0,6.0,8.0,9.0,A religious person,10.0,Male,1956.0,64.0,Living together as married,Full time
CAN,124075462,2.0,3.0,1.0,2.0,8.0,7.0,6.0,A religious person,10.0,Female,1963.0,57.0,Divorced,Full time
CAN,124075463,1.0,1.0,2.0,1.0,10.0,9.0,9.0,Not a religious person,4.0,Male,1960.0,60.0,Married,Full time
CAN,124075464,3.0,1.0,2.0,2.0,9.0,7.0,9.0,Not a religious person,7.0,Male,1999.0,21.0,Single,Part time
CAN,124075466,1.0,2.0,1.0,2.0,7.0,7.0,8.0,A religious person,5.0,Female,1962.0,58.0,Married,Part time
CAN,124075468,1.0,2.0,2.0,1.0,5.0,5.0,4.0,A religious person,4.0,Male,1960.0,60.0,Married,Unemployed
CAN,124075469,1.0,2.0,2.0,4.0,8.0,7.0,7.0,A religious person,9.0,Male,1982.0,38.0,Single,Part time
CAN,124075470,1.0,1.0,2.0,1.0,8.0,8.0,8.0,Not a religious person,8.0,Male,1999.0,21.0,Single,Student
CAN,124075472,1.0,1.0,1.0,2.0,7.0,8.0,6.0,A religious person,7.0,Male,1968.0,51.0,Married,Full time
CAN,124075473,1.0,2.0,1.0,1.0,7.0,8.0,7.0,Not a religious person,8.0,Male,1965.0,55.0,Married,Full time
CAN,124075474,1.0,1.0,1.0,4.0,7.0,4.0,7.0,Not a religious person,3.0,Male,1992.0,28.0,Single,Full time
CAN,124075476,1.0,2.0,1.0,2.0,9.0,8.0,8.0,Not a religious person,5.0,Female,1963.0,47.0,Married,Full time
CAN,124075479,1.0,2.0,2.0,2.0,9.0,8.0,6.0,Not a religious person,3.0,Female,1972.0,48.0,Divorced,Part time
CAN,124075480,1.0,1.0,1.0,3.0,9.0,9.0,9.0,Not a religious person,4.0,Female,1955.0,65.0,Married,Retired/pensioned
CAN,124075482,1.0,1.0,1.0,1.0,8.0,9.0,10.0,A religious person,10.0,Male,1950.0,70.0,Married,Retired/pensioned
CAN,124075483,1.0,1.0,1.0,1.0,8.0,8.0,6.0,Not a religious person,7.0,Female,1984.0,35.0,Married,Full time
CAN,124075485,1.0,1.0,1.0,2.0,3.0,3.0,5.0,A religious person,5.0,Female,1979.0,41.0,Living together as married,Part time
CAN,124075488,1.0,2.0,2.0,2.0,9.0,9.0,8.0,Not a religious person,9.0,Male,1982.0,38.0,Separated,Self employed
CAN,124075490,1.0,2.0,2.0,1.0,2.0,2.0,1.0,An atheist,5.0,Male,1974.0,46.0,Married,Unemployed
CAN,124075491,1.0,2.0,2.0,4.0,8.0,7.0,8.0,Not a religious person,5.0,Female,1953.0,67.0,Divorced,Retired/pensioned
CAN,124075492,1.0,2.0,1.0,3.0,7.0,7.0,8.0,Not a religious person,3.0,Female,1997.0,23.0,Single,Student
CAN,124075512,1.0,1.0,1.0,1.0,8.0,8.0,4.0,Not a religious person,8.0,Male,1972.0,48.0,Married,Full time
CAN,124075514,1.0,2.0,2.0,3.0,9.0,9.0,8.0,Not a religious person,8.0,Male,1956.0,63.0,Married,Retired/pensioned
CAN,124075545,1.0,1.0,3.0,1.0,8.0,8.0,7.0,A religious person,7.0,Female,1992.0,28.0,Married,Part time
CAN,124075578,1.0,2.0,2.0,2.0,8.0,9.0,6.0,Not a religious person,6.0,Male,1980.0,40.0,Married,Full time
CAN,124075579,1.0,2.0,2.0,2.0,4.0,3.0,2.0,A religious person,8.0,Female,1985.0,35.0,Single,Part time
CAN,124075611,1.0,2.0,2.0,2.0,3.0,5.0,7.0,An atheist,3.0,Male,1976.0,44.0,Living together as married,Full time
CAN,124075644,1.0,1.0,1.0,1.0,10.0,10.0,10.0,A religious person,10.0,Female,1960.0,60.0,Married,Retired/pensioned
CAN,124075645,1.0,2.0,2.0,2.0,10.0,7.0,6.0,A religious person,5.0,Female,1984.0,36.0,Married,Other
CAN,124075646,1.0,1.0,2.0,2.0,7.0,4.0,1.0,An atheist,5.0,Female,1998.0,22.0,Single,Student
CAN,124075647,1.0,2.0,2.0,2.0,8.0,9.0,6.0,A religious person,6.0,Female,1965.0,54.0,Married,Full time
CAN,124075648,1.0,2.0,1.0,1.0,9.0,8.0,6.0,Not a religious person,8.0,Male,1982.0,38.0,Married,Full time
CAN,124075649,1.0,1.0,2.0,4.0,8.0,8.0,7.0,An atheist,3.0,Female,1936.0,84.0,Widowed,Retired/pensioned
CAN,124075651,2.0,2.0,1.0,2.0,5.0,5.0,5.0,A religious person,5.0,Male,1980.0,39.0,Single,Part time
CAN,124075652,4.0,3.0,1.0,4.0,8.0,10.0,3.0,A religious person,5.0,Male,1976.0,44.0,Single,Unemployed
CAN,124075653,1.0,1.0,2.0,1.0,10.0,7.0,9.0,A religious person,10.0,Female,1996.0,23.0,Married,Full time
CAN,124075654,1.0,1.0,1.0,1.0,8.0,8.0,4.0,Not a religious person,5.0,Female,1970.0,50.0,Living together as married,Part time
CAN,124075656,2.0,3.0,2.0,2.0,7.0,6.0,5.0,A religious person,5.0,Female,1959.0,60.0,Living together as married,Retired/pensioned
CAN,124075657,1.0,1.0,2.0,2.0,6.0,8.0,6.0,Not a religious person,5.0,Female,1975.0,45.0,Married,Part time
CAN,124075658,2.0,1.0,2.0,1.0,8.0,7.0,8.0,An atheist,4.0,Male,1976.0,44.0,Living together as married,Full time
CAN,124075659,1.0,1.0,1.0,1.0,9.0,8.0,6.0,Not a religious person,7.0,Male,1983.0,36.0,Single,Full time
CAN,124075660,1.0,2.0,2.0,1.0,10.0,8.0,7.0,A religious person,5.0,Male,1950.0,70.0,Single,Retired/pensioned
CAN,124075662,3.0,1.0,1.0,1.0,8.0,9.0,5.0,A religious person,7.0,Male,1980.0,39.0,Married,Full time
CAN,124075663,1.0,1.0,1.0,1.0,6.0,3.0,2.0,Not a religious person,2.0,Male,1966.0,54.0,Married,Full time
CAN,124075665,1.0,1.0,1.0,4.0,8.0,8.0,7.0,A religious person,8.0,Male,1949.0,71.0,Married,Retired/pensioned
CAN,124075666,1.0,2.0,1.0,2.0,6.0,3.0,2.0,An atheist,1.0,Female,2001.0,18.0,Single,Part time
CAN,124075667,1.0,2.0,1.0,2.0,9.0,7.0,2.0,An atheist,4.0,Male,1983.0,37.0,Married,Full time
CAN,124075668,1.0,1.0,2.0,2.0,8.0,8.0,10.0,Not a religious person,7.0,Male,1970.0,50.0,Married,Full time
CAN,124075669,1.0,2.0,1.0,2.0,5.0,6.0,6.0,Not a religious person,5.0,Male,1953.0,66.0,Married,Part time
CAN,124075672,1.0,3.0,2.0,3.0,1.0,1.0,1.0,An atheist,5.0,Female,1972.0,48.0,Single,Unemployed
CAN,124075673,1.0,1.0,1.0,3.0,8.0,7.0,9.0,A religious person,2.0,Male,1940.0,80.0,Married,Retired/pensioned
CAN,124075674,1.0,2.0,1.0,2.0,9.0,6.0,4.0,Not a religious person,5.0,Female,1970.0,50.0,Married,Full time
CAN,124075675,1.0,1.0,1.0,1.0,9.0,1.0,7.0,A religious person,10.0,Male,1971.0,49.0,Married,Full time
CAN,124075676,1.0,1.0,1.0,3.0,8.0,7.0,7.0,Not a religious person,7.0,Male,1980.0,40.0,Living together as married,Full time
CAN,124075678,1.0,2.0,1.0,2.0,6.0,8.0,8.0,Not a religious person,6.0,Male,1981.0,38.0,Married,Full time
CAN,124075679,1.0,2.0,2.0,3.0,8.0,8.0,8.0,A religious person,5.0,Male,1971.0,49.0,Divorced,Homemaker not otherwise employed
CAN,124075680,2.0,2.0,2.0,1.0,6.0,7.0,5.0,An atheist,7.0,Male,1965.0,55.0,Married,Retired/pensioned
CAN,124075681,1.0,1.0,1.0,4.0,8.0,9.0,6.0,Not a religious person,5.0,Female,1962.0,58.0,Married,Retired/pensioned
CAN,124075682,1.0,2.0,1.0,2.0,9.0,10.0,10.0,An atheist,2.0,Male,1952.0,67.0,Married,Retired/pensioned
CAN,124075683,1.0,1.0,1.0,1.0,9.0,9.0,9.0,Not a religious person,5.0,Female,1967.0,53.0,Living together as married,Full time
CAN,124075685,1.0,1.0,1.0,2.0,7.0,7.0,7.0,An atheist,3.0,Female,1997.0,23.0,Single,Student
CAN,124075686,2.0,2.0,1.0,4.0,9.0,6.0,6.0,An atheist,1.0,Male,2000.0,20.0,Single,Student
CAN,124075687,1.0,2.0,1.0,1.0,8.0,7.0,6.0,A religious person,8.0,Male,1980.0,39.0,Married,Full time
CAN,124075688,1.0,2.0,2.0,1.0,8.0,8.0,7.0,A religious person,5.0,Female,1984.0,36.0,Married,Full time
CAN,124075689,1.0,1.0,2.0,2.0,7.0,6.0,7.0,Not a religious person,5.0,Male,1983.0,36.0,Married,Full time
CAN,124075690,2.0,2.0,2.0,2.0,8.0,9.0,8.0,Not a religious person,3.0,Male,1990.0,30.0,Living together as married,Full time
CAN,124075691,1.0,1.0,1.0,1.0,9.0,9.0,10.0,A religious person,9.0,Male,1977.0,43.0,Single,Full time
CAN,124075692,1.0,1.0,1.0,1.0,8.0,8.0,8.0,A religious person,2.0,Male,1979.0,41.0,Married,Full time
CAN,124075696,1.0,1.0,1.0,4.0,8.0,8.0,9.0,A religious person,5.0,Female,1956.0,63.0,Married,Retired/pensioned
CAN,124075697,1.0,1.0,3.0,1.0,10.0,8.0,10.0,A religious person,7.0,Male,1970.0,50.0,Divorced,Self employed
CAN,124075699,1.0,1.0,1.0,2.0,7.0,7.0,4.0,Not a religious person,8.0,Female,1977.0,43.0,Married,Self employed
CAN,124075700,1.0,1.0,1.0,3.0,2.0,2.0,1.0,Not a religious person,5.0,Male,1956.0,64.0,Living together as married,Retired/pensioned
CAN,124075702,2.0,2.0,2.0,2.0,7.0,3.0,5.0,Not a religious person,7.0,Male,1996.0,24.0,Single,Full time
CAN,124075703,2.0,3.0,2.0,2.0,9.0,9.0,8.0,An atheist,6.0,Male,1966.0,53.0,Married,Unemployed
CAN,124075704,2.0,1.0,1.0,1.0,9.0,4.0,6.0,An atheist,3.0,Male,1997.0,23.0,Single,Full time
CAN,124075705,1.0,1.0,1.0,2.0,6.0,5.0,2.0,An atheist,3.0,Female,2001.0,19.0,Single,Student
CAN,124075706,1.0,1.0,1.0,4.0,7.0,8.0,8.0,Not a religious person,5.0,Male,1954.0,65.0,Married,Retired/pensioned
CAN,124075707,1.0,2.0,1.0,2.0,6.0,4.0,6.0,Not a religious person,5.0,Female,1980.0,40.0,Living together as married,Homemaker not otherwise employed
CAN,124075710,1.0,1.0,2.0,1.0,8.0,6.0,6.0,Not a religious person,3.0,Male,1976.0,44.0,Single,Full time
CAN,124075712,1.0,1.0,1.0,1.0,9.0,8.0,9.0,A religious person,8.0,Male,1991.0,29.0,Married,Full time
CAN,124075714,2.0,3.0,1.0,2.0,5.0,5.0,7.0,Not a religious person,5.0,Male,1957.0,62.0,Single,Full time
CAN,124075716,1.0,2.0,1.0,1.0,7.0,7.0,7.0,Not a religious person,4.0,Female,1996.0,24.0,Living together as married,Student
CAN,124075717,2.0,2.0,1.0,2.0,5.0,4.0,4.0,Not a religious person,3.0,Male,1965.0,55.0,Married,Full time
CAN,124075720,1.0,2.0,3.0,3.0,8.0,8.0,8.0,Not a religious person,8.0,Female,1978.0,42.0,Married,Full time
CAN,124075721,1.0,1.0,1.0,2.0,7.0,7.0,3.0,Not a religious person,5.0,Male,1964.0,55.0,Divorced,Full time
CAN,124075722,1.0,2.0,1.0,2.0,7.0,3.0,1.0,A religious person,5.0,Male,1964.0,56.0,Separated,Unemployed
CAN,124075723,1.0,1.0,1.0,2.0,7.0,8.0,6.0,A religious person,6.0,Female,1972.0,47.0,Living together as married,Self employed
CAN,124075724,1.0,1.0,2.0,2.0,9.0,8.0,9.0,An atheist,5.0,Male,1996.0,24.0,Single,Full time
CAN,124075725,1.0,1.0,2.0,1.0,5.0,4.0,6.0,An atheist,6.0,Male,1996.0,24.0,Single,Full time
CAN,124075726,2.0,2.0,1.0,2.0,9.0,8.0,5.0,A religious person,3.0,Female,1956.0,63.0,Married,Unemployed
CAN,124075727,1.0,1.0,2.0,2.0,7.0,8.0,7.0,A religious person,10.0,Male,2000.0,20.0,Single,Part time
CAN,124075728,2.0,4.0,1.0,2.0,7.0,4.0,6.0,An atheist,2.0,Female,1971.0,49.0,Married,Full time
CAN,124075729,1.0,1.0,1.0,1.0,8.0,8.0,7.0,Not a religious person,3.0,Female,1997.0,23.0,Single,Student
CAN,124075732,3.0,2.0,2.0,2.0,6.0,7.0,7.0,Not a religious person,3.0,Female,2000.0,20.0,Living together as married,Student
CAN,124075733,1.0,2.0,2.0,1.0,7.0,5.0,5.0,A religious person,6.0,Female,1953.0,67.0,Married,Part time
CAN,124075734,1.0,2.0,2.0,2.0,9.0,8.0,9.0,A religious person,2.0,Female,1958.0,62.0,Separated,Homemaker not otherwise employed
CAN,124075735,1.0,2.0,2.0,1.0,6.0,6.0,6.0,Not a religious person,5.0,Male,1968.0,52.0,Widowed,Full time
CAN,124075736,3.0,2.0,1.0,2.0,3.0,3.0,1.0,Not a religious person,2.0,Male,1980.0,40.0,Single,Full time
CAN,124075738,2.0,2.0,2.0,2.0,5.0,6.0,5.0,Not a religious person,5.0,Male,1980.0,40.0,Single,Full time
CAN,124075740,1.0,2.0,2.0,4.0,8.0,10.0,9.0,A religious person,7.0,Female,1945.0,75.0,Married,Retired/pensioned
CAN,124075741,1.0,1.0,2.0,4.0,8.0,9.0,10.0,An atheist,2.0,Male,1938.0,82.0,Widowed,Retired/pensioned
CAN,124075742,1.0,1.0,1.0,3.0,5.0,4.0,1.0,An atheist,5.0,Female,1996.0,23.0,Single,Homemaker not otherwise employed
CAN,124075744,1.0,1.0,1.0,1.0,9.0,9.0,9.0,Not a religious person,4.0,Male,1959.0,60.0,Married,Retired/pensioned
CAN,124075746,1.0,2.0,1.0,2.0,8.0,7.0,6.0,An atheist,3.0,Female,1981.0,39.0,Living together as married,Full time
CAN,124075749,1.0,2.0,3.0,1.0,7.0,8.0,7.0,A religious person,6.0,Male,1954.0,65.0,Single,Self employed
CAN,124075750,1.0,3.0,2.0,2.0,7.0,7.0,8.0,A religious person,9.0,Male,1974.0,46.0,Married,Part time
CAN,124075751,1.0,1.0,2.0,2.0,9.0,9.0,10.0,A religious person,5.0,Female,1975.0,45.0,Married,Retired/pensioned
CAN,124075753,1.0,2.0,2.0,3.0,3.0,2.0,6.0,Not a religious person,5.0,Female,1966.0,54.0,Single,Retired/pensioned
CAN,124075755,1.0,1.0,1.0,3.0,7.0,8.0,9.0,Not a religious person,5.0,Female,1946.0,74.0,Married,Retired/pensioned
CAN,124075756,1.0,1.0,1.0,1.0,10.0,10.0,7.0,Not a religious person,5.0,Female,1963.0,57.0,Divorced,Unemployed
CAN,124075757,1.0,1.0,1.0,2.0,8.0,5.0,3.0,Not a religious person,6.0,Male,1980.0,40.0,Married,Self employed
CAN,124075758,2.0,1.0,2.0,4.0,7.0,7.0,8.0,Not a religious person,8.0,Female,1957.0,63.0,Married,Retired/pensioned
CAN,124075759,1.0,1.0,1.0,4.0,10.0,9.0,8.0,Not a religious person,5.0,Female,1960.0,60.0,Married,Retired/pensioned
CAN,124075760,1.0,2.0,1.0,3.0,10.0,9.0,10.0,A religious person,6.0,Male,1948.0,72.0,Married,Retired/pensioned
CAN,124075761,1.0,1.0,1.0,2.0,9.0,8.0,8.0,Not a religious person,4.0,Male,1955.0,65.0,Married,Retired/pensioned
CAN,124075764,1.0,1.0,2.0,2.0,6.0,8.0,5.0,A religious person,7.0,Female,1974.0,46.0,Married,Self employed
CAN,124075765,1.0,2.0,1.0,1.0,9.0,8.0,5.0,Not a religious person,5.0,Female,1958.0,62.0,Single,Full time
CAN,124075766,4.0,4.0,2.0,4.0,4.0,1.0,1.0,An atheist,2.0,Male,1980.0,40.0,Single,Unemployed
CAN,124075767,1.0,1.0,1.0,2.0,8.0,9.0,10.0,A religious person,8.0,Male,1968.0,52.0,Married,Part time
CAN,124075768,2.0,3.0,1.0,2.0,9.0,2.0,3.0,An atheist,3.0,Male,1974.0,46.0,Single,Part time
CAN,124075769,1.0,3.0,1.0,2.0,8.0,5.0,3.0,Not a religious person,3.0,Female,1971.0,48.0,Living together as married,Full time
CAN,124075770,1.0,1.0,1.0,4.0,10.0,9.0,10.0,A religious person,4.0,Male,1942.0,78.0,Married,Retired/pensioned
CAN,124075771,1.0,1.0,2.0,2.0,6.0,8.0,7.0,A religious person,5.0,Female,1970.0,50.0,Married,Homemaker not otherwise employed
CAN,124075772,1.0,1.0,2.0,2.0,9.0,8.0,7.0,A religious person,6.0,Female,1952.0,68.0,Married,Retired/pensioned
CAN,124075773,2.0,1.0,1.0,2.0,8.0,7.0,7.0,Not a religious person,3.0,Female,1981.0,39.0,Single,Full time
CAN,124075774,1.0,2.0,3.0,4.0,9.0,8.0,5.0,A religious person,5.0,Female,1975.0,45.0,Married,Other
CAN,124075775,1.0,1.0,2.0,1.0,6.0,7.0,5.0,Not a religious person,5.0,Male,1982.0,38.0,Living together as married,Full time
CAN,124075777,3.0,2.0,2.0,4.0,10.0,9.0,7.0,A religious person,5.0,Female,1943.0,77.0,Widowed,Retired/pensioned
CAN,124075778,1.0,1.0,2.0,2.0,8.0,7.0,7.0,A religious person,9.0,Female,1997.0,22.0,Single,Student
CAN,124075779,1.0,1.0,2.0,2.0,8.0,8.0,9.0,A religious person,7.0,Male,1960.0,59.0,Married,Full time
CAN,124075780,1.0,1.0,1.0,1.0,3.0,7.0,7.0,Not a religious person,5.0,Male,1951.0,69.0,Married,Retired/pensioned
CAN,124075781,1.0,1.0,1.0,4.0,10.0,8.0,7.0,A religious person,5.0,Female,1949.0,71.0,Single,Retired/pensioned
CAN,124075782,1.0,2.0,1.0,1.0,9.0,9.0,9.0,A religious person,5.0,Female,1950.0,70.0,Married,Retired/pensioned
CAN,124075783,1.0,1.0,1.0,1.0,5.0,6.0,5.0,A religious person,6.0,Female,1996.0,24.0,Single,Student
CAN,124075784,2.0,2.0,2.0,2.0,8.0,9.0,8.0,An atheist,7.0,Male,1966.0,53.0,Married,Full time
CAN,124075786,1.0,2.0,2.0,2.0,8.0,8.0,9.0,A religious person,2.0,Female,1960.0,60.0,Married,Full time
CAN,124075787,1.0,2.0,1.0,2.0,10.0,9.0,8.0,Not a religious person,5.0,Female,1962.0,58.0,Married,Full time
CAN,124075788,1.0,2.0,1.0,1.0,8.0,8.0,3.0,Not a religious person,8.0,Male,1941.0,79.0,Married,Retired/pensioned
CAN,124075789,1.0,2.0,2.0,1.0,10.0,9.0,7.0,Not a religious person,1.0,Female,1983.0,37.0,Living together as married,Full time
CAN,124075790,1.0,1.0,2.0,2.0,8.0,8.0,7.0,A religious person,6.0,Male,1953.0,67.0,Married,Retired/pensioned
CAN,124075791,1.0,2.0,1.0,2.0,6.0,6.0,6.0,An atheist,8.0,Male,1984.0,36.0,Married,Unemployed
CAN,124075792,1.0,1.0,2.0,2.0,8.0,8.0,7.0,Not a religious person,5.0,Female,1983.0,37.0,Married,Full time
CAN,124075793,1.0,1.0,1.0,2.0,8.0,9.0,9.0,Not a religious person,6.0,Female,1956.0,63.0,Living together as married,Full time
CAN,124075795,1.0,2.0,1.0,4.0,8.0,8.0,7.0,Not a religious person,7.0,Female,1961.0,59.0,Married,Retired/pensioned
CAN,124075796,1.0,2.0,2.0,2.0,7.0,6.0,8.0,Not a religious person,6.0,Male,1982.0,38.0,Married,Full time
CAN,124075797,1.0,2.0,1.0,2.0,6.0,7.0,5.0,A religious person,8.0,Male,1966.0,53.0,Married,Part time
CAN,124075798,1.0,1.0,1.0,2.0,7.0,7.0,7.0,Not a religious person,7.0,Female,1975.0,45.0,Married,Full time
CAN,124075799,1.0,1.0,1.0,2.0,8.0,8.0,8.0,A religious person,5.0,Male,1942.0,78.0,Married,Retired/pensioned
CAN,124075800,2.0,1.0,2.0,2.0,5.0,8.0,7.0,An atheist,6.0,Male,1983.0,37.0,Divorced,Full time
CAN,124075802,1.0,1.0,2.0,2.0,7.0,7.0,6.0,Not a religious person,7.0,Female,1999.0,21.0,Single,Student
CAN,124075803,1.0,1.0,2.0,3.0,9.0,8.0,8.0,Not a religious person,5.0,Female,1952.0,68.0,Living together as married,Retired/pensioned
CAN,124075804,1.0,2.0,2.0,1.0,8.0,9.0,7.0,A religious person,6.0,Male,1971.0,48.0,Married,Full time
CAN,124075805,1.0,2.0,1.0,2.0,9.0,9.0,10.0,A religious person,3.0,Male,1948.0,71.0,Married,Part time
CAN,124075807,1.0,2.0,2.0,1.0,8.0,8.0,9.0,Not a religious person,6.0,Male,1978.0,42.0,Married,Full time
CAN,124075808,1.0,2.0,1.0,2.0,5.0,5.0,5.0,An atheist,5.0,Female,1976.0,44.0,Divorced,Part time
CAN,124075810,1.0,1.0,2.0,2.0,4.0,5.0,7.0,A religious person,5.0,Male,1971.0,49.0,Married,Other
CAN,124075812,1.0,3.0,2.0,2.0,4.0,6.0,8.0,A religious person,6.0,Female,1960.0,60.0,Married,Unemployed
CAN,124075813,1.0,1.0,2.0,4.0,9.0,8.0,8.0,Not a religious person,5.0,Female,1955.0,65.0,Married,Retired/pensioned
CAN,124075814,1.0,2.0,2.0,2.0,10.0,5.0,8.0,Not a religious person,1.0,Female,1948.0,72.0,Married,Retired/pensioned
CAN,124075816,1.0,1.0,1.0,2.0,8.0,7.0,8.0,Not a religious person,7.0,Male,1935.0,85.0,Divorced,Retired/pensioned
CAN,124075818,1.0,1.0,2.0,2.0,8.0,8.0,8.0,A religious person,5.0,Female,1962.0,57.0,Married,Full time
CAN,124075819,1.0,2.0,1.0,1.0,8.0,7.0,5.0,A religious person,5.0,Male,1948.0,72.0,Married,Retired/pensioned
CAN,124075821,1.0,1.0,1.0,2.0,5.0,5.0,5.0,A religious person,5.0,Female,1985.0,35.0,Single,Other
CAN,124075822,1.0,1.0,2.0,1.0,8.0,9.0,9.0,A religious person,5.0,Male,1978.0,42.0,Married,Full time
CAN,124075823,2.0,2.0,1.0,1.0,8.0,9.0,6.0,Not a religious person,5.0,Female,1974.0,45.0,Married,Self employed
CAN,124075826,1.0,1.0,1.0,2.0,8.0,8.0,9.0,An atheist,5.0,Female,1957.0,63.0,Married,Retired/pensioned
CAN,124075827,1.0,1.0,2.0,2.0,10.0,8.0,7.0,A religious person,6.0,Female,1985.0,35.0,Married,Self employed
CAN,124075828,1.0,1.0,2.0,2.0,9.0,8.0,9.0,A religious person,5.0,Female,1960.0,60.0,Married,Retired/pensioned
CAN,124075829,1.0,1.0,1.0,3.0,10.0,9.0,9.0,An atheist,3.0,Female,1954.0,65.0,Married,Retired/pensioned
CAN,124075830,1.0,2.0,2.0,2.0,7.0,7.0,9.0,Not a religious person,4.0,Male,1962.0,58.0,Married,Retired/pensioned
CAN,124075833,2.0,1.0,1.0,1.0,10.0,6.0,7.0,Not a religious person,5.0,Female,1962.0,57.0,Divorced,Retired/pensioned
CAN,124075834,1.0,4.0,3.0,3.0,8.0,4.0,6.0,Not a religious person,3.0,Male,2000.0,20.0,Divorced,Self employed
CAN,124075835,1.0,2.0,2.0,3.0,5.0,5.0,6.0,A religious person,6.0,Male,1957.0,63.0,Married,Retired/pensioned
CAN,124075836,2.0,2.0,1.0,4.0,6.0,1.0,1.0,An atheist,10.0,Male,1968.0,52.0,Separated,Full time
CAN,124075837,1.0,2.0,1.0,1.0,6.0,6.0,2.0,A religious person,6.0,Female,1965.0,55.0,Married,Full time
CAN,124075839,1.0,1.0,1.0,1.0,8.0,8.0,10.0,A religious person,4.0,Male,1970.0,50.0,Married,Full time
CAN,124075841,1.0,2.0,2.0,2.0,8.0,6.0,9.0,Not a religious person,4.0,Male,2000.0,20.0,Single,Student
CAN,124075842,1.0,2.0,2.0,1.0,5.0,5.0,3.0,Not a religious person,5.0,Female,1984.0,36.0,Living together as married,Unemployed
CAN,124075843,1.0,1.0,1.0,3.0,8.0,8.0,8.0,Not a religious person,7.0,Male,1943.0,77.0,Married,Retired/pensioned
CAN,124075844,1.0,2.0,2.0,2.0,9.0,7.0,8.0,An atheist,4.0,Male,1985.0,35.0,Living together as married,Full time
CAN,124075846,1.0,2.0,1.0,2.0,6.0,4.0,5.0,Not a religious person,4.0,Male,1982.0,37.0,Single,Full time
CAN,124075847,1.0,1.0,1.0,1.0,6.0,5.0,5.0,A religious person,6.0,Male,1999.0,21.0,Single,Student
CAN,124075848,1.0,1.0,1.0,1.0,9.0,8.0,9.0,A religious person,8.0,Female,1996.0,24.0,Single,Student
CAN,124075850,1.0,3.0,3.0,3.0,5.0,5.0,5.0,A religious person,5.0,Female,1970.0,50.0,Living together as married,Full time
CAN,124075851,2.0,2.0,2.0,3.0,8.0,5.0,7.0,Not a religious person,5.0,Female,1976.0,43.0,Married,Self employed
CAN,124075852,1.0,2.0,2.0,1.0,7.0,8.0,8.0,Not a religious person,6.0,Male,1968.0,52.0,Married,Full time
CAN,124075853,1.0,1.0,2.0,2.0,7.0,9.0,4.0,A religious person,5.0,Male,1946.0,74.0,Married,Retired/pensioned
CAN,124075856,2.0,3.0,2.0,4.0,4.0,1.0,1.0,Not a religious person,5.0,Female,1982.0,38.0,Living together as married,Full time
CAN,124075857,1.0,1.0,1.0,2.0,8.0,8.0,2.0,An atheist,3.0,Female,2000.0,20.0,Single,Part time
CAN,124075858,1.0,2.0,1.0,1.0,7.0,4.0,5.0,Not a religious person,5.0,Female,1995.0,24.0,Single,Part time
CAN,124075859,2.0,1.0,2.0,2.0,10.0,9.0,8.0,An atheist,5.0,Male,1944.0,76.0,Single,Self employed
CAN,124075860,1.0,1.0,2.0,1.0,9.0,7.0,8.0,Not a religious person,7.0,Female,1978.0,42.0,Living together as married,Self employed
CAN,124075862,1.0,1.0,1.0,3.0,7.0,6.0,5.0,A religious person,6.0,Male,1983.0,37.0,Married,Full time
CAN,124075865,1.0,1.0,1.0,1.0,8.0,4.0,3.0,Not a religious person,5.0,Female,1997.0,22.0,Single,Student
CAN,124075866,1.0,1.0,1.0,1.0,6.0,7.0,6.0,Not a religious person,5.0,Female,1987.0,33.0,Married,Full time
CAN,124075876,1.0,1.0,1.0,2.0,7.0,8.0,6.0,Not a religious person,1.0,Female,1951.0,69.0,Separated,Retired/pensioned
CAN,124075942,1.0,2.0,1.0,1.0,10.0,7.0,4.0,A religious person,7.0,Male,1983.0,37.0,Living together as married,Full time
CAN,124075943,1.0,1.0,1.0,2.0,8.0,8.0,8.0,An atheist,3.0,Female,1981.0,39.0,Married,Full time
CAN,124075948,3.0,2.0,2.0,2.0,7.0,4.0,6.0,An atheist,5.0,Male,1974.0,46.0,Single,Full time
CAN,124075950,1.0,1.0,1.0,4.0,8.0,9.0,10.0,A religious person,6.0,Male,1957.0,63.0,Married,Other
CAN,124075954,1.0,1.0,2.0,2.0,9.0,9.0,9.0,Not a religious person,4.0,Male,1971.0,49.0,Married,Full time
CAN,124075955,1.0,2.0,2.0,1.0,7.0,7.0,4.0,A religious person,5.0,Female,1986.0,34.0,Living together as married,Full time
CAN,124075956,1.0,2.0,2.0,1.0,9.0,9.0,7.0,An atheist,7.0,Male,1965.0,55.0,Living together as married,Full time
CAN,124075957,3.0,2.0,2.0,2.0,6.0,6.0,5.0,A religious person,3.0,Male,1970.0,49.0,Single,Homemaker not otherwise employed
CAN,124075958,1.0,2.0,1.0,2.0,10.0,7.0,5.0,Not a religious person,5.0,Female,1983.0,37.0,Living together as married,Other
CAN,124075959,1.0,1.0,2.0,1.0,8.0,7.0,9.0,Not a religious person,8.0,Male,1997.0,23.0,Living together as married,Full time
CAN,124075960,1.0,1.0,1.0,2.0,8.0,8.0,8.0,Not a religious person,5.0,Male,1959.0,61.0,Married,Full time
CAN,124075962,1.0,1.0,2.0,1.0,7.0,8.0,5.0,Not a religious person,6.0,Female,1975.0,45.0,Living together as married,Full time
CAN,124075963,1.0,1.0,1.0,2.0,10.0,8.0,8.0,A religious person,4.0,Male,1976.0,44.0,Married,Full time
CAN,124075964,1.0,1.0,2.0,3.0,4.0,4.0,5.0,A religious person,6.0,Female,1979.0,41.0,Living together as married,Unemployed
CAN,124075965,1.0,1.0,1.0,4.0,5.0,8.0,9.0,Not a religious person,8.0,Male,1957.0,63.0,Married,Retired/pensioned
CAN,124075966,1.0,2.0,1.0,2.0,6.0,8.0,5.0,Not a religious person,4.0,Male,1962.0,58.0,Married,Full time
CAN,124075967,2.0,3.0,1.0,1.0,5.0,7.0,8.0,A religious person,7.0,Male,1975.0,45.0,Married,Full time
CAN,124075968,1.0,1.0,1.0,3.0,7.0,7.0,6.0,Not a religious person,5.0,Male,1951.0,69.0,Married,Retired/pensioned
CAN,124075969,1.0,1.0,1.0,2.0,8.0,8.0,8.0,An atheist,2.0,Female,1998.0,22.0,Single,Student
CAN,124075970,1.0,2.0,1.0,2.0,6.0,5.0,6.0,A religious person,5.0,Female,1999.0,21.0,Single,Part time
CAN,124075971,1.0,1.0,1.0,1.0,9.0,9.0,9.0,Not a religious person,3.0,Male,1946.0,74.0,Divorced,Self employed
CAN,124075972,1.0,2.0,1.0,3.0,8.0,8.0,9.0,A religious person,5.0,Female,1942.0,77.0,Married,Retired/pensioned
CAN,124075973,2.0,2.0,2.0,2.0,7.0,7.0,7.0,Not a religious person,6.0,Male,1975.0,45.0,Single,Full time
CAN,124075976,1.0,2.0,2.0,1.0,9.0,10.0,9.0,A religious person,9.0,Male,1979.0,41.0,Single,Full time
CAN,124075977,1.0,1.0,1.0,1.0,10.0,10.0,10.0,Not a religious person,10.0,Male,1957.0,63.0,Separated,Full time
CAN,124075979,1.0,1.0,2.0,1.0,8.0,8.0,6.0,A religious person,7.0,Female,1951.0,69.0,Married,Retired/pensioned
CAN,124075981,3.0,3.0,2.0,2.0,5.0,5.0,5.0,An atheist,5.0,Male,1982.0,38.0,Single,Unemployed
CAN,124075982,1.0,2.0,2.0,3.0,8.0,6.0,5.0,Not a religious person,5.0,Male,1978.0,42.0,Married,Full time
CAN,124075984,1.0,1.0,1.0,1.0,10.0,10.0,10.0,A religious person,5.0,Female,1949.0,71.0,Widowed,Retired/pensioned
CAN,124075985,1.0,2.0,1.0,1.0,5.0,4.0,2.0,Not a religious person,1.0,Male,1954.0,66.0,Divorced,Unemployed
CAN,124075986,1.0,1.0,2.0,4.0,8.0,7.0,7.0,An atheist,5.0,Female,1958.0,62.0,Married,Retired/pensioned
CAN,124075987,1.0,1.0,1.0,2.0,8.0,8.0,10.0,A religious person,8.0,Male,1956.0,64.0,Married,Self employed
CAN,124075988,1.0,1.0,2.0,2.0,8.0,9.0,9.0,Not a religious person,5.0,Male,1956.0,64.0,Married,Retired/pensioned
CAN,124075989,2.0,1.0,2.0,2.0,5.0,2.0,1.0,A religious person,8.0,Male,1963.0,57.0,Divorced,Unemployed
CAN,124075990,1.0,1.0,1.0,2.0,8.0,8.0,7.0,Not a religious person,6.0,Female,1995.0,24.0,Living together as married,Part time
CAN,124075992,1.0,2.0,2.0,1.0,10.0,9.0,9.0,A religious person,9.0,Male,1978.0,42.0,Single,Full time
CAN,124075994,1.0,1.0,2.0,2.0,9.0,7.0,7.0,Not a religious person,5.0,Male,1988.0,32.0,Living together as married,Full time
CAN,124075995,1.0,1.0,1.0,2.0,8.0,8.0,6.0,Not a religious person,3.0,Male,1974.0,45.0,Single,Full time
CAN,124075997,1.0,2.0,2.0,1.0,6.0,7.0,5.0,Not a religious person,5.0,Female,1971.0,49.0,Living together as married,Part time
CAN,124075999,1.0,2.0,2.0,2.0,7.0,9.0,8.0,Not a religious person,7.0,Male,1979.0,41.0,Single,Full time
CAN,124076000,2.0,1.0,1.0,3.0,9.0,7.0,5.0,An atheist,2.0,Male,1980.0,40.0,Single,Student
CAN,124076001,2.0,1.0,1.0,2.0,7.0,9.0,8.0,An atheist,2.0,Male,1987.0,33.0,Married,Full time
CAN,124076002,1.0,1.0,2.0,1.0,6.0,8.0,6.0,A religious person,6.0,Male,1970.0,50.0,Married,Full time
CAN,124076003,1.0,1.0,1.0,3.0,6.0,7.0,6.0,A religious person,3.0,Female,1955.0,65.0,Widowed,Retired/pensioned
CAN,124076005,1.0,1.0,2.0,2.0,9.0,7.0,7.0,Not a religious person,5.0,Male,1954.0,66.0,Married,Unemployed
CAN,124076006,1.0,1.0,2.0,1.0,8.0,8.0,8.0,An atheist,5.0,Male,1975.0,44.0,Living together as married,Full time
CAN,124076008,1.0,1.0,2.0,1.0,8.0,8.0,5.0,A religious person,5.0,Female,1966.0,54.0,Married,Full time
CAN,124076009,1.0,2.0,2.0,1.0,8.0,7.0,8.0,A religious person,7.0,Male,1980.0,39.0,Married,Full time
CAN,124076010,1.0,2.0,2.0,2.0,8.0,7.0,8.0,Not a religious person,8.0,Male,1962.0,57.0,Single,Full time
CAN,124076011,2.0,1.0,2.0,1.0,7.0,8.0,2.0,A religious person,3.0,Female,1995.0,25.0,Single,Student
CAN,124076012,1.0,1.0,1.0,2.0,10.0,9.0,10.0,A religious person,2.0,Female,2000.0,20.0,Single,Student
CAN,124076013,1.0,1.0,2.0,4.0,6.0,8.0,7.0,Not a religious person,4.0,Male,1956.0,64.0,Living together as married,Retired/pensioned
CAN,124076015,1.0,2.0,2.0,1.0,5.0,6.0,6.0,An atheist,5.0,Female,1987.0,32.0,Living together as married,Full time
CAN,124076016,2.0,2.0,1.0,1.0,5.0,8.0,8.0,An atheist,1.0,Male,2002.0,18.0,Single,Student
CAN,124076017,3.0,4.0,2.0,2.0,6.0,6.0,7.0,Not a religious person,5.0,Male,1996.0,24.0,Single,Full time
CAN,124076019,1.0,1.0,2.0,1.0,9.0,10.0,9.0,A religious person,9.0,Male,1980.0,40.0,Single,Full time
CAN,124076020,1.0,1.0,2.0,1.0,9.0,9.0,9.0,An atheist,8.0,Male,1997.0,23.0,Living together as married,Student
CAN,124076023,2.0,1.0,3.0,1.0,2.0,1.0,5.0,An atheist,5.0,Male,2001.0,19.0,Single,Full time
CAN,124076061,1.0,2.0,2.0,1.0,9.0,6.0,6.0,An atheist,4.0,Male,1977.0,43.0,Married,Unemployed
CAN,124076063,1.0,1.0,1.0,1.0,7.0,10.0,10.0,Not a religious person,10.0,Male,1970.0,50.0,Single,Part time
CAN,124076065,1.0,1.0,1.0,1.0,4.0,5.0,5.0,Not a religious person,6.0,Male,1982.0,38.0,Married,Full time
CAN,124076066,1.0,1.0,1.0,4.0,6.0,7.0,7.0,A religious person,5.0,Male,1950.0,70.0,Separated,Retired/pensioned
CAN,124076067,2.0,2.0,3.0,4.0,8.0,7.0,8.0,Not a religious person,5.0,Female,1956.0,64.0,Married,Retired/pensioned
CAN,124076141,1.0,1.0,1.0,2.0,8.0,8.0,8.0,Not a religious person,5.0,Male,1983.0,37.0,Married,Full time
NZL,554070001,1.0,,1.0,2.0,8.0,8.0,8.0,Not a religious person,8.0,Female,1975.0,44.0,Married,Full time
NZL,554070002,1.0,3.0,2.0,1.0,8.0,8.0,7.0,A religious person,5.0,Female,1966.0,53.0,Married,Full time
NZL,554070003,1.0,1.0,1.0,2.0,8.0,9.0,8.0,Not a religious person,7.0,Female,1961.0,58.0,Married,Full time
NZL,554070004,1.0,1.0,1.0,1.0,9.0,8.0,8.0,Not a religious person,8.0,Female,1945.0,74.0,Divorced,Full time
NZL,554070005,1.0,1.0,1.0,,4.0,4.0,,Not a religious person,,Female,1999.0,20.0,Single,Unemployed
NZL,554070006,1.0,1.0,2.0,2.0,7.0,8.0,4.0,An atheist,5.0,Female,1943.0,76.0,Widowed,Retired/pensioned
NZL,554070007,1.0,2.0,2.0,1.0,9.0,8.0,5.0,Not a religious person,4.0,Female,1987.0,32.0,Living together as married,Part time
NZL,554070008,1.0,1.0,1.0,1.0,8.0,8.0,8.0,A religious person,5.0,Male,1954.0,65.0,Married,Full time
NZL,554070009,1.0,1.0,1.0,1.0,8.0,8.0,8.0,Not a religious person,8.0,Female,1965.0,54.0,Married,Part time
NZL,554070010,2.0,3.0,3.0,4.0,7.0,7.0,7.0,Not a religious person,6.0,Male,1943.0,76.0,Married,Retired/pensioned
NZL,554070011,1.0,2.0,2.0,4.0,8.0,8.0,9.0,Not a religious person,4.0,Male,1942.0,77.0,Widowed,Retired/pensioned
NZL,554070012,1.0,1.0,1.0,2.0,10.0,8.0,8.0,Not a religious person,7.0,Female,1977.0,42.0,Married,Full time
NZL,554070013,1.0,2.0,1.0,1.0,9.0,9.0,8.0,Not a religious person,3.0,Female,1971.0,48.0,Married,Full time
NZL,554070014,1.0,2.0,2.0,1.0,9.0,9.0,8.0,An atheist,6.0,Male,1959.0,60.0,Separated,Full time
NZL,554070015,1.0,2.0,2.0,1.0,7.0,8.0,8.0,,4.0,Female,1963.0,56.0,Married,Part time
NZL,554070016,1.0,1.0,1.0,,4.0,5.0,8.0,Not a religious person,1.0,Female,1999.0,20.0,Single,Student
NZL,554070017,1.0,1.0,1.0,2.0,,,,Not a religious person,6.0,Female,1967.0,52.0,,Full time
NZL,554070018,1.0,2.0,2.0,1.0,5.0,9.0,9.0,A religious person,9.0,Female,1953.0,66.0,Married,Retired/pensioned
NZL,554070019,1.0,1.0,2.0,4.0,8.0,5.0,7.0,,3.0,Male,1941.0,78.0,Married,Retired/pensioned
NZL,554070020,1.0,2.0,1.0,4.0,5.0,7.0,3.0,A religious person,7.0,Male,1947.0,72.0,Divorced,Retired/pensioned
NZL,554070021,1.0,1.0,2.0,1.0,7.0,7.0,7.0,A religious person,7.0,Male,1958.0,61.0,Living together as married,Unemployed
NZL,554070022,2.0,2.0,,4.0,10.0,10.0,10.0,An atheist,4.0,Male,1942.0,77.0,Married,Retired/pensioned
NZL,554070023,1.0,1.0,1.0,4.0,10.0,10.0,9.0,Not a religious person,6.0,Male,1951.0,68.0,Married,Retired/pensioned
NZL,554070024,1.0,1.0,1.0,2.0,8.0,8.0,7.0,An atheist,7.0,Female,1957.0,62.0,Divorced,Part time
NZL,554070025,1.0,1.0,2.0,2.0,10.0,8.0,8.0,A religious person,6.0,Female,1995.0,24.0,Single,Full time
NZL,554070026,1.0,2.0,1.0,4.0,4.0,4.0,5.0,A religious person,8.0,Female,1943.0,76.0,Married,Retired/pensioned
NZL,554070027,1.0,3.0,1.0,1.0,8.0,7.0,7.0,Not a religious person,5.0,Female,1963.0,56.0,Married,Full time
NZL,554070028,1.0,1.0,1.0,2.0,10.0,10.0,10.0,A religious person,10.0,Female,1946.0,73.0,Married,Retired/pensioned
NZL,554070029,1.0,2.0,2.0,4.0,9.0,9.0,8.0,Not a religious person,3.0,Female,1955.0,64.0,Living together as married,Retired/pensioned
NZL,554070030,1.0,1.0,1.0,2.0,,9.0,8.0,Not a religious person,5.0,Female,1958.0,61.0,Married,Full time
NZL,554070031,1.0,1.0,1.0,2.0,9.0,9.0,6.0,A religious person,,Female,1995.0,24.0,Living together as married,Homemaker not otherwise employed
NZL,554070032,1.0,1.0,1.0,2.0,8.0,8.0,7.0,An atheist,7.0,Male,1974.0,45.0,Married,Part time
NZL,554070033,1.0,2.0,2.0,4.0,8.0,9.0,9.0,Not a religious person,,Female,1946.0,73.0,Married,Retired/pensioned
NZL,554070034,2.0,2.0,1.0,2.0,9.0,9.0,8.0,Not a religious person,7.0,Male,1939.0,80.0,Married,Retired/pensioned
NZL,554070035,2.0,2.0,2.0,3.0,9.0,5.0,6.0,An atheist,7.0,Male,1965.0,54.0,Separated,Part time
NZL,554070036,1.0,2.0,1.0,2.0,9.0,9.0,9.0,An atheist,6.0,Female,1987.0,32.0,Married,Part time
NZL,554070037,1.0,1.0,1.0,2.0,7.0,8.0,7.0,Not a religious person,,Female,1986.0,33.0,Living together as married,Homemaker not otherwise employed
NZL,554070038,1.0,1.0,2.0,2.0,10.0,10.0,10.0,A religious person,5.0,Male,1931.0,88.0,Widowed,Retired/pensioned
NZL,554070039,1.0,2.0,2.0,3.0,7.0,9.0,10.0,A religious person,4.0,Female,1999.0,20.0,Single,Part time
NZL,554070040,1.0,1.0,1.0,4.0,10.0,8.0,10.0,A religious person,,Female,1945.0,74.0,Married,
NZL,554070041,1.0,2.0,2.0,2.0,9.0,9.0,9.0,Don't know,7.0,Female,1976.0,43.0,Married,Part time
NZL,554070042,1.0,2.0,2.0,2.0,8.0,9.0,9.0,An atheist,3.0,Male,1978.0,41.0,Married,Full time
NZL,554070043,1.0,1.0,1.0,2.0,9.0,9.0,6.0,Not a religious person,10.0,Female,1979.0,40.0,Married,Part time
NZL,554070044,1.0,1.0,2.0,2.0,9.0,9.0,9.0,Not a religious person,8.0,Male,1944.0,75.0,Married,Part time
NZL,554070045,1.0,1.0,3.0,,8.0,8.0,8.0,Not a religious person,4.0,Female,1938.0,81.0,Married,Retired/pensioned
NZL,554070046,1.0,2.0,2.0,2.0,8.0,9.0,9.0,Not a religious person,8.0,Male,1968.0,51.0,Married,Full time
NZL,554070047,1.0,2.0,2.0,4.0,8.0,8.0,9.0,Not a religious person,6.0,Male,1946.0,73.0,Married,Retired/pensioned
NZL,554070048,1.0,1.0,1.0,1.0,4.0,4.0,6.0,An atheist,2.0,Male,1959.0,60.0,Married,Full time
NZL,554070049,2.0,2.0,1.0,1.0,10.0,2.0,2.0,A religious person,9.0,Male,1948.0,71.0,Single,Full time
NZL,554070050,1.0,2.0,2.0,2.0,8.0,8.0,8.0,A religious person,,Male,1954.0,65.0,Married,Part time
NZL,554070051,1.0,1.0,1.0,3.0,5.0,7.0,5.0,A religious person,5.0,Male,1949.0,70.0,Living together as married,Retired/pensioned
NZL,554070052,1.0,1.0,1.0,2.0,9.0,9.0,8.0,A religious person,8.0,Male,1941.0,78.0,Widowed,Retired/pensioned
NZL,554070053,1.0,,1.0,4.0,6.0,10.0,9.0,An atheist,3.0,Male,1941.0,78.0,Married,Retired/pensioned
NZL,554070054,1.0,3.0,1.0,2.0,6.0,8.0,9.0,A religious person,5.0,Female,1964.0,55.0,Married,Full time
NZL,554070055,1.0,1.0,1.0,1.0,8.0,9.0,5.0,A religious person,5.0,Female,1966.0,53.0,Married,Full time
NZL,554070056,2.0,2.0,2.0,2.0,8.0,8.0,7.0,An atheist,7.0,Male,1989.0,30.0,Single,Full time
NZL,554070057,1.0,2.0,2.0,4.0,9.0,9.0,10.0,Not a religious person,7.0,Female,1942.0,77.0,Married,Retired/pensioned
NZL,554070058,1.0,2.0,2.0,,7.0,8.0,5.0,A religious person,3.0,Male,1938.0,81.0,Married,Retired/pensioned
NZL,554070059,1.0,1.0,1.0,4.0,7.0,8.0,8.0,,8.0,Male,1940.0,79.0,Divorced,Retired/pensioned
NZL,554070060,1.0,2.0,2.0,2.0,7.0,9.0,10.0,A religious person,4.0,Female,1960.0,59.0,Married,Full time
NZL,554070061,1.0,1.0,2.0,2.0,,7.0,9.0,A religious person,9.0,Female,1945.0,74.0,Married,Retired/pensioned
NZL,554070062,1.0,1.0,1.0,,7.0,8.0,5.0,Not a religious person,8.0,Female,1936.0,83.0,Widowed,Retired/pensioned
NZL,554070063,1.0,2.0,1.0,1.0,10.0,6.0,1.0,Not a religious person,8.0,Male,1978.0,41.0,Living together as married,Full time
NZL,554070064,1.0,1.0,1.0,2.0,10.0,9.0,9.0,Not a religious person,5.0,Female,1959.0,60.0,Married,Part time
NZL,554070065,,,,,8.0,8.0,9.0,Don't know,7.0,Male,1950.0,69.0,Married,Retired/pensioned
NZL,554070066,1.0,1.0,2.0,4.0,3.0,5.0,5.0,Not a religious person,,Male,1946.0,73.0,Widowed,Retired/pensioned
NZL,554070067,4.0,3.0,2.0,4.0,5.0,9.0,8.0,An atheist,2.0,Male,1946.0,73.0,Married,Retired/pensioned
NZL,554070068,1.0,1.0,1.0,2.0,6.0,8.0,8.0,A religious person,7.0,Male,1945.0,74.0,Married,Retired/pensioned
NZL,554070069,1.0,1.0,1.0,1.0,7.0,6.0,5.0,An atheist,4.0,Male,1989.0,30.0,Living together as married,Full time
NZL,554070070,1.0,1.0,2.0,2.0,7.0,8.0,8.0,A religious person,7.0,Male,1936.0,83.0,Married,Retired/pensioned
NZL,554070071,1.0,2.0,2.0,4.0,8.0,7.0,7.0,A religious person,,Male,1943.0,76.0,Married,Retired/pensioned
NZL,554070072,1.0,1.0,1.0,1.0,8.0,4.0,4.0,A religious person,4.0,Female,1950.0,69.0,Married,Retired/pensioned
NZL,554070073,3.0,2.0,2.0,3.0,7.0,7.0,5.0,A religious person,3.0,Female,1951.0,68.0,Married,Retired/pensioned
NZL,554070074,1.0,2.0,1.0,2.0,9.0,9.0,6.0,Not a religious person,10.0,Female,1961.0,58.0,Married,Part time
NZL,554070075,,,,,9.0,9.0,9.0,An atheist,5.0,Male,1947.0,72.0,Separated,Retired/pensioned
NZL,554070076,1.0,1.0,1.0,4.0,6.0,9.0,9.0,Not a religious person,3.0,Male,1939.0,80.0,Married,Retired/pensioned
NZL,554070077,1.0,1.0,2.0,1.0,8.0,8.0,8.0,Not a religious person,7.0,Female,1949.0,70.0,Married,Full time
NZL,554070078,1.0,3.0,3.0,4.0,5.0,3.0,2.0,A religious person,2.0,Male,1944.0,75.0,Married,Retired/pensioned
NZL,554070079,1.0,2.0,2.0,2.0,8.0,7.0,9.0,Not a religious person,6.0,Female,1972.0,47.0,Married,Part time
NZL,554070080,1.0,1.0,1.0,4.0,9.0,9.0,8.0,Not a religious person,4.0,Female,1946.0,73.0,Married,Retired/pensioned
NZL,554070081,2.0,1.0,2.0,4.0,8.0,7.0,8.0,A religious person,6.0,Female,1936.0,83.0,Single,Retired/pensioned
NZL,554070082,2.0,2.0,1.0,2.0,10.0,9.0,9.0,Don't know,10.0,Male,1972.0,47.0,Living together as married,Full time
NZL,554070083,,,,,4.0,1.0,3.0,Not a religious person,10.0,Male,1945.0,74.0,Separated,Retired/pensioned
NZL,554070084,1.0,2.0,2.0,2.0,10.0,9.0,8.0,Don't know,7.0,Female,1957.0,62.0,Married,Full time
NZL,554070085,1.0,1.0,3.0,1.0,10.0,8.0,8.0,A religious person,,Female,1963.0,56.0,Married,Homemaker not otherwise employed
NZL,554070086,1.0,2.0,2.0,3.0,8.0,8.0,7.0,Not a religious person,6.0,Female,1953.0,66.0,Married,Retired/pensioned
NZL,554070087,,,,,7.0,8.0,8.0,An atheist,8.0,Male,1998.0,21.0,Living together as married,Full time
NZL,554070088,1.0,1.0,1.0,2.0,5.0,7.0,8.0,An atheist,,Female,1962.0,57.0,Married,Part time
NZL,554070089,1.0,2.0,2.0,3.0,8.0,6.0,9.0,Not a religious person,5.0,Female,1977.0,42.0,Married,Homemaker not otherwise employed
NZL,554070090,1.0,1.0,1.0,4.0,9.0,8.0,9.0,Not a religious person,9.0,Female,1948.0,71.0,Living together as married,Retired/pensioned
NZL,554070091,1.0,2.0,2.0,1.0,8.0,9.0,7.0,Not a religious person,1.0,Male,1950.0,69.0,Married,Retired/pensioned
NZL,554070092,1.0,1.0,1.0,2.0,10.0,9.0,8.0,Not a religious person,,,,,Married,Part time
NZL,554070093,1.0,1.0,1.0,1.0,10.0,10.0,10.0,Not a religious person,5.0,Female,1945.0,74.0,Married,Retired/pensioned
NZL,554070094,1.0,1.0,1.0,2.0,8.0,5.0,9.0,An atheist,3.0,Male,1993.0,26.0,Single,Unemployed
NZL,554070095,1.0,1.0,3.0,4.0,7.0,7.0,7.0,Not a religious person,7.0,Female,1942.0,77.0,Widowed,Retired/pensioned
NZL,554070096,1.0,2.0,2.0,3.0,8.0,8.0,8.0,Not a religious person,2.0,Female,1942.0,77.0,Married,Retired/pensioned
NZL,554070097,1.0,2.0,1.0,1.0,4.0,4.0,4.0,Not a religious person,7.0,Male,1959.0,60.0,Widowed,Full time
NZL,554070098,1.0,2.0,3.0,1.0,8.0,7.0,6.0,A religious person,6.0,Female,1947.0,72.0,Married,Part time
NZL,554070099,1.0,3.0,1.0,1.0,,,,A religious person,,Female,1934.0,85.0,,Full time
NZL,554070100,2.0,2.0,1.0,4.0,5.0,7.0,5.0,Not a religious person,6.0,Male,1943.0,76.0,Married,Retired/pensioned
NZL,554070101,1.0,1.0,1.0,3.0,7.0,8.0,8.0,A religious person,,Female,1984.0,35.0,Married,Part time
NZL,554070102,2.0,2.0,2.0,2.0,,3.0,8.0,An atheist,,Male,1999.0,20.0,Single,Unemployed
NZL,554070103,1.0,1.0,1.0,2.0,9.0,9.0,7.0,A religious person,6.0,,,,Married,Retired/pensioned
NZL,554070104,1.0,2.0,1.0,1.0,9.0,8.0,7.0,Not a religious person,6.0,Male,1974.0,45.0,Married,Full time
NZL,554070105,1.0,2.0,2.0,2.0,8.0,8.0,5.0,Not a religious person,5.0,Male,1968.0,51.0,Married,Full time
NZL,554070106,1.0,2.0,1.0,2.0,9.0,7.0,6.0,A religious person,6.0,Male,1998.0,21.0,Single,Student
NZL,554070107,1.0,2.0,2.0,2.0,10.0,8.0,8.0,An atheist,,Female,1990.0,29.0,Married,Full time
NZL,554070108,1.0,2.0,1.0,2.0,7.0,3.0,2.0,Not a religious person,4.0,Female,1975.0,44.0,Married,Part time
NZL,554070109,1.0,1.0,2.0,1.0,10.0,9.0,9.0,A religious person,,Female,1948.0,71.0,Married,Retired/pensioned
NZL,554070110,,,,,10.0,10.0,8.0,Not a religious person,,Female,1942.0,77.0,Divorced,Retired/pensioned
NZL,554070111,2.0,2.0,4.0,2.0,2.0,2.0,3.0,Not a religious person,,Female,1951.0,68.0,Married,Full time
NZL,554070112,,,,,10.0,4.0,2.0,Not a religious person,,Female,1940.0,79.0,Widowed,Full time
NZL,554070113,1.0,2.0,1.0,1.0,9.0,5.0,10.0,Not a religious person,,Female,1966.0,53.0,Separated,Full time
NZL,554070114,1.0,1.0,1.0,1.0,10.0,9.0,9.0,An atheist,5.0,Female,1950.0,69.0,Divorced,Full time
NZL,554070115,1.0,1.0,1.0,,9.0,9.0,9.0,,4.0,Female,1941.0,78.0,Widowed,Retired/pensioned
NZL,554070116,1.0,2.0,1.0,3.0,2.0,4.0,8.0,Don't know,4.0,Female,1951.0,68.0,Widowed,Retired/pensioned
NZL,554070117,,,,,8.0,8.0,5.0,Not a religious person,,Male,1959.0,60.0,Married,Full time
NZL,554070118,1.0,2.0,1.0,2.0,7.0,9.0,7.0,Not a religious person,6.0,Male,,,Married,Full time
NZL,554070119,1.0,1.0,1.0,2.0,9.0,8.0,8.0,Don't know,9.0,Female,1954.0,65.0,Married,Full time
NZL,554070120,1.0,1.0,1.0,1.0,8.0,9.0,8.0,Not a religious person,5.0,Male,1941.0,78.0,Married,Retired/pensioned
NZL,554070121,1.0,2.0,3.0,2.0,10.0,10.0,9.0,A religious person,9.0,Male,1953.0,66.0,Married,Retired/pensioned
NZL,554070122,1.0,1.0,2.0,1.0,8.0,8.0,8.0,A religious person,1.0,Male,1934.0,85.0,Married,Retired/pensioned
NZL,554070123,,,,,9.0,8.0,8.0,A religious person,10.0,Male,1948.0,71.0,Married,Full time
NZL,554070124,1.0,1.0,1.0,2.0,9.0,9.0,10.0,A religious person,10.0,,,,Married,Part time
NZL,554070125,1.0,2.0,2.0,3.0,8.0,8.0,7.0,Not a religious person,6.0,Male,1952.0,67.0,Married,Retired/pensioned
NZL,554070126,1.0,1.0,2.0,1.0,7.0,6.0,3.0,Don't know,,Female,1956.0,63.0,Separated,Full time
NZL,554070127,1.0,1.0,1.0,4.0,7.0,5.0,10.0,A religious person,3.0,Male,1943.0,76.0,Married,Retired/pensioned
NZL,554070128,1.0,2.0,2.0,2.0,10.0,10.0,10.0,An atheist,2.0,Female,1976.0,43.0,Married,Part time
NZL,554070129,1.0,2.0,1.0,2.0,8.0,7.0,5.0,Not a religious person,5.0,Female,1956.0,63.0,Married,Part time
NZL,554070130,1.0,2.0,2.0,3.0,5.0,7.0,5.0,A religious person,3.0,Male,1945.0,74.0,Married,Full time
NZL,554070131,1.0,1.0,1.0,2.0,8.0,8.0,7.0,An atheist,7.0,Male,1977.0,42.0,Separated,Full time
NZL,554070132,1.0,1.0,1.0,1.0,6.0,4.0,4.0,Not a religious person,5.0,Female,1935.0,84.0,Widowed,Retired/pensioned
NZL,554070133,1.0,2.0,2.0,1.0,7.0,5.0,5.0,An atheist,6.0,Male,1967.0,52.0,Married,Full time
NZL,554070134,1.0,1.0,1.0,2.0,10.0,8.0,10.0,An atheist,6.0,Male,1948.0,71.0,Married,Retired/pensioned
NZL,554070135,1.0,1.0,1.0,4.0,8.0,9.0,8.0,A religious person,9.0,Female,1940.0,79.0,Married,Unemployed
NZL,554070136,1.0,1.0,2.0,4.0,7.0,7.0,7.0,Not a religious person,4.0,Female,1948.0,71.0,Married,Retired/pensioned
NZL,554070137,1.0,1.0,1.0,2.0,8.0,6.0,3.0,An atheist,3.0,Female,1963.0,56.0,Living together as married,Full time
NZL,554070138,1.0,1.0,1.0,3.0,3.0,3.0,4.0,Not a religious person,,Female,1968.0,51.0,Living together as married,Unemployed
NZL,554070139,1.0,1.0,1.0,4.0,9.0,9.0,9.0,Not a religious person,5.0,Female,1956.0,63.0,Married,Retired/pensioned
NZL,554070140,1.0,2.0,1.0,2.0,9.0,9.0,8.0,Not a religious person,2.0,Female,1974.0,45.0,Married,Full time
NZL,554070141,1.0,1.0,2.0,2.0,6.0,6.0,5.0,Not a religious person,4.0,Male,1958.0,61.0,Divorced,Full time
NZL,554070142,1.0,2.0,2.0,1.0,9.0,9.0,9.0,Not a religious person,9.0,Male,1940.0,79.0,Married,Retired/pensioned
NZL,554070143,,,,,10.0,8.0,8.0,An atheist,3.0,Female,1953.0,66.0,Living together as married,
NZL,554070144,1.0,1.0,2.0,1.0,6.0,7.0,6.0,A religious person,,Female,1963.0,56.0,Married,Unemployed
NZL,554070145,1.0,2.0,2.0,2.0,,9.0,9.0,A religious person,6.0,Female,1971.0,48.0,Married,Part time
NZL,554070146,1.0,1.0,1.0,3.0,9.0,9.0,9.0,Not a religious person,3.0,Male,1950.0,69.0,Married,Part time
NZL,554070147,1.0,2.0,,4.0,3.0,7.0,7.0,,9.0,Male,1934.0,85.0,Living together as married,Retired/pensioned
NZL,554070148,1.0,2.0,2.0,2.0,8.0,7.0,5.0,Don't know,5.0,Female,1988.0,31.0,Living together as married,Full time
NZL,554070149,1.0,2.0,2.0,2.0,3.0,3.0,1.0,Not a religious person,1.0,Male,1973.0,46.0,Single,Other
NZL,554070150,1.0,1.0,2.0,3.0,10.0,9.0,9.0,A religious person,4.0,Male,1948.0,71.0,Married,Retired/pensioned
NZL,554070151,1.0,1.0,2.0,1.0,7.0,10.0,9.0,Not a religious person,1.0,Female,1979.0,40.0,Married,Full time
NZL,554070152,1.0,2.0,2.0,3.0,8.0,8.0,4.0,Not a religious person,,Male,1948.0,71.0,Married,Retired/pensioned
NZL,554070153,1.0,2.0,2.0,,9.0,10.0,10.0,A religious person,7.0,Female,1940.0,79.0,Married,Retired/pensioned
NZL,554070154,1.0,1.0,1.0,1.0,7.0,3.0,2.0,Not a religious person,,Female,1945.0,74.0,Separated,Part time
NZL,554070155,1.0,1.0,1.0,1.0,8.0,8.0,8.0,Not a religious person,,Male,1953.0,66.0,Married,Full time
NZL,554070156,1.0,1.0,2.0,2.0,9.0,7.0,5.0,A religious person,5.0,Female,1938.0,81.0,Widowed,Retired/pensioned
NZL,554070157,1.0,1.0,1.0,1.0,10.0,10.0,10.0,A religious person,10.0,Female,1932.0,87.0,Married,Retired/pensioned
NZL,554070158,1.0,1.0,1.0,4.0,8.0,7.0,3.0,Not a religious person,,Female,1954.0,65.0,Married,
NZL,554070159,1.0,1.0,1.0,2.0,10.0,10.0,10.0,Not a religious person,,Female,1969.0,50.0,Single,Full time
NZL,554070160,1.0,3.0,3.0,1.0,5.0,4.0,4.0,Not a religious person,6.0,Male,1959.0,60.0,Married,Full time
NZL,554070161,1.0,2.0,3.0,1.0,8.0,6.0,4.0,A religious person,,Female,1957.0,62.0,Married,Part time
NZL,554070162,1.0,1.0,1.0,1.0,10.0,8.0,8.0,A religious person,6.0,Female,1967.0,52.0,Married,Full time
NZL,554070163,1.0,1.0,2.0,2.0,9.0,8.0,5.0,Not a religious person,7.0,Male,1942.0,77.0,Married,Retired/pensioned
NZL,554070164,1.0,1.0,1.0,2.0,9.0,9.0,9.0,A religious person,7.0,Male,1973.0,46.0,Single,Full time
NZL,554070165,1.0,1.0,2.0,3.0,,,,An atheist,3.0,Male,1951.0,68.0,,Retired/pensioned
NZL,554070166,1.0,1.0,1.0,2.0,8.0,9.0,8.0,Not a religious person,2.0,Female,1965.0,54.0,Living together as married,Full time
NZL,554070167,1.0,2.0,1.0,2.0,7.0,8.0,6.0,A religious person,,Female,1993.0,26.0,Married,Full time
NZL,554070168,1.0,3.0,2.0,2.0,7.0,8.0,9.0,Not a religious person,2.0,Female,1958.0,61.0,Married,Part time
NZL,554070169,1.0,1.0,1.0,2.0,7.0,8.0,8.0,A religious person,2.0,Female,1999.0,20.0,Single,Part time
NZL,554070170,1.0,1.0,2.0,2.0,7.0,6.0,7.0,A religious person,9.0,Male,1994.0,25.0,Single,Full time
NZL,554070171,2.0,2.0,1.0,2.0,6.0,7.0,5.0,Don't know,,Female,1967.0,52.0,Married,Full time
NZL,554070172,1.0,1.0,2.0,3.0,10.0,9.0,9.0,Not a religious person,9.0,Male,1954.0,65.0,Married,Retired/pensioned
NZL,554070173,2.0,2.0,1.0,2.0,10.0,8.0,10.0,An atheist,,Male,1998.0,21.0,Single,Student
NZL,554070174,1.0,1.0,1.0,,8.0,9.0,5.0,A religious person,10.0,Female,1943.0,76.0,Married,Retired/pensioned
NZL,554070175,1.0,1.0,1.0,2.0,10.0,9.0,10.0,Not a religious person,,Female,1957.0,62.0,Living together as married,Full time
NZL,554070176,1.0,1.0,2.0,3.0,7.0,6.0,6.0,A religious person,6.0,Female,1959.0,60.0,Married,Part time
NZL,554070177,1.0,2.0,2.0,1.0,9.0,10.0,9.0,Not a religious person,,Male,1937.0,82.0,Married,Retired/pensioned
NZL,554070178,1.0,1.0,2.0,1.0,7.0,9.0,9.0,Not a religious person,3.0,Female,1960.0,59.0,Married,Part time
NZL,554070179,1.0,1.0,2.0,1.0,9.0,9.0,9.0,A religious person,7.0,Female,1966.0,53.0,Married,Full time
NZL,554070180,1.0,2.0,1.0,,9.0,9.0,10.0,A religious person,6.0,Female,1928.0,91.0,Widowed,Retired/pensioned
NZL,554070181,1.0,1.0,1.0,2.0,8.0,8.0,6.0,Not a religious person,3.0,Female,1962.0,57.0,Single,Full time
NZL,554070182,1.0,1.0,1.0,2.0,9.0,9.0,9.0,An atheist,7.0,Male,1954.0,65.0,Married,Retired/pensioned
NZL,554070183,1.0,2.0,1.0,4.0,7.0,6.0,6.0,Don't know,7.0,Male,1955.0,64.0,Married,Full time
NZL,554070184,1.0,1.0,1.0,,9.0,3.0,3.0,A religious person,5.0,,,,Single,Unemployed
NZL,554070185,1.0,2.0,2.0,2.0,8.0,9.0,10.0,A religious person,,Female,1978.0,41.0,Married,Part time
NZL,554070186,1.0,1.0,2.0,1.0,9.0,9.0,8.0,A religious person,4.0,Female,1946.0,73.0,Living together as married,Retired/pensioned
NZL,554070187,1.0,1.0,1.0,2.0,5.0,6.0,2.0,An atheist,,Female,1988.0,31.0,Married,Homemaker not otherwise employed
NZL,554070188,1.0,1.0,2.0,2.0,6.0,6.0,6.0,A religious person,7.0,Female,1955.0,64.0,Married,Retired/pensioned
NZL,554070189,1.0,1.0,4.0,4.0,8.0,6.0,8.0,Not a religious person,1.0,Female,1934.0,85.0,Widowed,Retired/pensioned
NZL,554070190,1.0,1.0,2.0,1.0,9.0,8.0,8.0,A religious person,,Female,1940.0,79.0,Divorced,Retired/pensioned
NZL,554070191,1.0,1.0,1.0,1.0,9.0,10.0,10.0,A religious person,9.0,Male,1959.0,60.0,Married,Full time
NZL,554070192,1.0,2.0,2.0,2.0,8.0,9.0,8.0,A religious person,10.0,Female,1953.0,66.0,Married,Retired/pensioned
NZL,554070193,1.0,2.0,1.0,2.0,7.0,7.0,5.0,A religious person,4.0,Female,1977.0,42.0,Single,Part time
NZL,554070195,1.0,1.0,1.0,4.0,5.0,7.0,7.0,A religious person,7.0,Male,1956.0,63.0,Married,Full time
NZL,554070196,1.0,1.0,2.0,2.0,2.0,4.0,7.0,Not a religious person,4.0,Female,1959.0,60.0,Married,Part time
NZL,554070197,1.0,1.0,2.0,1.0,6.0,6.0,5.0,A religious person,8.0,Female,1951.0,68.0,Divorced,Full time
NZL,554070198,,,,,,,,A religious person,7.0,Male,1936.0,83.0,,Retired/pensioned
NZL,554070199,3.0,2.0,1.0,4.0,9.0,8.0,7.0,An atheist,4.0,Male,1967.0,52.0,Single,Part time
NZL,554070200,1.0,2.0,2.0,1.0,8.0,8.0,7.0,Not a religious person,4.0,Female,1962.0,57.0,Married,Full time
NZL,554070201,1.0,2.0,3.0,3.0,10.0,10.0,4.0,A religious person,9.0,Male,1942.0,77.0,Married,Retired/pensioned
NZL,554070202,2.0,2.0,2.0,1.0,7.0,7.0,7.0,Not a religious person,8.0,Male,1982.0,37.0,Single,Full time
NZL,554070203,2.0,2.0,3.0,1.0,8.0,8.0,8.0,Not a religious person,8.0,,,,Married,Unemployed
NZL,554070204,1.0,2.0,1.0,4.0,7.0,9.0,8.0,A religious person,9.0,Female,1944.0,75.0,Married,Retired/pensioned
NZL,554070205,1.0,1.0,2.0,3.0,10.0,8.0,10.0,An atheist,,Female,1953.0,66.0,Separated,Retired/pensioned
NZL,554070206,1.0,2.0,2.0,2.0,9.0,8.0,9.0,Not a religious person,4.0,Male,1958.0,61.0,Married,Full time
NZL,554070207,1.0,1.0,1.0,3.0,9.0,10.0,10.0,Not a religious person,6.0,Female,1954.0,65.0,Married,Retired/pensioned
NZL,554070208,1.0,2.0,3.0,1.0,9.0,10.0,10.0,Not a religious person,7.0,Male,1941.0,78.0,Married,Part time
NZL,554070209,1.0,2.0,1.0,4.0,8.0,8.0,6.0,A religious person,6.0,Female,1945.0,74.0,Married,Retired/pensioned
NZL,554070210,1.0,1.0,2.0,2.0,9.0,10.0,10.0,Not a religious person,6.0,Female,1953.0,66.0,Married,Retired/pensioned
NZL,554070211,1.0,2.0,2.0,1.0,6.0,10.0,10.0,Not a religious person,,Male,1944.0,75.0,,Retired/pensioned
NZL,554070212,2.0,3.0,2.0,2.0,7.0,8.0,8.0,Not a religious person,4.0,Male,1961.0,58.0,Married,Full time
NZL,554070213,1.0,1.0,1.0,2.0,8.0,7.0,10.0,An atheist,5.0,Female,1974.0,45.0,Married,Full time
NZL,554070214,1.0,2.0,2.0,1.0,6.0,8.0,7.0,Not a religious person,7.0,Female,1951.0,68.0,Married,Full time
NZL,554070215,1.0,2.0,1.0,1.0,4.0,5.0,5.0,A religious person,3.0,,,,Married,Full time
NZL,554070216,1.0,1.0,2.0,2.0,7.0,9.0,10.0,A religious person,8.0,Female,1930.0,89.0,Widowed,Retired/pensioned
NZL,554070217,1.0,2.0,1.0,4.0,10.0,9.0,9.0,A religious person,6.0,Male,1946.0,73.0,Married,Retired/pensioned
NZL,554070218,1.0,1.0,1.0,1.0,6.0,8.0,9.0,Not a religious person,8.0,Male,1974.0,45.0,Married,Full time
NZL,554070219,1.0,1.0,1.0,1.0,5.0,1.0,2.0,Not a religious person,6.0,Female,1964.0,55.0,Divorced,Unemployed
NZL,554070220,2.0,1.0,2.0,3.0,10.0,9.0,10.0,Not a religious person,8.0,Male,,,Married,Retired/pensioned
NZL,554070221,1.0,1.0,1.0,3.0,,,,Don't know,5.0,Female,1947.0,72.0,,Retired/pensioned
NZL,554070222,1.0,2.0,1.0,2.0,7.0,8.0,8.0,A religious person,7.0,Male,1962.0,57.0,Married,Full time
NZL,554070223,1.0,1.0,1.0,,6.0,8.0,8.0,A religious person,1.0,Female,1941.0,78.0,Married,Retired/pensioned
NZL,554070224,1.0,2.0,2.0,2.0,10.0,8.0,8.0,A religious person,,Male,1950.0,69.0,Separated,
NZL,554070225,1.0,2.0,2.0,1.0,8.0,8.0,9.0,Not a religious person,2.0,Male,1932.0,87.0,Divorced,Retired/pensioned
NZL,554070226,1.0,1.0,1.0,4.0,9.0,9.0,10.0,A religious person,7.0,Male,1948.0,71.0,Married,
NZL,554070227,1.0,1.0,3.0,2.0,10.0,6.0,6.0,,5.0,Female,1949.0,70.0,Widowed,Retired/pensioned
NZL,554070228,1.0,1.0,2.0,1.0,8.0,8.0,8.0,Not a religious person,5.0,Male,1968.0,51.0,Living together as married,Full time
NZL,554070229,1.0,2.0,1.0,1.0,10.0,8.0,8.0,Not a religious person,,Female,1951.0,68.0,Married,Retired/pensioned
NZL,554070230,1.0,1.0,2.0,1.0,,10.0,9.0,A religious person,,Female,1954.0,65.0,Widowed,Unemployed
NZL,554070231,1.0,1.0,1.0,1.0,8.0,8.0,5.0,Not a religious person,5.0,Female,1959.0,60.0,Widowed,Full time
NZL,554070232,1.0,2.0,2.0,2.0,6.0,8.0,7.0,A religious person,7.0,Male,1963.0,56.0,Married,Full time
NZL,554070233,1.0,2.0,3.0,2.0,10.0,8.0,7.0,A religious person,8.0,Male,1995.0,24.0,Married,Full time
NZL,554070234,2.0,1.0,2.0,3.0,8.0,8.0,8.0,A religious person,6.0,Female,1946.0,73.0,Married,Retired/pensioned
NZL,554070235,1.0,2.0,1.0,2.0,9.0,9.0,8.0,A religious person,6.0,Male,1949.0,70.0,Married,Full time
NZL,554070236,1.0,1.0,1.0,1.0,9.0,8.0,8.0,An atheist,8.0,Male,1975.0,44.0,Married,Full time
NZL,554070237,2.0,2.0,,2.0,9.0,8.0,8.0,A religious person,8.0,Female,1980.0,39.0,Married,Full time
NZL,554070238,1.0,2.0,2.0,4.0,7.0,7.0,7.0,Not a religious person,8.0,Female,1957.0,62.0,Married,Retired/pensioned
NZL,554070239,1.0,1.0,1.0,2.0,7.0,8.0,6.0,Not a religious person,3.0,Female,1952.0,67.0,Single,Retired/pensioned
NZL,554070240,2.0,2.0,2.0,2.0,9.0,8.0,5.0,A religious person,9.0,Male,1968.0,51.0,Living together as married,Full time
NZL,554070241,1.0,1.0,1.0,2.0,9.0,6.0,4.0,An atheist,3.0,Male,1979.0,40.0,Married,Part time
NZL,554070242,1.0,1.0,1.0,2.0,7.0,7.0,4.0,Not a religious person,7.0,Male,1967.0,52.0,Single,Part time
NZL,554070243,1.0,1.0,1.0,2.0,10.0,10.0,9.0,Not a religious person,,Female,1949.0,70.0,Married,Retired/pensioned
NZL,554070244,1.0,1.0,1.0,1.0,7.0,8.0,8.0,Not a religious person,,Female,1967.0,52.0,Divorced,Full time
NZL,554070245,1.0,1.0,1.0,,,,,A religious person,10.0,Male,1930.0,89.0,,
NZL,554070246,1.0,1.0,1.0,1.0,8.0,10.0,10.0,Not a religious person,,Female,1948.0,71.0,Married,Retired/pensioned
NZL,554070247,1.0,2.0,1.0,1.0,8.0,8.0,8.0,Don't know,10.0,Male,1960.0,59.0,Married,Part time
NZL,554070248,1.0,2.0,2.0,,7.0,8.0,7.0,Not a religious person,7.0,Female,1983.0,36.0,Married,Homemaker not otherwise employed
NZL,554070249,1.0,1.0,2.0,2.0,7.0,6.0,7.0,An atheist,6.0,Male,1998.0,21.0,Single,Part time
NZL,554070250,1.0,2.0,2.0,1.0,5.0,5.0,10.0,Not a religious person,5.0,Male,1944.0,75.0,Married,Retired/pensioned
NZL,554070251,1.0,2.0,3.0,,8.0,5.0,5.0,A religious person,3.0,Male,1940.0,79.0,Divorced,Retired/pensioned
NZL,554070252,1.0,1.0,2.0,1.0,8.0,9.0,10.0,Not a religious person,6.0,,,,Married,Retired/pensioned
NZL,554070253,1.0,2.0,2.0,1.0,9.0,9.0,9.0,A religious person,,Male,1962.0,57.0,Living together as married,Full time
NZL,554070254,1.0,1.0,1.0,1.0,,,,An atheist,3.0,Female,1978.0,41.0,,Homemaker not otherwise employed
NZL,554070255,1.0,1.0,2.0,3.0,3.0,5.0,3.0,An atheist,3.0,Male,1991.0,28.0,Single,Part time
NZL,554070256,3.0,3.0,2.0,2.0,5.0,5.0,3.0,An atheist,3.0,Female,1974.0,45.0,Married,Part time
NZL,554070257,1.0,2.0,2.0,2.0,7.0,8.0,7.0,Don't know,7.0,Female,1982.0,37.0,Married,Full time
NZL,554070258,1.0,2.0,2.0,3.0,9.0,9.0,9.0,Not a religious person,3.0,Female,1960.0,59.0,Divorced,Part time
NZL,554070259,1.0,,2.0,1.0,5.0,4.0,2.0,A religious person,5.0,Male,1946.0,73.0,Divorced,Retired/pensioned
NZL,554070260,1.0,1.0,1.0,1.0,9.0,8.0,7.0,A religious person,5.0,Female,1989.0,30.0,Married,Homemaker not otherwise employed
NZL,554070261,1.0,2.0,1.0,,8.0,9.0,7.0,An atheist,3.0,Male,1944.0,75.0,Married,Retired/pensioned
NZL,554070262,1.0,2.0,2.0,1.0,9.0,9.0,10.0,A religious person,6.0,Male,1942.0,77.0,Married,Retired/pensioned
NZL,554070263,1.0,1.0,1.0,4.0,,10.0,7.0,An atheist,3.0,Male,1938.0,81.0,Married,Retired/pensioned
NZL,554070264,1.0,2.0,2.0,2.0,8.0,8.0,7.0,A religious person,6.0,Male,1981.0,38.0,Married,Full time
NZL,554070265,1.0,2.0,2.0,1.0,7.0,8.0,9.0,Not a religious person,6.0,Male,1988.0,31.0,Married,Full time
NZL,554070266,1.0,2.0,3.0,2.0,5.0,9.0,9.0,A religious person,5.0,Male,1953.0,66.0,Married,Full time
NZL,554070267,1.0,1.0,1.0,1.0,9.0,9.0,9.0,Not a religious person,,Female,1964.0,55.0,Single,Unemployed
NZL,554070268,1.0,1.0,1.0,1.0,7.0,6.0,3.0,Not a religious person,,Female,1993.0,26.0,Living together as married,Full time
NZL,554070269,2.0,2.0,2.0,2.0,5.0,8.0,8.0,An atheist,7.0,Male,1956.0,63.0,Living together as married,Full time
NZL,554070270,2.0,2.0,2.0,1.0,8.0,7.0,6.0,Don't know,1.0,Male,1953.0,66.0,Living together as married,Full time
NZL,554070271,1.0,1.0,2.0,2.0,7.0,8.0,7.0,Not a religious person,3.0,Female,1952.0,67.0,Married,Part time
NZL,554070272,1.0,1.0,,,8.0,9.0,10.0,Not a religious person,,Female,1935.0,84.0,Widowed,Retired/pensioned
NZL,554070273,1.0,2.0,3.0,2.0,8.0,8.0,8.0,Not a religious person,7.0,Female,1953.0,66.0,Married,Retired/pensioned
NZL,554070274,1.0,2.0,2.0,2.0,6.0,7.0,7.0,Not a religious person,6.0,Female,1977.0,42.0,Married,Part time
NZL,554070275,1.0,1.0,1.0,4.0,10.0,9.0,7.0,Not a religious person,,Female,1948.0,71.0,Widowed,Retired/pensioned
NZL,554070276,1.0,1.0,2.0,2.0,8.0,8.0,9.0,Not a religious person,2.0,Female,1971.0,48.0,Living together as married,Full time
NZL,554070277,1.0,2.0,2.0,4.0,10.0,9.0,10.0,Not a religious person,5.0,Female,1952.0,67.0,Married,Retired/pensioned
NZL,554070278,1.0,2.0,1.0,1.0,6.0,6.0,5.0,An atheist,4.0,Female,1965.0,54.0,Divorced,Full time
NZL,554070279,1.0,2.0,2.0,2.0,8.0,3.0,3.0,A religious person,4.0,Female,1959.0,60.0,Married,Full time
NZL,554070280,1.0,1.0,2.0,3.0,4.0,3.0,3.0,A religious person,1.0,Male,1999.0,20.0,Single,Unemployed
NZL,554070281,1.0,3.0,2.0,4.0,7.0,7.0,8.0,Not a religious person,8.0,Male,1935.0,84.0,Married,Retired/pensioned
NZL,554070282,1.0,1.0,2.0,2.0,10.0,5.0,1.0,An atheist,3.0,Male,1987.0,32.0,Separated,Full time
NZL,554070283,2.0,2.0,2.0,1.0,,,,Not a religious person,5.0,Female,,,,Full time
NZL,554070284,1.0,1.0,2.0,2.0,9.0,8.0,8.0,Not a religious person,,Male,1964.0,55.0,Married,Full time
NZL,554070285,2.0,1.0,1.0,2.0,4.0,6.0,5.0,An atheist,2.0,Female,1973.0,46.0,Married,Full time
NZL,554070286,1.0,1.0,2.0,2.0,7.0,9.0,7.0,A religious person,8.0,Female,1972.0,47.0,Married,Part time
NZL,554070287,1.0,1.0,2.0,2.0,,,,,7.0,Female,1959.0,60.0,,Self employed
NZL,554070288,1.0,2.0,2.0,3.0,10.0,9.0,9.0,Not a religious person,7.0,Female,1959.0,60.0,Married,Part time
NZL,554070289,1.0,2.0,2.0,1.0,7.0,8.0,6.0,Not a religious person,4.0,Male,1951.0,68.0,Married,Full time
NZL,554070290,3.0,2.0,1.0,3.0,6.0,4.0,4.0,An atheist,,Female,1965.0,54.0,Married,Full time
NZL,554070291,2.0,2.0,2.0,2.0,8.0,9.0,10.0,Not a religious person,,Male,1953.0,66.0,Married,Retired/pensioned
NZL,554070292,1.0,2.0,2.0,1.0,2.0,3.0,3.0,Not a religious person,8.0,Male,1961.0,58.0,Married,Full time
NZL,554070293,1.0,2.0,2.0,1.0,8.0,7.0,7.0,A religious person,,Female,1969.0,50.0,Married,Full time
NZL,554070294,1.0,2.0,2.0,2.0,7.0,7.0,5.0,A religious person,,Female,1934.0,85.0,Widowed,Retired/pensioned
NZL,554070295,1.0,1.0,2.0,3.0,3.0,7.0,8.0,A religious person,9.0,Female,1947.0,72.0,Married,Retired/pensioned
NZL,554070296,1.0,1.0,1.0,2.0,8.0,7.0,5.0,An atheist,5.0,Female,1971.0,48.0,Married,Full time
NZL,554070297,1.0,2.0,2.0,2.0,5.0,5.0,3.0,A religious person,6.0,Female,1935.0,84.0,Widowed,Other
NZL,554070298,2.0,2.0,1.0,2.0,6.0,8.0,8.0,A religious person,,Male,1959.0,60.0,Living together as married,Full time
NZL,554070299,1.0,1.0,1.0,4.0,8.0,7.0,8.0,An atheist,10.0,Female,1960.0,59.0,Married,Homemaker not otherwise employed
NZL,554070300,1.0,1.0,2.0,2.0,7.0,8.0,9.0,A religious person,4.0,Female,1962.0,57.0,Single,Part time
NZL,554070301,1.0,1.0,1.0,1.0,9.0,7.0,8.0,Not a religious person,7.0,Female,1957.0,62.0,Married,Part time
NZL,554070302,1.0,1.0,1.0,,8.0,8.0,8.0,Not a religious person,5.0,Female,1960.0,59.0,Married,Full time
NZL,554070303,1.0,1.0,1.0,1.0,10.0,9.0,5.0,Not a religious person,,Female,1975.0,44.0,Single,Full time
NZL,554070304,2.0,3.0,2.0,2.0,7.0,8.0,8.0,A religious person,,Male,1943.0,76.0,Single,Unemployed
NZL,554070305,1.0,2.0,1.0,2.0,9.0,7.0,7.0,Not a religious person,5.0,Male,1984.0,35.0,Married,Full time
NZL,554070306,1.0,4.0,2.0,1.0,10.0,10.0,10.0,An atheist,5.0,Male,1970.0,49.0,Married,Full time
NZL,554070307,1.0,3.0,1.0,2.0,6.0,4.0,4.0,Not a religious person,7.0,Male,1972.0,47.0,Married,Full time
NZL,554070308,1.0,1.0,1.0,2.0,9.0,9.0,9.0,A religious person,3.0,Male,1975.0,44.0,Married,Full time
NZL,554070309,1.0,1.0,2.0,2.0,5.0,7.0,9.0,Not a religious person,10.0,Female,1961.0,58.0,Married,Full time
NZL,554070310,1.0,2.0,2.0,2.0,9.0,9.0,8.0,A religious person,,Female,1954.0,65.0,Married,Retired/pensioned
NZL,554070311,2.0,2.0,1.0,4.0,9.0,9.0,8.0,Not a religious person,3.0,Male,1950.0,69.0,Married,Retired/pensioned
NZL,554070312,1.0,1.0,1.0,1.0,5.0,6.0,4.0,Not a religious person,,Female,1961.0,58.0,Single,Part time
NZL,554070313,1.0,1.0,1.0,4.0,7.0,8.0,8.0,An atheist,5.0,Female,1951.0,68.0,Married,Retired/pensioned
NZL,554070314,1.0,1.0,1.0,1.0,9.0,8.0,8.0,Not a religious person,5.0,Male,1970.0,49.0,Married,Full time
NZL,554070315,1.0,2.0,2.0,1.0,,,,A religious person,6.0,Male,1949.0,70.0,,Part time
NZL,554070316,1.0,2.0,3.0,3.0,10.0,8.0,5.0,A religious person,,,,,Widowed,Retired/pensioned
NZL,554070317,1.0,1.0,1.0,2.0,7.0,8.0,6.0,Don't know,3.0,Female,1960.0,59.0,Married,Part time
NZL,554070318,1.0,1.0,2.0,2.0,8.0,8.0,7.0,A religious person,9.0,Male,1941.0,78.0,Widowed,Retired/pensioned
NZL,554070319,1.0,1.0,2.0,2.0,9.0,10.0,8.0,A religious person,,Female,1942.0,77.0,Married,Unemployed
NZL,554070320,1.0,1.0,1.0,3.0,9.0,10.0,10.0,A religious person,5.0,Female,1959.0,60.0,Married,Retired/pensioned
NZL,554070321,1.0,2.0,1.0,1.0,4.0,4.0,4.0,Not a religious person,10.0,Female,1953.0,66.0,Married,Full time
NZL,554070322,1.0,1.0,1.0,,8.0,8.0,8.0,A religious person,,Female,1943.0,76.0,Widowed,Retired/pensioned
NZL,554070323,1.0,2.0,2.0,3.0,8.0,9.0,10.0,An atheist,2.0,Female,1973.0,46.0,Married,Homemaker not otherwise employed
NZL,554070324,1.0,1.0,1.0,2.0,8.0,9.0,7.0,Not a religious person,3.0,Female,1952.0,67.0,Living together as married,Retired/pensioned
NZL,554070325,1.0,1.0,1.0,2.0,9.0,9.0,9.0,Not a religious person,9.0,Female,1953.0,66.0,Married,Retired/pensioned
NZL,554070326,1.0,2.0,2.0,1.0,9.0,8.0,8.0,Not a religious person,6.0,Male,1934.0,85.0,Married,Retired/pensioned
NZL,554070327,1.0,1.0,3.0,1.0,3.0,4.0,7.0,Not a religious person,7.0,Male,1973.0,46.0,Divorced,Full time
NZL,554070328,1.0,1.0,2.0,3.0,9.0,8.0,8.0,Not a religious person,3.0,Female,1955.0,64.0,Married,Retired/pensioned
NZL,554070329,1.0,3.0,2.0,2.0,9.0,7.0,8.0,An atheist,,Male,1969.0,50.0,Married,Part time
NZL,554070330,1.0,2.0,2.0,1.0,10.0,10.0,10.0,,5.0,Female,1931.0,88.0,Single,
NZL,554070331,1.0,1.0,1.0,1.0,10.0,10.0,9.0,Don't know,7.0,Female,1961.0,58.0,Married,Part time
NZL,554070332,1.0,1.0,2.0,2.0,9.0,9.0,8.0,A religious person,,Female,1940.0,79.0,Widowed,Retired/pensioned
NZL,554070333,1.0,1.0,1.0,4.0,7.0,8.0,8.0,Not a religious person,7.0,Female,1945.0,74.0,Married,Retired/pensioned
NZL,554070334,1.0,2.0,2.0,4.0,7.0,8.0,9.0,A religious person,5.0,Female,1936.0,83.0,Widowed,
NZL,554070335,1.0,2.0,3.0,3.0,7.0,8.0,1.0,A religious person,8.0,Female,1947.0,72.0,Married,Retired/pensioned
NZL,554070336,,,,,8.0,8.0,5.0,A religious person,5.0,Male,1956.0,63.0,Married,Full time
NZL,554070337,1.0,1.0,1.0,1.0,3.0,3.0,3.0,Not a religious person,6.0,Male,1957.0,62.0,Married,Full time
NZL,554070338,1.0,1.0,1.0,2.0,9.0,6.0,4.0,An atheist,4.0,Male,1984.0,35.0,Living together as married,Full time
NZL,554070339,1.0,1.0,2.0,1.0,7.0,8.0,8.0,A religious person,8.0,Female,1936.0,83.0,Widowed,Retired/pensioned
NZL,554070340,1.0,1.0,2.0,1.0,5.0,8.0,3.0,Not a religious person,,Female,1978.0,41.0,Living together as married,Full time
NZL,554070341,1.0,1.0,1.0,2.0,10.0,10.0,10.0,Not a religious person,6.0,Male,1954.0,65.0,Married,Retired/pensioned
NZL,554070342,3.0,3.0,1.0,4.0,7.0,8.0,8.0,Not a religious person,3.0,Male,1941.0,78.0,Widowed,Retired/pensioned
NZL,554070343,1.0,1.0,1.0,2.0,10.0,9.0,9.0,A religious person,7.0,Male,1969.0,50.0,Married,Full time
NZL,554070344,2.0,2.0,2.0,2.0,7.0,5.0,5.0,Not a religious person,2.0,Female,1951.0,68.0,Separated,Part time
NZL,554070345,1.0,2.0,1.0,1.0,8.0,6.0,4.0,Not a religious person,3.0,Female,1970.0,49.0,Married,Student
NZL,554070346,1.0,,1.0,1.0,9.0,9.0,8.0,An atheist,,Male,1948.0,71.0,Married,Retired/pensioned
NZL,554070347,1.0,1.0,1.0,1.0,10.0,10.0,9.0,An atheist,,Female,1989.0,30.0,Living together as married,Full time
NZL,554070348,,,,,,,,Not a religious person,,Female,1934.0,85.0,,Retired/pensioned
NZL,554070349,1.0,1.0,1.0,3.0,10.0,10.0,8.0,Not a religious person,7.0,Female,1957.0,62.0,Married,Homemaker not otherwise employed
NZL,554070350,1.0,2.0,2.0,1.0,7.0,7.0,6.0,A religious person,9.0,Male,1944.0,75.0,Married,
NZL,554070351,1.0,2.0,1.0,1.0,9.0,9.0,8.0,An atheist,7.0,Male,1960.0,59.0,Married,Full time
NZL,554070352,1.0,2.0,2.0,1.0,5.0,10.0,2.0,Don't know,5.0,Female,1952.0,67.0,Married,Retired/pensioned
NZL,554070353,2.0,2.0,2.0,3.0,9.0,9.0,10.0,Not a religious person,10.0,Female,1954.0,65.0,Married,Self employed
NZL,554070354,1.0,2.0,2.0,3.0,9.0,9.0,9.0,Not a religious person,4.0,Female,1950.0,69.0,Married,Retired/pensioned
NZL,554070355,1.0,1.0,1.0,2.0,8.0,6.0,6.0,A religious person,5.0,Female,1940.0,79.0,Married,Retired/pensioned
NZL,554070356,1.0,1.0,2.0,4.0,6.0,7.0,8.0,A religious person,8.0,Female,1953.0,66.0,Married,Retired/pensioned
NZL,554070357,1.0,1.0,1.0,4.0,10.0,10.0,9.0,Don't know,8.0,Female,1954.0,65.0,Married,Retired/pensioned
NZL,554070358,1.0,2.0,2.0,4.0,10.0,10.0,10.0,A religious person,10.0,Female,1937.0,82.0,Widowed,Retired/pensioned
NZL,554070359,1.0,1.0,1.0,2.0,7.0,9.0,9.0,Not a religious person,8.0,Female,1949.0,70.0,Married,Full time
NZL,554070360,1.0,1.0,2.0,2.0,7.0,8.0,9.0,Not a religious person,3.0,Female,1981.0,38.0,Married,Part time
NZL,554070361,1.0,1.0,1.0,2.0,10.0,9.0,7.0,Not a religious person,5.0,Female,1970.0,49.0,Married,Full time
NZL,554070362,1.0,1.0,1.0,1.0,9.0,9.0,8.0,Not a religious person,4.0,Female,1988.0,31.0,Living together as married,Full time
NZL,554070363,1.0,2.0,2.0,2.0,10.0,9.0,10.0,A religious person,7.0,Male,1967.0,52.0,Married,Full time
NZL,554070364,1.0,1.0,2.0,2.0,7.0,8.0,6.0,Not a religious person,5.0,Female,1989.0,30.0,Married,Part time
NZL,554070365,1.0,1.0,,1.0,6.0,6.0,6.0,A religious person,6.0,Female,1945.0,74.0,Single,Homemaker not otherwise employed
NZL,554070366,1.0,1.0,1.0,1.0,10.0,10.0,10.0,A religious person,10.0,Female,1940.0,79.0,Married,Unemployed
NZL,554070367,1.0,2.0,1.0,2.0,9.0,8.0,8.0,A religious person,,Female,1969.0,50.0,Living together as married,Part time
NZL,554070368,1.0,1.0,2.0,2.0,7.0,6.0,4.0,A religious person,6.0,Male,1965.0,54.0,Single,Full time
NZL,554070369,1.0,1.0,1.0,1.0,8.0,8.0,5.0,A religious person,,Male,1963.0,56.0,Married,Full time
NZL,554070370,1.0,2.0,2.0,1.0,9.0,9.0,6.0,A religious person,10.0,Female,1966.0,53.0,Married,Part time
NZL,554070371,1.0,1.0,1.0,2.0,6.0,8.0,8.0,A religious person,8.0,Female,1961.0,58.0,Married,
NZL,554070372,1.0,1.0,1.0,1.0,7.0,7.0,4.0,A religious person,,Female,1955.0,64.0,Married,Full time
NZL,554070373,1.0,2.0,2.0,2.0,7.0,6.0,3.0,Not a religious person,,Male,1981.0,38.0,Married,Full time
NZL,554070374,2.0,1.0,1.0,2.0,8.0,8.0,8.0,An atheist,5.0,Male,1977.0,42.0,Single,Full time
NZL,554070375,1.0,2.0,2.0,1.0,8.0,8.0,3.0,Not a religious person,4.0,Male,1943.0,76.0,Living together as married,Retired/pensioned
NZL,554070376,1.0,1.0,1.0,2.0,,,,Don't know,4.0,,1950.0,69.0,,Full time
NZL,554070377,1.0,1.0,1.0,2.0,9.0,10.0,8.0,A religious person,,Female,1950.0,69.0,Single,Full time
NZL,554070378,1.0,1.0,1.0,1.0,8.0,5.0,5.0,A religious person,7.0,Female,1962.0,57.0,Single,Full time
NZL,554070379,1.0,1.0,2.0,4.0,8.0,8.0,5.0,An atheist,5.0,,,,Widowed,Retired/pensioned
NZL,554070380,1.0,1.0,1.0,1.0,,6.0,4.0,Not a religious person,,Male,1984.0,35.0,Single,Part time
NZL,554070381,1.0,1.0,2.0,4.0,10.0,10.0,10.0,Not a religious person,,Female,1943.0,76.0,Widowed,Retired/pensioned
NZL,554070382,1.0,2.0,2.0,2.0,9.0,8.0,5.0,A religious person,9.0,Male,1979.0,40.0,Married,Full time
NZL,554070383,1.0,1.0,1.0,2.0,8.0,8.0,8.0,Not a religious person,2.0,Female,1952.0,67.0,Married,Part time
NZL,554070384,1.0,2.0,2.0,2.0,8.0,9.0,8.0,An atheist,3.0,Male,1979.0,40.0,Married,Full time
NZL,554070385,1.0,1.0,2.0,2.0,6.0,6.0,8.0,A religious person,4.0,Male,1948.0,71.0,Married,Retired/pensioned
NZL,554070386,1.0,1.0,1.0,1.0,7.0,7.0,9.0,An atheist,3.0,Female,1966.0,53.0,Single,Full time
NZL,554070387,1.0,1.0,1.0,1.0,10.0,10.0,8.0,A religious person,,Female,1949.0,70.0,Single,Retired/pensioned
NZL,554070388,1.0,1.0,1.0,2.0,8.0,9.0,8.0,Not a religious person,7.0,Female,1957.0,62.0,Married,Full time
NZL,554070389,1.0,2.0,1.0,2.0,8.0,2.0,4.0,A religious person,9.0,Female,1996.0,23.0,Married,Full time
NZL,554070390,1.0,1.0,1.0,1.0,9.0,9.0,8.0,Not a religious person,,Male,1964.0,55.0,Married,Full time
NZL,554070391,1.0,1.0,2.0,2.0,6.0,6.0,4.0,An atheist,,Female,1969.0,50.0,Divorced,Part time
NZL,554070392,1.0,1.0,1.0,4.0,7.0,7.0,6.0,Don't know,8.0,Female,1950.0,69.0,Single,Retired/pensioned
NZL,554070393,1.0,1.0,1.0,2.0,10.0,10.0,10.0,Not a religious person,3.0,Female,1948.0,71.0,Married,Retired/pensioned
NZL,554070394,1.0,2.0,2.0,2.0,6.0,7.0,,Not a religious person,2.0,Female,1998.0,21.0,Single,Student
NZL,554070395,1.0,1.0,1.0,1.0,9.0,8.0,6.0,An atheist,3.0,Male,1995.0,24.0,Living together as married,Student
NZL,554070396,1.0,1.0,2.0,2.0,,,,Not a religious person,5.0,Female,1943.0,76.0,,Retired/pensioned
NZL,554070397,1.0,1.0,1.0,2.0,10.0,10.0,10.0,Not a religious person,7.0,Female,1948.0,71.0,Married,Retired/pensioned
NZL,554070398,1.0,1.0,2.0,3.0,5.0,6.0,5.0,A religious person,,Female,1980.0,39.0,Married,Unemployed
NZL,554070399,1.0,1.0,1.0,2.0,9.0,10.0,9.0,Not a religious person,7.0,Female,1955.0,64.0,Married,Full time
NZL,554070400,1.0,1.0,1.0,1.0,9.0,5.0,5.0,Not a religious person,7.0,Male,1966.0,53.0,Single,Full time
NZL,554070401,1.0,1.0,1.0,1.0,8.0,8.0,8.0,Not a religious person,5.0,Female,1971.0,48.0,Married,Part time
NZL,554070402,1.0,2.0,1.0,2.0,8.0,8.0,7.0,An atheist,3.0,Female,1973.0,46.0,Married,Full time
NZL,554070403,1.0,1.0,1.0,3.0,7.0,8.0,5.0,Not a religious person,2.0,Female,1962.0,57.0,Living together as married,Full time
NZL,554070404,,,,,8.0,8.0,5.0,A religious person,7.0,Male,1943.0,76.0,Married,Retired/pensioned
NZL,554070405,,,,,6.0,,,,,,,,Married,Retired/pensioned
NZL,554070406,1.0,2.0,1.0,2.0,8.0,8.0,8.0,An atheist,,Male,1959.0,60.0,Married,Full time
NZL,554070407,1.0,,,,,10.0,,Not a religious person,,Female,1940.0,79.0,Widowed,Retired/pensioned
NZL,554070408,1.0,2.0,1.0,2.0,7.0,8.0,7.0,Not a religious person,4.0,Male,1965.0,54.0,Married,Full time
NZL,554070409,1.0,2.0,1.0,2.0,10.0,6.0,8.0,An atheist,2.0,Male,1966.0,53.0,Married,Full time
NZL,554070410,1.0,1.0,2.0,2.0,9.0,9.0,8.0,An atheist,,Male,1990.0,29.0,Single,Full time
NZL,554070411,,2.0,3.0,2.0,6.0,6.0,4.0,Not a religious person,5.0,Male,1949.0,70.0,Single,Retired/pensioned
NZL,554070412,1.0,1.0,2.0,1.0,9.0,9.0,10.0,A religious person,3.0,Male,1957.0,62.0,Married,Full time
NZL,554070413,1.0,1.0,1.0,4.0,5.0,6.0,5.0,A religious person,9.0,Female,1942.0,77.0,Married,Retired/pensioned
NZL,554070414,1.0,1.0,2.0,3.0,5.0,4.0,7.0,A religious person,,Female,1933.0,86.0,Widowed,Retired/pensioned
NZL,554070415,1.0,1.0,1.0,2.0,8.0,8.0,10.0,Not a religious person,8.0,Female,1962.0,57.0,Married,Part time
NZL,554070416,4.0,2.0,1.0,2.0,6.0,4.0,7.0,An atheist,3.0,Female,1961.0,58.0,Living together as married,Part time
NZL,554070417,1.0,2.0,2.0,2.0,5.0,3.0,6.0,Not a religious person,,Female,1999.0,20.0,Living together as married,Unemployed
NZL,554070418,1.0,2.0,2.0,2.0,9.0,8.0,7.0,Not a religious person,,Female,1974.0,45.0,Married,Student
NZL,554070419,1.0,1.0,1.0,2.0,8.0,8.0,8.0,Don't know,4.0,Female,1965.0,54.0,Married,Full time
NZL,554070420,1.0,1.0,2.0,1.0,8.0,8.0,8.0,Don't know,8.0,Female,1954.0,65.0,Married,Part time
NZL,554070421,1.0,1.0,2.0,,8.0,9.0,9.0,Not a religious person,,Male,1945.0,74.0,Married,
NZL,554070422,1.0,1.0,1.0,1.0,8.0,9.0,7.0,A religious person,8.0,Male,1952.0,67.0,Married,Part time
NZL,554070423,1.0,2.0,2.0,1.0,7.0,8.0,9.0,Don't know,5.0,Female,1970.0,49.0,Married,Full time
NZL,554070424,1.0,1.0,2.0,2.0,6.0,8.0,8.0,Not a religious person,3.0,Male,1976.0,43.0,Married,Full time
NZL,554070425,1.0,1.0,1.0,2.0,10.0,9.0,9.0,Not a religious person,8.0,Male,1970.0,49.0,Married,Full time
NZL,554070426,1.0,2.0,3.0,1.0,9.0,8.0,7.0,Not a religious person,6.0,Male,1943.0,76.0,Single,Retired/pensioned
NZL,554070427,1.0,2.0,3.0,2.0,7.0,8.0,8.0,A religious person,4.0,Male,1957.0,62.0,Married,Part time
NZL,554070428,1.0,2.0,1.0,3.0,9.0,5.0,4.0,An atheist,7.0,Female,1950.0,69.0,Married,Part time
NZL,554070429,1.0,1.0,1.0,3.0,1.0,6.0,4.0,An atheist,1.0,Female,1988.0,31.0,Single,Unemployed
NZL,554070430,1.0,2.0,2.0,1.0,8.0,7.0,6.0,A religious person,5.0,Male,1956.0,63.0,Married,Full time
NZL,554070431,1.0,1.0,1.0,4.0,10.0,9.0,8.0,Not a religious person,6.0,Female,1939.0,80.0,Widowed,Retired/pensioned
NZL,554070432,1.0,2.0,1.0,4.0,10.0,10.0,10.0,Not a religious person,4.0,Male,1951.0,68.0,Married,Retired/pensioned
NZL,554070433,1.0,1.0,1.0,2.0,9.0,6.0,4.0,A religious person,,Female,1938.0,81.0,Widowed,Retired/pensioned
NZL,554070434,1.0,2.0,1.0,1.0,7.0,7.0,7.0,Not a religious person,8.0,Female,,,Married,Retired/pensioned
NZL,554070435,,,,,10.0,9.0,9.0,Not a religious person,3.0,Male,1946.0,73.0,Married,Unemployed
NZL,554070436,1.0,2.0,1.0,2.0,9.0,8.0,8.0,An atheist,,Female,1985.0,34.0,Married,Full time
NZL,554070437,1.0,1.0,2.0,2.0,8.0,7.0,7.0,A religious person,,Male,1965.0,54.0,Married,Part time
NZL,554070438,1.0,1.0,1.0,2.0,9.0,8.0,8.0,Don't know,,Female,1975.0,44.0,Living together as married,Homemaker not otherwise employed
NZL,554070439,1.0,1.0,1.0,1.0,8.0,8.0,6.0,Not a religious person,,Male,1960.0,59.0,Married,Full time
NZL,554070440,1.0,1.0,2.0,2.0,8.0,9.0,7.0,Not a religious person,9.0,Female,1949.0,70.0,Married,Retired/pensioned
NZL,554070441,,,,,8.0,7.0,7.0,A religious person,5.0,Female,1941.0,78.0,Widowed,Retired/pensioned
NZL,554070442,3.0,2.0,1.0,3.0,6.0,6.0,6.0,A religious person,5.0,Male,1952.0,67.0,Married,Unemployed
NZL,554070443,1.0,2.0,2.0,2.0,9.0,9.0,9.0,Not a religious person,4.0,Male,1985.0,34.0,Married,Full time
NZL,554070444,,,,,7.0,5.0,3.0,,3.0,Female,1964.0,55.0,Separated,Full time
NZL,554070445,1.0,1.0,1.0,2.0,7.0,8.0,5.0,A religious person,6.0,Female,1956.0,63.0,Married,Full time
NZL,554070446,1.0,2.0,1.0,2.0,8.0,6.0,1.0,Not a religious person,5.0,Female,1986.0,33.0,,Part time
NZL,554070447,1.0,3.0,1.0,2.0,7.0,8.0,5.0,Not a religious person,8.0,Female,1956.0,63.0,Married,Homemaker not otherwise employed
NZL,554070448,1.0,1.0,1.0,2.0,9.0,10.0,10.0,Not a religious person,5.0,Female,1945.0,74.0,Married,Retired/pensioned
NZL,554070449,1.0,1.0,1.0,2.0,8.0,7.0,3.0,Not a religious person,,Female,1972.0,47.0,Married,Homemaker not otherwise employed
NZL,554070450,1.0,1.0,2.0,2.0,2.0,5.0,5.0,A religious person,3.0,Male,1949.0,70.0,Married,Retired/pensioned
NZL,554070451,1.0,2.0,1.0,2.0,8.0,8.0,9.0,Not a religious person,10.0,Male,1965.0,54.0,Single,Retired/pensioned
NZL,554070452,1.0,1.0,2.0,1.0,7.0,10.0,7.0,A religious person,,Female,1968.0,51.0,Married,Full time
NZL,554070453,1.0,1.0,2.0,2.0,4.0,6.0,3.0,Not a religious person,3.0,Female,1966.0,53.0,Divorced,Part time
NZL,554070454,1.0,1.0,1.0,3.0,10.0,7.0,8.0,Not a religious person,,Male,1957.0,62.0,Married,Full time
NZL,554070455,4.0,1.0,1.0,2.0,9.0,6.0,7.0,Not a religious person,3.0,Female,1992.0,27.0,Living together as married,Full time
NZL,554070456,1.0,1.0,2.0,2.0,6.0,7.0,7.0,A religious person,5.0,Female,1971.0,48.0,Living together as married,Full time
NZL,554070457,1.0,1.0,1.0,3.0,4.0,6.0,6.0,Don't know,2.0,Female,1953.0,66.0,Single,Retired/pensioned
NZL,554070458,1.0,1.0,1.0,1.0,8.0,7.0,4.0,A religious person,5.0,Male,1968.0,51.0,Married,Full time
NZL,554070459,2.0,2.0,2.0,2.0,5.0,7.0,5.0,An atheist,,Female,1990.0,29.0,Married,Part time
NZL,554070460,2.0,1.0,2.0,4.0,7.0,5.0,5.0,,5.0,Male,1931.0,88.0,Living together as married,Retired/pensioned
NZL,554070461,1.0,2.0,1.0,2.0,10.0,3.0,3.0,Not a religious person,9.0,Male,1955.0,64.0,Married,Retired/pensioned
NZL,554070462,1.0,1.0,1.0,2.0,9.0,8.0,8.0,A religious person,10.0,Male,1969.0,50.0,Single,Unemployed
NZL,554070463,1.0,2.0,2.0,1.0,7.0,8.0,9.0,Not a religious person,4.0,Female,1998.0,21.0,Single,Part time
NZL,554070464,1.0,2.0,2.0,2.0,7.0,5.0,6.0,A religious person,7.0,Female,1979.0,40.0,Married,Full time
NZL,554070465,1.0,1.0,2.0,2.0,8.0,6.0,4.0,A religious person,7.0,Female,1947.0,72.0,Widowed,Part time
NZL,554070466,1.0,2.0,2.0,2.0,7.0,8.0,7.0,A religious person,7.0,Male,1963.0,56.0,Married,Full time
NZL,554070467,1.0,2.0,1.0,2.0,8.0,8.0,9.0,Not a religious person,7.0,Male,1970.0,49.0,Married,Full time
NZL,554070468,1.0,1.0,1.0,1.0,9.0,10.0,9.0,An atheist,3.0,Male,1957.0,62.0,Living together as married,Full time
NZL,554070469,1.0,2.0,1.0,2.0,8.0,8.0,7.0,Not a religious person,5.0,Male,1983.0,36.0,Married,Full time
NZL,554070470,2.0,3.0,2.0,2.0,7.0,8.0,7.0,A religious person,,Female,1952.0,67.0,Married,Retired/pensioned
NZL,554070471,1.0,3.0,1.0,1.0,8.0,10.0,9.0,Not a religious person,6.0,Female,1958.0,61.0,Married,Full time
NZL,554070472,2.0,2.0,2.0,,7.0,5.0,6.0,Not a religious person,6.0,Male,1945.0,74.0,Married,Retired/pensioned
NZL,554070473,1.0,1.0,2.0,1.0,9.0,9.0,9.0,A religious person,6.0,Female,1938.0,81.0,Married,Retired/pensioned
NZL,554070474,1.0,1.0,1.0,2.0,10.0,9.0,9.0,A religious person,5.0,Female,1963.0,56.0,Married,Part time
NZL,554070475,1.0,1.0,1.0,2.0,7.0,5.0,7.0,Not a religious person,,,,,Single,Part time
NZL,554070476,1.0,1.0,1.0,1.0,8.0,10.0,8.0,Not a religious person,4.0,Male,1964.0,55.0,Married,Full time
NZL,554070477,,,,,8.0,2.0,2.0,Not a religious person,5.0,Male,1961.0,58.0,Living together as married,Full time
NZL,554070478,1.0,2.0,1.0,2.0,8.0,8.0,8.0,Not a religious person,5.0,Male,1959.0,60.0,Married,Full time
NZL,554070479,1.0,1.0,2.0,2.0,8.0,9.0,9.0,A religious person,5.0,Female,1959.0,60.0,Single,Full time
NZL,554070480,1.0,1.0,1.0,,7.0,8.0,8.0,A religious person,5.0,Female,1931.0,88.0,Married,Retired/pensioned
NZL,554070481,2.0,3.0,1.0,2.0,8.0,8.0,10.0,Not a religious person,,Male,1947.0,72.0,Married,Retired/pensioned
NZL,554070482,1.0,2.0,2.0,2.0,7.0,6.0,6.0,Not a religious person,3.0,Female,1980.0,39.0,Separated,Part time
NZL,554070483,1.0,3.0,2.0,2.0,8.0,8.0,7.0,An atheist,,Male,,,Married,Full time
NZL,554070484,1.0,2.0,2.0,2.0,7.0,8.0,9.0,A religious person,4.0,Female,,,Married,Part time
NZL,554070485,1.0,1.0,1.0,1.0,9.0,10.0,10.0,Not a religious person,4.0,Male,1981.0,38.0,Married,Full time
NZL,554070486,1.0,1.0,2.0,2.0,6.0,7.0,7.0,A religious person,6.0,Male,1965.0,54.0,Single,Full time
NZL,554070487,1.0,2.0,2.0,3.0,6.0,5.0,8.0,Not a religious person,,Female,1974.0,45.0,Married,Homemaker not otherwise employed
NZL,554070488,2.0,1.0,1.0,4.0,10.0,10.0,,Not a religious person,,Female,1954.0,65.0,Single,Unemployed
NZL,554070489,1.0,1.0,1.0,3.0,4.0,8.0,8.0,Not a religious person,9.0,Male,1948.0,71.0,Married,Retired/pensioned
NZL,554070490,1.0,1.0,2.0,1.0,10.0,9.0,5.0,A religious person,7.0,Male,1965.0,54.0,Married,Full time
NZL,554070491,1.0,1.0,1.0,2.0,8.0,9.0,9.0,Not a religious person,8.0,Female,1951.0,68.0,Widowed,Part time
NZL,554070492,1.0,1.0,3.0,1.0,7.0,8.0,4.0,A religious person,8.0,Male,1947.0,72.0,Married,Retired/pensioned
NZL,554070493,,,,,5.0,1.0,6.0,Not a religious person,,Female,1945.0,74.0,Married,Retired/pensioned
NZL,554070494,1.0,1.0,3.0,1.0,8.0,8.0,7.0,Not a religious person,3.0,Female,1976.0,43.0,Married,Full time
NZL,554070495,1.0,1.0,2.0,3.0,10.0,8.0,10.0,An atheist,,Female,1950.0,69.0,Living together as married,Retired/pensioned
NZL,554070496,1.0,1.0,2.0,4.0,8.0,7.0,5.0,A religious person,1.0,Female,1941.0,78.0,Married,Retired/pensioned
NZL,554070497,1.0,2.0,1.0,1.0,7.0,8.0,8.0,An atheist,2.0,Female,1971.0,48.0,Living together as married,Full time
NZL,554070498,1.0,2.0,2.0,4.0,8.0,8.0,9.0,A religious person,,Male,1942.0,77.0,Married,Retired/pensioned
NZL,554070499,1.0,2.0,2.0,3.0,8.0,10.0,10.0,Not a religious person,3.0,Female,1963.0,56.0,Married,Part time
NZL,554070500,1.0,1.0,1.0,1.0,9.0,8.0,10.0,Not a religious person,8.0,Male,1946.0,73.0,Married,Retired/pensioned
NZL,554070501,1.0,1.0,1.0,2.0,8.0,8.0,8.0,A religious person,3.0,Female,1973.0,46.0,Married,Part time
NZL,554070502,1.0,1.0,1.0,2.0,10.0,10.0,10.0,A religious person,8.0,Female,1989.0,30.0,Married,Full time
NZL,554070503,1.0,2.0,2.0,1.0,8.0,8.0,8.0,Not a religious person,,Female,1973.0,46.0,Married,Full time
NZL,554070504,1.0,,3.0,2.0,7.0,,1.0,Not a religious person,5.0,Male,1953.0,66.0,Married,Full time
NZL,554070505,1.0,1.0,1.0,1.0,8.0,6.0,5.0,Not a religious person,8.0,Male,1962.0,57.0,Married,Full time
NZL,554070506,1.0,2.0,1.0,2.0,8.0,9.0,8.0,Not a religious person,,Female,1955.0,64.0,Married,Homemaker not otherwise employed
NZL,554070507,1.0,1.0,1.0,2.0,7.0,8.0,4.0,A religious person,4.0,Female,1988.0,31.0,Married,Full time
NZL,554070508,1.0,1.0,1.0,2.0,8.0,8.0,7.0,Not a religious person,4.0,Male,1955.0,64.0,Married,Retired/pensioned
NZL,554070509,1.0,2.0,1.0,4.0,10.0,10.0,9.0,A religious person,,Female,1949.0,70.0,Married,Homemaker not otherwise employed
NZL,554070510,1.0,1.0,2.0,1.0,,,,A religious person,,Male,1963.0,56.0,Single,Other
NZL,554070511,1.0,1.0,1.0,2.0,7.0,6.0,7.0,Not a religious person,,Male,1985.0,34.0,Living together as married,Full time
NZL,554070512,1.0,2.0,2.0,3.0,8.0,7.0,10.0,A religious person,3.0,Female,1954.0,65.0,Married,Retired/pensioned
NZL,554070513,1.0,2.0,2.0,3.0,7.0,10.0,9.0,Not a religious person,4.0,Female,1944.0,75.0,Married,Retired/pensioned
NZL,554070514,1.0,1.0,1.0,1.0,10.0,10.0,10.0,A religious person,,Female,1988.0,31.0,Single,Unemployed
NZL,554070515,1.0,2.0,1.0,2.0,4.0,5.0,4.0,A religious person,,Female,1951.0,68.0,Widowed,Part time
NZL,554070516,1.0,1.0,1.0,1.0,10.0,7.0,7.0,Not a religious person,,Female,1979.0,40.0,Living together as married,Full time
NZL,554070517,1.0,2.0,2.0,2.0,6.0,7.0,9.0,,4.0,Male,1953.0,66.0,Married,Full time
NZL,554070518,2.0,2.0,1.0,2.0,7.0,5.0,7.0,An atheist,5.0,Female,1982.0,37.0,Divorced,Part time
NZL,554070519,2.0,1.0,1.0,4.0,10.0,9.0,10.0,An atheist,5.0,Female,1952.0,67.0,Single,Retired/pensioned
NZL,554070520,1.0,1.0,2.0,2.0,8.0,9.0,9.0,Not a religious person,6.0,Female,1959.0,60.0,Living together as married,Full time
NZL,554070521,1.0,2.0,2.0,1.0,9.0,6.0,6.0,A religious person,5.0,Female,1995.0,24.0,Single,Full time
NZL,554070522,1.0,2.0,2.0,2.0,10.0,4.0,7.0,A religious person,3.0,Male,1983.0,36.0,Single,Part time
NZL,554070523,1.0,1.0,2.0,2.0,6.0,8.0,7.0,Not a religious person,3.0,Female,1959.0,60.0,Married,Part time
NZL,554070524,1.0,3.0,3.0,4.0,6.0,5.0,5.0,A religious person,3.0,Female,1928.0,91.0,Widowed,Retired/pensioned
NZL,554070525,3.0,2.0,1.0,2.0,9.0,6.0,7.0,A religious person,9.0,Male,1947.0,72.0,Married,Full time
NZL,554070526,1.0,1.0,1.0,2.0,9.0,8.0,7.0,A religious person,5.0,Female,1966.0,53.0,Divorced,Full time
NZL,554070527,1.0,1.0,1.0,2.0,9.0,8.0,7.0,An atheist,7.0,Male,1973.0,46.0,Married,Full time
NZL,554070528,1.0,2.0,2.0,2.0,7.0,6.0,6.0,A religious person,6.0,,1962.0,57.0,Married,Other
NZL,554070529,1.0,1.0,1.0,1.0,7.0,8.0,4.0,Not a religious person,8.0,Male,,,Married,Full time
NZL,554070530,1.0,2.0,2.0,3.0,7.0,7.0,6.0,Not a religious person,2.0,Female,1988.0,31.0,Married,Homemaker not otherwise employed
NZL,554070531,1.0,2.0,2.0,1.0,10.0,10.0,10.0,Not a religious person,,Male,1953.0,66.0,Married,Full time
NZL,554070532,1.0,2.0,3.0,3.0,6.0,8.0,7.0,Not a religious person,3.0,Male,1972.0,47.0,Married,Full time
NZL,554070533,1.0,1.0,1.0,3.0,7.0,7.0,7.0,An atheist,4.0,Female,1955.0,64.0,Living together as married,Part time
NZL,554070534,1.0,3.0,3.0,3.0,,,,A religious person,3.0,Female,1944.0,75.0,Married,Retired/pensioned
NZL,554070535,1.0,2.0,2.0,3.0,6.0,7.0,2.0,Not a religious person,10.0,Male,1962.0,57.0,Married,Full time
NZL,554070536,1.0,2.0,1.0,2.0,10.0,9.0,9.0,A religious person,7.0,Male,1955.0,64.0,Married,Full time
NZL,554070537,1.0,1.0,1.0,2.0,8.0,9.0,10.0,Don't know,,Female,1967.0,52.0,Married,
NZL,554070538,1.0,1.0,2.0,1.0,8.0,8.0,8.0,Not a religious person,9.0,Male,1946.0,73.0,Married,Retired/pensioned
NZL,554070539,2.0,2.0,2.0,2.0,8.0,10.0,7.0,A religious person,,Male,1997.0,22.0,Married,Full time
NZL,554070540,1.0,1.0,1.0,1.0,6.0,6.0,5.0,A religious person,6.0,Male,1978.0,41.0,Married,Full time
NZL,554070541,1.0,1.0,2.0,3.0,8.0,8.0,7.0,Not a religious person,3.0,Female,1986.0,33.0,Married,Part time
NZL,554070542,1.0,1.0,1.0,4.0,8.0,8.0,,Don't know,,Female,1938.0,81.0,Single,Retired/pensioned
NZL,554070543,1.0,2.0,3.0,1.0,5.0,7.0,7.0,Don't know,5.0,Male,1952.0,67.0,Single,Retired/pensioned
NZL,554070544,1.0,2.0,1.0,1.0,9.0,9.0,8.0,A religious person,,Male,1948.0,71.0,Married,Retired/pensioned
NZL,554070545,1.0,1.0,2.0,1.0,7.0,7.0,8.0,,,Female,1996.0,23.0,Living together as married,Full time
NZL,554070546,,,,,10.0,9.0,9.0,Not a religious person,5.0,Female,1971.0,48.0,Married,Full time
NZL,554070547,1.0,1.0,1.0,1.0,9.0,10.0,10.0,A religious person,7.0,Female,1936.0,83.0,Widowed,Homemaker not otherwise employed
NZL,554070548,1.0,2.0,1.0,1.0,8.0,6.0,6.0,Not a religious person,,Male,1956.0,63.0,Married,Unemployed
NZL,554070549,1.0,1.0,1.0,1.0,7.0,6.0,3.0,Not a religious person,5.0,Female,1993.0,26.0,Living together as married,Full time
NZL,554070550,1.0,1.0,2.0,1.0,5.0,5.0,5.0,An atheist,5.0,Male,1983.0,36.0,Living together as married,Full time
NZL,554070551,,,,,6.0,9.0,5.0,Not a religious person,1.0,Male,1946.0,73.0,Widowed,Full time
NZL,554070552,1.0,1.0,2.0,2.0,5.0,5.0,4.0,Not a religious person,,Female,1982.0,37.0,Married,Homemaker not otherwise employed
NZL,554070553,1.0,2.0,2.0,2.0,8.0,8.0,8.0,Not a religious person,2.0,Male,1969.0,50.0,Married,Full time
NZL,554070554,1.0,2.0,2.0,1.0,7.0,8.0,8.0,A religious person,2.0,Female,1960.0,59.0,Married,Full time
NZL,554070555,1.0,1.0,1.0,2.0,10.0,9.0,7.0,Don't know,3.0,Female,1962.0,57.0,Single,Full time
NZL,554070556,1.0,2.0,1.0,2.0,6.0,10.0,6.0,An atheist,,Female,1992.0,27.0,Married,Full time
NZL,554070557,1.0,3.0,2.0,3.0,7.0,6.0,8.0,An atheist,8.0,Male,1978.0,41.0,Married,Full time
NZL,554070558,1.0,2.0,2.0,3.0,7.0,8.0,7.0,A religious person,,Female,1949.0,70.0,Married,Retired/pensioned
NZL,554070559,1.0,2.0,2.0,2.0,7.0,8.0,8.0,Not a religious person,5.0,Male,1972.0,47.0,Married,Full time
NZL,554070560,1.0,2.0,1.0,1.0,4.0,3.0,5.0,Not a religious person,,Female,1995.0,24.0,Single,Full time
NZL,554070561,1.0,2.0,3.0,,5.0,6.0,5.0,Not a religious person,6.0,Male,1939.0,80.0,Married,Retired/pensioned
NZL,554070562,1.0,2.0,1.0,1.0,7.0,7.0,5.0,Not a religious person,6.0,Female,1961.0,58.0,Married,Part time
NZL,554070563,1.0,1.0,2.0,1.0,8.0,7.0,6.0,A religious person,5.0,Male,1963.0,56.0,Married,Full time
NZL,554070564,1.0,2.0,2.0,1.0,4.0,10.0,10.0,A religious person,5.0,Female,1954.0,65.0,Married,Full time
NZL,554070565,1.0,1.0,2.0,1.0,10.0,9.0,8.0,Don't know,,Male,1949.0,70.0,Married,Full time
NZL,554070566,1.0,1.0,1.0,1.0,10.0,10.0,8.0,Not a religious person,,Female,1959.0,60.0,Married,Retired/pensioned
NZL,554070567,1.0,1.0,2.0,2.0,9.0,9.0,8.0,A religious person,,Female,1946.0,73.0,Married,Full time
NZL,554070568,1.0,1.0,1.0,2.0,9.0,9.0,7.0,Not a religious person,,Female,1986.0,33.0,Married,Part time
NZL,554070569,1.0,1.0,1.0,1.0,7.0,6.0,6.0,Not a religious person,,Male,1995.0,24.0,Single,Full time
NZL,554070570,2.0,2.0,,2.0,4.0,6.0,4.0,Not a religious person,6.0,Male,1955.0,64.0,Living together as married,Full time
NZL,554070571,2.0,3.0,1.0,2.0,10.0,8.0,7.0,Not a religious person,10.0,Male,1976.0,43.0,Single,Full time
NZL,554070572,1.0,2.0,1.0,1.0,8.0,9.0,5.0,A religious person,,Male,1951.0,68.0,Married,Retired/pensioned
NZL,554070573,3.0,2.0,2.0,2.0,5.0,5.0,3.0,Not a religious person,1.0,Male,1976.0,43.0,Single,Full time
NZL,554070574,1.0,1.0,1.0,2.0,10.0,8.0,10.0,Don't know,3.0,Female,1969.0,50.0,Married,Part time
NZL,554070575,1.0,2.0,,1.0,8.0,5.0,3.0,A religious person,9.0,Male,1952.0,67.0,Married,Retired/pensioned
NZL,554070576,1.0,2.0,2.0,2.0,10.0,10.0,10.0,Not a religious person,6.0,Male,1952.0,67.0,Married,Retired/pensioned
NZL,554070577,1.0,1.0,2.0,2.0,10.0,9.0,9.0,Not a religious person,,Female,1939.0,80.0,Divorced,Retired/pensioned
NZL,554070578,1.0,2.0,1.0,1.0,8.0,9.0,9.0,Not a religious person,4.0,Male,1948.0,71.0,Married,Full time
NZL,554070579,1.0,1.0,1.0,2.0,9.0,7.0,8.0,A religious person,,Female,1973.0,46.0,Married,Full time
NZL,554070580,1.0,1.0,1.0,1.0,7.0,5.0,6.0,Not a religious person,,Male,1958.0,61.0,Married,Full time
NZL,554070581,2.0,1.0,2.0,1.0,10.0,10.0,7.0,A religious person,10.0,Female,1943.0,76.0,Widowed,Full time
NZL,554070582,1.0,2.0,2.0,2.0,7.0,8.0,8.0,Not a religious person,7.0,,1955.0,64.0,Married,Part time
NZL,554070583,1.0,1.0,1.0,2.0,9.0,8.0,8.0,Not a religious person,1.0,Male,1956.0,63.0,Living together as married,Full time
NZL,554070584,1.0,2.0,2.0,4.0,9.0,5.0,3.0,An atheist,,Female,1955.0,64.0,Living together as married,Retired/pensioned
NZL,554070585,,,,,8.0,4.0,6.0,An atheist,3.0,Male,1957.0,62.0,Married,Full time
NZL,554070586,1.0,3.0,1.0,1.0,3.0,2.0,2.0,Not a religious person,,Male,1976.0,43.0,Married,Full time
NZL,554070587,1.0,1.0,2.0,3.0,9.0,7.0,6.0,Don't know,,Female,1988.0,31.0,Living together as married,Homemaker not otherwise employed
NZL,554070588,1.0,1.0,1.0,4.0,8.0,8.0,10.0,An atheist,4.0,Female,1962.0,57.0,Married,Retired/pensioned
NZL,554070589,1.0,2.0,1.0,2.0,10.0,9.0,10.0,A religious person,4.0,Female,1962.0,57.0,Married,Full time
NZL,554070590,1.0,2.0,2.0,4.0,7.0,7.0,7.0,Not a religious person,,Male,1951.0,68.0,Married,Retired/pensioned
NZL,554070591,2.0,2.0,1.0,1.0,8.0,9.0,8.0,An atheist,1.0,Female,1999.0,20.0,Single,Student
NZL,554070592,1.0,2.0,1.0,1.0,8.0,8.0,7.0,Not a religious person,1.0,Female,1973.0,46.0,Living together as married,Full time
NZL,554070593,1.0,1.0,1.0,1.0,10.0,10.0,8.0,Not a religious person,5.0,Male,1968.0,51.0,Married,Full time
NZL,554070594,1.0,1.0,,2.0,8.0,8.0,8.0,Not a religious person,8.0,Male,1987.0,32.0,Single,Full time
NZL,554070595,1.0,2.0,2.0,1.0,7.0,7.0,5.0,Not a religious person,5.0,Male,1955.0,64.0,Married,Full time
NZL,554070596,1.0,1.0,1.0,2.0,6.0,7.0,8.0,Not a religious person,,Female,1966.0,53.0,Single,Part time
NZL,554070597,1.0,1.0,1.0,1.0,9.0,9.0,8.0,Not a religious person,3.0,Male,1978.0,41.0,Living together as married,Full time
NZL,554070598,1.0,1.0,2.0,2.0,8.0,8.0,10.0,,7.0,Male,2001.0,18.0,Single,Part time
NZL,554070599,1.0,2.0,2.0,3.0,9.0,7.0,10.0,Not a religious person,4.0,Female,1936.0,83.0,Widowed,Retired/pensioned
NZL,554070600,1.0,2.0,2.0,4.0,5.0,8.0,8.0,Not a religious person,7.0,Male,1949.0,70.0,Married,Retired/pensioned
NZL,554070601,1.0,1.0,1.0,3.0,6.0,5.0,3.0,Not a religious person,7.0,Male,1934.0,85.0,Single,Retired/pensioned
NZL,554070602,1.0,1.0,1.0,1.0,9.0,9.0,9.0,A religious person,5.0,Male,1976.0,43.0,Married,Full time
NZL,554070603,1.0,2.0,2.0,2.0,8.0,7.0,8.0,Not a religious person,7.0,Male,1958.0,61.0,Married,Full time
NZL,554070604,1.0,1.0,2.0,2.0,5.0,5.0,5.0,A religious person,4.0,Female,1934.0,85.0,Married,Retired/pensioned
NZL,554070605,1.0,2.0,2.0,2.0,6.0,8.0,9.0,Not a religious person,4.0,Female,1977.0,42.0,Married,Part time
NZL,554070606,1.0,1.0,1.0,1.0,7.0,7.0,5.0,Not a religious person,5.0,Male,1939.0,80.0,Separated,Retired/pensioned
NZL,554070607,1.0,1.0,2.0,4.0,6.0,6.0,6.0,Not a religious person,6.0,Male,1932.0,87.0,Widowed,Retired/pensioned
NZL,554070608,2.0,1.0,1.0,2.0,6.0,6.0,7.0,An atheist,3.0,Male,1985.0,34.0,Living together as married,Student
NZL,554070609,2.0,2.0,1.0,1.0,10.0,8.0,5.0,An atheist,,Male,1992.0,27.0,Living together as married,Full time
NZL,554070610,1.0,1.0,1.0,1.0,5.0,3.0,10.0,Don't know,4.0,Female,1961.0,58.0,Widowed,Student
NZL,554070611,1.0,1.0,1.0,2.0,9.0,8.0,6.0,Not a religious person,5.0,Female,1957.0,62.0,Divorced,Full time
NZL,554070612,,,,,3.0,7.0,5.0,Not a religious person,3.0,Male,1979.0,40.0,Married,Full time
NZL,554070613,1.0,1.0,1.0,2.0,7.0,8.0,7.0,A religious person,9.0,Male,1950.0,69.0,Married,Part time
NZL,554070614,1.0,,,,9.0,8.0,8.0,Not a religious person,7.0,Female,1961.0,58.0,Living together as married,Self employed
NZL,554070615,1.0,2.0,2.0,1.0,8.0,9.0,8.0,Not a religious person,,Female,1968.0,51.0,Married,Part time
NZL,554070616,1.0,1.0,1.0,2.0,7.0,10.0,6.0,A religious person,,Female,,,Divorced,Full time
NZL,554070617,1.0,2.0,1.0,2.0,10.0,6.0,6.0,A religious person,,Male,1954.0,65.0,Married,Full time
NZL,554070618,1.0,1.0,1.0,1.0,10.0,10.0,8.0,Not a religious person,3.0,Female,1953.0,66.0,Married,Part time
NZL,554070619,1.0,2.0,2.0,2.0,10.0,10.0,10.0,A religious person,,Male,1949.0,70.0,Married,Retired/pensioned
NZL,554070620,1.0,2.0,3.0,2.0,4.0,7.0,6.0,Not a religious person,,Female,1967.0,52.0,Single,Full time
NZL,554070621,2.0,,,,8.0,6.0,8.0,Not a religious person,9.0,Male,1940.0,79.0,Divorced,Retired/pensioned
NZL,554070622,1.0,1.0,1.0,,6.0,8.0,6.0,Not a religious person,,Male,1947.0,72.0,Married,Retired/pensioned
NZL,554070623,1.0,1.0,2.0,2.0,5.0,10.0,10.0,Not a religious person,10.0,Female,1954.0,65.0,Married,Part time
NZL,554070624,1.0,1.0,1.0,2.0,9.0,10.0,9.0,An atheist,9.0,Female,1937.0,82.0,Married,Retired/pensioned
NZL,554070625,1.0,2.0,2.0,1.0,9.0,9.0,10.0,Not a religious person,5.0,Female,1932.0,87.0,Married,Retired/pensioned
NZL,554070626,1.0,1.0,1.0,2.0,9.0,8.0,7.0,Don't know,4.0,Female,1996.0,23.0,Single,Full time
NZL,554070627,1.0,1.0,1.0,4.0,8.0,8.0,6.0,Not a religious person,4.0,Female,1947.0,72.0,Married,Retired/pensioned
NZL,554070628,1.0,3.0,2.0,2.0,8.0,5.0,4.0,A religious person,8.0,Male,1957.0,62.0,Single,Full time
NZL,554070629,1.0,2.0,1.0,2.0,9.0,8.0,8.0,An atheist,4.0,Male,1988.0,31.0,Single,Full time
NZL,554070630,1.0,2.0,2.0,2.0,8.0,9.0,9.0,Not a religious person,6.0,Male,1951.0,68.0,Single,Full time
NZL,554070631,1.0,3.0,1.0,2.0,6.0,8.0,8.0,Not a religious person,,Female,1985.0,34.0,Living together as married,Full time
NZL,554070632,1.0,2.0,2.0,1.0,9.0,,,Not a religious person,,Female,1976.0,43.0,Living together as married,Full time
NZL,554070633,1.0,1.0,2.0,,8.0,8.0,7.0,Don't know,7.0,Female,1944.0,75.0,Married,Retired/pensioned
NZL,554070634,,,,,9.0,9.0,8.0,Not a religious person,,Male,1978.0,41.0,Married,Full time
NZL,554070635,,,,,7.0,8.0,5.0,Not a religious person,2.0,Male,1986.0,33.0,Married,Full time
NZL,554070636,1.0,1.0,1.0,2.0,6.0,7.0,7.0,Not a religious person,4.0,Male,1948.0,71.0,Married,Part time
NZL,554070637,1.0,1.0,1.0,2.0,6.0,7.0,7.0,A religious person,,Female,1969.0,50.0,Single,Full time
NZL,554070638,1.0,1.0,1.0,2.0,,10.0,10.0,A religious person,,Female,1944.0,75.0,Married,Retired/pensioned
NZL,554070639,1.0,3.0,2.0,2.0,,,,Not a religious person,2.0,Female,1960.0,59.0,,Part time
NZL,554070640,1.0,2.0,1.0,4.0,9.0,10.0,10.0,A religious person,3.0,Female,1969.0,50.0,Married,Full time
NZL,554070641,1.0,1.0,1.0,1.0,8.0,10.0,8.0,A religious person,,Female,1979.0,40.0,Married,Full time
NZL,554070642,1.0,1.0,1.0,2.0,5.0,7.0,10.0,A religious person,1.0,Female,1946.0,73.0,Married,Retired/pensioned
NZL,554070643,1.0,2.0,3.0,1.0,7.0,8.0,8.0,A religious person,5.0,Female,1964.0,55.0,Married,Full time
NZL,554070644,2.0,3.0,2.0,2.0,6.0,7.0,7.0,Don't know,4.0,Male,1942.0,77.0,Married,
NZL,554070645,1.0,1.0,1.0,2.0,9.0,8.0,3.0,Not a religious person,7.0,Male,1961.0,58.0,Married,Full time
NZL,554070646,1.0,2.0,2.0,,6.0,6.0,10.0,Not a religious person,10.0,Female,1942.0,77.0,Married,Retired/pensioned
NZL,554070647,1.0,2.0,1.0,2.0,7.0,8.0,8.0,Not a religious person,4.0,Male,1988.0,31.0,Married,Full time
NZL,554070648,1.0,1.0,1.0,,,,,A religious person,6.0,Female,1938.0,81.0,,Retired/pensioned
NZL,554070649,1.0,1.0,1.0,2.0,10.0,9.0,9.0,An atheist,8.0,Male,1953.0,66.0,Living together as married,Retired/pensioned
NZL,554070650,2.0,2.0,2.0,2.0,9.0,8.0,5.0,A religious person,4.0,Female,1961.0,58.0,Single,Part time
NZL,554070651,1.0,2.0,1.0,3.0,8.0,7.0,7.0,Not a religious person,8.0,Female,1989.0,30.0,Single,Part time
NZL,554070652,3.0,1.0,2.0,1.0,9.0,6.0,8.0,A religious person,,Female,1951.0,68.0,Widowed,Part time
NZL,554070653,1.0,2.0,2.0,2.0,8.0,8.0,7.0,Not a religious person,6.0,Female,1970.0,49.0,Married,Full time
NZL,554070654,1.0,2.0,1.0,2.0,4.0,8.0,1.0,Don't know,2.0,Male,1961.0,58.0,Married,Full time
NZL,554070655,1.0,3.0,2.0,2.0,3.0,5.0,5.0,Not a religious person,5.0,Female,1954.0,65.0,Married,Part time
NZL,554070656,1.0,1.0,2.0,1.0,9.0,9.0,8.0,Not a religious person,8.0,Male,1967.0,52.0,Married,Full time
NZL,554070657,1.0,2.0,2.0,2.0,7.0,7.0,8.0,Not a religious person,,Female,1962.0,57.0,Living together as married,Part time
NZL,554070658,1.0,1.0,1.0,2.0,7.0,7.0,6.0,A religious person,4.0,Female,1959.0,60.0,Divorced,Full time
NZL,554070659,1.0,2.0,2.0,2.0,8.0,8.0,7.0,A religious person,8.0,Female,1968.0,51.0,Married,Full time
NZL,554070660,1.0,2.0,2.0,2.0,8.0,6.0,6.0,Not a religious person,6.0,Male,1970.0,49.0,Married,Full time
NZL,554070661,1.0,2.0,1.0,,,,1.0,Not a religious person,,Female,1929.0,90.0,Married,Retired/pensioned
NZL,554070662,1.0,1.0,1.0,2.0,8.0,8.0,9.0,Not a religious person,5.0,Male,1937.0,82.0,Married,Full time
NZL,554070663,1.0,1.0,1.0,2.0,7.0,7.0,8.0,Don't know,5.0,Male,1974.0,45.0,Single,Full time
NZL,554070664,1.0,1.0,1.0,2.0,9.0,9.0,8.0,An atheist,4.0,Female,1955.0,64.0,Separated,Part time
NZL,554070665,,,,,10.0,9.0,6.0,Not a religious person,5.0,Male,1942.0,77.0,Married,Part time
NZL,554070666,1.0,1.0,2.0,3.0,7.0,8.0,7.0,Not a religious person,8.0,Female,1940.0,79.0,Married,Retired/pensioned
NZL,554070667,1.0,2.0,1.0,,,,,Not a religious person,6.0,Female,1941.0,78.0,,Retired/pensioned
NZL,554070668,1.0,2.0,3.0,1.0,6.0,8.0,6.0,Don't know,6.0,Female,1987.0,32.0,Single,Part time
NZL,554070669,1.0,2.0,2.0,2.0,8.0,8.0,7.0,A religious person,3.0,Male,1954.0,65.0,Married,Full time
NZL,554070670,2.0,1.0,1.0,2.0,8.0,7.0,9.0,Not a religious person,3.0,Female,1962.0,57.0,Living together as married,Full time
NZL,554070671,1.0,1.0,1.0,1.0,7.0,7.0,6.0,Not a religious person,2.0,Male,1985.0,34.0,Married,Full time
NZL,554070672,1.0,2.0,2.0,4.0,10.0,10.0,10.0,Not a religious person,8.0,Female,1957.0,62.0,Married,Retired/pensioned
NZL,554070673,1.0,1.0,2.0,1.0,10.0,8.0,8.0,Not a religious person,,Female,1988.0,31.0,Separated,Part time
NZL,554070674,2.0,2.0,2.0,1.0,3.0,2.0,6.0,Not a religious person,6.0,Male,1973.0,46.0,Divorced,Full time
NZL,554070675,1.0,1.0,1.0,2.0,10.0,9.0,9.0,An atheist,7.0,Female,1963.0,56.0,Living together as married,Full time
NZL,554070676,1.0,1.0,1.0,2.0,8.0,9.0,8.0,A religious person,5.0,Male,1956.0,63.0,Living together as married,Full time
NZL,554070677,1.0,1.0,3.0,1.0,10.0,10.0,10.0,Not a religious person,5.0,Female,1965.0,54.0,Single,Unemployed
NZL,554070678,1.0,1.0,1.0,2.0,9.0,10.0,7.0,Not a religious person,1.0,Female,1984.0,35.0,Married,Full time
NZL,554070679,1.0,1.0,2.0,2.0,9.0,8.0,8.0,An atheist,3.0,Female,1975.0,44.0,Living together as married,Part time
NZL,554070680,1.0,2.0,2.0,2.0,10.0,5.0,1.0,,5.0,Female,1964.0,55.0,Separated,Full time
NZL,554070681,1.0,1.0,1.0,2.0,8.0,7.0,4.0,Not a religious person,7.0,Male,1994.0,25.0,Living together as married,Student
NZL,554070682,1.0,1.0,1.0,2.0,7.0,7.0,6.0,A religious person,6.0,Female,1965.0,54.0,Separated,Full time
NZL,554070683,1.0,2.0,2.0,1.0,8.0,8.0,8.0,Not a religious person,,Male,1979.0,40.0,Married,Full time
NZL,554070684,2.0,,1.0,4.0,3.0,3.0,3.0,A religious person,,Male,1977.0,42.0,Single,Unemployed
NZL,554070685,1.0,1.0,1.0,2.0,8.0,9.0,7.0,A religious person,,Female,1983.0,36.0,Married,Homemaker not otherwise employed
NZL,554070686,1.0,1.0,1.0,1.0,10.0,8.0,8.0,,6.0,Female,1985.0,34.0,Married,Part time
NZL,554070687,1.0,1.0,1.0,,9.0,10.0,8.0,Not a religious person,8.0,Female,1943.0,76.0,Married,Retired/pensioned
NZL,554070688,1.0,1.0,1.0,2.0,8.0,7.0,7.0,Not a religious person,,Female,1979.0,40.0,Married,Homemaker not otherwise employed
NZL,554070689,1.0,1.0,1.0,2.0,2.0,8.0,10.0,Not a religious person,6.0,,,,Single,Full time
NZL,554070690,1.0,2.0,2.0,2.0,9.0,6.0,4.0,An atheist,6.0,Female,1965.0,54.0,Married,Full time
NZL,554070691,1.0,1.0,1.0,2.0,,,,Not a religious person,4.0,Male,1972.0,47.0,,Full time
NZL,554070692,1.0,1.0,1.0,1.0,8.0,10.0,8.0,A religious person,1.0,Male,1974.0,45.0,Married,Full time
NZL,554070693,1.0,1.0,2.0,2.0,7.0,7.0,6.0,Not a religious person,,Female,1992.0,27.0,Living together as married,Part time
NZL,554070694,1.0,1.0,2.0,2.0,6.0,8.0,7.0,Not a religious person,5.0,Female,1991.0,28.0,Married,Full time
NZL,554070695,1.0,2.0,1.0,1.0,8.0,7.0,6.0,Not a religious person,8.0,Male,1969.0,50.0,Married,Full time
NZL,554070696,1.0,2.0,2.0,2.0,,,,A religious person,4.0,Male,1971.0,48.0,,Full time
NZL,554070697,1.0,2.0,1.0,2.0,9.0,8.0,7.0,Not a religious person,5.0,Female,1953.0,66.0,Married,Full time
NZL,554070698,1.0,1.0,2.0,1.0,10.0,9.0,9.0,A religious person,8.0,Male,1955.0,64.0,Divorced,Unemployed
NZL,554070699,,,,,10.0,10.0,10.0,A religious person,6.0,Female,1945.0,74.0,Married,Retired/pensioned
NZL,554070700,1.0,2.0,2.0,1.0,8.0,7.0,7.0,A religious person,5.0,Male,1986.0,33.0,Married,Full time
NZL,554070701,1.0,1.0,1.0,2.0,,1.0,,Not a religious person,,Male,1966.0,53.0,Single,Other
NZL,554070702,1.0,1.0,1.0,2.0,4.0,2.0,6.0,An atheist,1.0,Male,1990.0,29.0,Living together as married,Full time
NZL,554070703,,,,,8.0,8.0,10.0,A religious person,8.0,Female,1953.0,66.0,Married,Retired/pensioned
NZL,554070704,1.0,2.0,2.0,1.0,6.0,8.0,8.0,Not a religious person,8.0,Male,1939.0,80.0,Married,Retired/pensioned
NZL,554070705,1.0,2.0,3.0,2.0,8.0,9.0,6.0,A religious person,7.0,Male,1970.0,49.0,Married,Full time
NZL,554070706,1.0,2.0,2.0,1.0,8.0,9.0,9.0,A religious person,8.0,Male,1963.0,56.0,Married,
NZL,554070707,1.0,1.0,1.0,1.0,5.0,6.0,5.0,Don't know,6.0,Female,1974.0,45.0,Living together as married,Full time
NZL,554070708,1.0,,,,2.0,2.0,2.0,Not a religious person,,Female,1943.0,76.0,Single,Retired/pensioned
NZL,554070709,1.0,2.0,2.0,2.0,7.0,8.0,9.0,A religious person,5.0,Male,1959.0,60.0,Married,Full time
NZL,554070710,1.0,1.0,1.0,1.0,10.0,8.0,8.0,A religious person,4.0,Female,1949.0,70.0,Separated,Retired/pensioned
NZL,554070711,1.0,4.0,3.0,,,,1.0,Don't know,1.0,Female,1943.0,76.0,Married,Retired/pensioned
NZL,554070712,1.0,2.0,2.0,1.0,9.0,8.0,8.0,An atheist,1.0,Male,1955.0,64.0,Living together as married,Retired/pensioned
NZL,554070713,1.0,1.0,1.0,2.0,8.0,2.0,2.0,A religious person,5.0,Male,1964.0,55.0,Living together as married,Full time
NZL,554070714,1.0,1.0,1.0,2.0,9.0,1.0,1.0,A religious person,5.0,Female,1954.0,65.0,Married,Retired/pensioned
NZL,554070715,,,,,10.0,9.0,8.0,A religious person,5.0,Female,1934.0,85.0,Widowed,
NZL,554070716,2.0,2.0,1.0,2.0,4.0,6.0,1.0,Not a religious person,,Male,1965.0,54.0,Separated,Unemployed
NZL,554070717,1.0,1.0,1.0,3.0,8.0,8.0,8.0,Not a religious person,5.0,Female,1955.0,64.0,Married,Retired/pensioned
NZL,554070718,1.0,2.0,2.0,3.0,5.0,4.0,3.0,A religious person,5.0,Male,1958.0,61.0,Living together as married,Part time
NZL,554070719,1.0,1.0,1.0,2.0,7.0,8.0,3.0,A religious person,6.0,Male,1970.0,49.0,Married,Full time
NZL,554070720,1.0,1.0,2.0,1.0,9.0,7.0,5.0,Not a religious person,10.0,Male,1985.0,34.0,Living together as married,Full time
NZL,554070721,1.0,1.0,3.0,2.0,5.0,7.0,7.0,Don't know,,Female,1963.0,56.0,Single,Part time
NZL,554070722,1.0,1.0,1.0,1.0,9.0,10.0,9.0,Not a religious person,10.0,Female,1949.0,70.0,Married,Retired/pensioned
NZL,554070723,1.0,2.0,2.0,2.0,6.0,8.0,5.0,Not a religious person,,Female,1978.0,41.0,Living together as married,Full time
NZL,554070724,1.0,1.0,2.0,3.0,10.0,10.0,10.0,Not a religious person,3.0,Male,1955.0,64.0,Married,Part time
NZL,554070725,1.0,2.0,2.0,2.0,7.0,8.0,8.0,Not a religious person,6.0,Female,1969.0,50.0,Married,Full time
NZL,554070726,1.0,,,,4.0,4.0,,Not a religious person,1.0,Female,1939.0,80.0,Widowed,Retired/pensioned
NZL,554070727,1.0,1.0,,1.0,5.0,3.0,3.0,Not a religious person,5.0,,,,Married,Full time
NZL,554070728,1.0,2.0,2.0,3.0,8.0,9.0,10.0,Not a religious person,8.0,Female,1953.0,66.0,Married,Retired/pensioned
NZL,554070729,1.0,1.0,2.0,2.0,10.0,8.0,7.0,Not a religious person,,Female,1973.0,46.0,Single,Full time
NZL,554070730,1.0,2.0,2.0,2.0,5.0,6.0,6.0,A religious person,4.0,Female,1952.0,67.0,Married,Retired/pensioned
NZL,554070731,1.0,2.0,3.0,2.0,8.0,10.0,10.0,A religious person,,Female,1955.0,64.0,Married,Self employed
NZL,554070732,1.0,2.0,2.0,1.0,4.0,3.0,1.0,Not a religious person,5.0,Male,1944.0,75.0,Married,Retired/pensioned
NZL,554070733,1.0,1.0,2.0,2.0,5.0,7.0,5.0,Don't know,,Female,1964.0,55.0,Widowed,Part time
NZL,554070734,1.0,1.0,2.0,1.0,9.0,10.0,9.0,Not a religious person,6.0,Male,1964.0,55.0,Married,Full time
NZL,554070735,1.0,1.0,1.0,1.0,10.0,9.0,9.0,A religious person,6.0,Female,1971.0,48.0,Married,Full time
NZL,554070736,1.0,1.0,2.0,2.0,7.0,9.0,7.0,A religious person,5.0,Female,1967.0,52.0,Living together as married,Full time
NZL,554070737,1.0,1.0,1.0,3.0,10.0,5.0,5.0,Not a religious person,,Female,1994.0,25.0,Single,Full time
NZL,554070738,1.0,1.0,1.0,1.0,10.0,8.0,8.0,Not a religious person,8.0,Male,1956.0,63.0,Married,Full time
NZL,554070739,1.0,1.0,1.0,1.0,9.0,9.0,9.0,Not a religious person,9.0,Female,1967.0,52.0,Living together as married,Full time
NZL,554070740,1.0,1.0,1.0,2.0,8.0,8.0,5.0,A religious person,,Female,1984.0,35.0,Married,Self employed
NZL,554070741,,,,,,9.0,8.0,A religious person,10.0,Female,1937.0,82.0,Widowed,Retired/pensioned
NZL,554070742,1.0,1.0,2.0,2.0,10.0,10.0,8.0,A religious person,10.0,Male,1975.0,44.0,Married,Full time
NZL,554070743,1.0,1.0,2.0,1.0,9.0,8.0,7.0,A religious person,8.0,Female,1991.0,28.0,Single,Full time
NZL,554070744,1.0,2.0,2.0,2.0,7.0,7.0,6.0,An atheist,7.0,Male,1963.0,56.0,Married,Full time
NZL,554070745,1.0,1.0,2.0,1.0,8.0,9.0,10.0,Not a religious person,1.0,Female,1969.0,50.0,Single,Full time
NZL,554070746,1.0,1.0,2.0,2.0,6.0,6.0,4.0,A religious person,8.0,Male,1953.0,66.0,Single,Unemployed
NZL,554070747,1.0,1.0,1.0,4.0,7.0,8.0,6.0,A religious person,,,1961.0,58.0,Married,Other
NZL,554070748,1.0,3.0,4.0,1.0,6.0,5.0,1.0,A religious person,5.0,Female,1990.0,29.0,Single,Full time
NZL,554070749,,,,,,,,Don't know,,Female,1962.0,57.0,Divorced,Unemployed
NZL,554070750,1.0,1.0,1.0,1.0,10.0,9.0,8.0,Not a religious person,6.0,Female,1957.0,62.0,Divorced,Part time
NZL,554070751,1.0,1.0,2.0,1.0,8.0,8.0,9.0,A religious person,,Female,1967.0,52.0,Married,Full time
NZL,554070752,1.0,1.0,1.0,3.0,8.0,7.0,5.0,Not a religious person,2.0,Female,1964.0,55.0,Single,Part time
NZL,554070753,1.0,2.0,2.0,1.0,8.0,8.0,8.0,A religious person,6.0,Female,1967.0,52.0,Married,Homemaker not otherwise employed
NZL,554070754,1.0,2.0,1.0,2.0,,5.0,6.0,Not a religious person,,Male,1955.0,64.0,Married,Full time
NZL,554070755,1.0,1.0,1.0,1.0,6.0,8.0,8.0,Don't know,3.0,Female,1964.0,55.0,Living together as married,Full time
NZL,554070756,1.0,1.0,1.0,3.0,8.0,9.0,9.0,Don't know,3.0,Female,1970.0,49.0,Married,Part time
NZL,554070757,1.0,1.0,,,10.0,9.0,10.0,,,Female,1940.0,79.0,Single,Retired/pensioned
NZL,554070758,1.0,3.0,1.0,2.0,9.0,9.0,6.0,Not a religious person,,Male,1976.0,43.0,Married,Full time
NZL,554070759,1.0,1.0,2.0,4.0,8.0,9.0,8.0,Not a religious person,7.0,Male,1951.0,68.0,Married,Part time
NZL,554070760,1.0,1.0,2.0,1.0,10.0,10.0,9.0,Not a religious person,8.0,Male,1969.0,50.0,Living together as married,Full time
NZL,554070761,1.0,1.0,2.0,4.0,10.0,10.0,10.0,A religious person,10.0,Female,1950.0,69.0,Married,Retired/pensioned
NZL,554070762,4.0,4.0,4.0,4.0,7.0,,,An atheist,6.0,Male,1994.0,25.0,Single,Unemployed
NZL,554070763,1.0,1.0,1.0,1.0,6.0,6.0,6.0,A religious person,1.0,Female,1963.0,56.0,Married,Full time
NZL,554070764,2.0,2.0,2.0,2.0,8.0,7.0,3.0,Not a religious person,,Male,1994.0,25.0,Living together as married,Unemployed
NZL,554070765,1.0,1.0,2.0,1.0,9.0,9.0,8.0,A religious person,8.0,Male,1998.0,21.0,Single,Full time
NZL,554070766,2.0,1.0,2.0,2.0,10.0,4.0,4.0,Not a religious person,5.0,Female,2000.0,19.0,Living together as married,Part time
NZL,554070767,1.0,1.0,1.0,2.0,5.0,9.0,9.0,Not a religious person,,Male,1967.0,52.0,Married,Full time
NZL,554070768,1.0,1.0,1.0,2.0,3.0,10.0,10.0,A religious person,,Female,1964.0,55.0,Married,Part time
NZL,554070769,1.0,1.0,1.0,,10.0,8.0,8.0,Don't know,,,,,Married,Retired/pensioned
NZL,554070770,1.0,1.0,1.0,1.0,8.0,8.0,8.0,Not a religious person,9.0,Male,1973.0,46.0,Living together as married,Full time
NZL,554070771,1.0,1.0,1.0,1.0,10.0,9.0,8.0,Not a religious person,8.0,Female,1963.0,56.0,Married,Full time
NZL,554070772,1.0,1.0,1.0,1.0,9.0,8.0,7.0,Not a religious person,,Female,1957.0,62.0,Married,Full time
NZL,554070773,1.0,2.0,2.0,2.0,8.0,6.0,6.0,Not a religious person,6.0,Female,1957.0,62.0,Married,Part time
NZL,554070774,1.0,2.0,1.0,2.0,8.0,8.0,9.0,Not a religious person,9.0,Male,1961.0,58.0,Married,Full time
NZL,554070775,1.0,1.0,2.0,3.0,5.0,7.0,8.0,A religious person,7.0,Female,1986.0,33.0,Married,Full time
NZL,554070776,1.0,2.0,1.0,2.0,9.0,9.0,10.0,Not a religious person,8.0,Female,1970.0,49.0,Married,Full time
NZL,554070777,1.0,1.0,1.0,4.0,,,,Not a religious person,8.0,Male,1945.0,74.0,,Retired/pensioned
NZL,554070778,1.0,1.0,1.0,2.0,8.0,8.0,5.0,A religious person,,Female,1954.0,65.0,Married,Retired/pensioned
NZL,554070779,1.0,1.0,2.0,1.0,10.0,8.0,8.0,A religious person,,Female,1963.0,56.0,Married,Homemaker not otherwise employed
NZL,554070780,1.0,2.0,1.0,3.0,10.0,9.0,9.0,Not a religious person,9.0,Male,1948.0,71.0,Living together as married,Retired/pensioned
NZL,554070781,1.0,1.0,1.0,3.0,7.0,8.0,9.0,Not a religious person,5.0,Female,1978.0,41.0,Married,Homemaker not otherwise employed
NZL,554070782,1.0,1.0,1.0,1.0,8.0,4.0,3.0,Not a religious person,,Female,1966.0,53.0,Single,Part time
NZL,554070783,1.0,1.0,2.0,4.0,9.0,10.0,10.0,A religious person,,Female,1937.0,82.0,Married,Retired/pensioned
NZL,554070784,1.0,1.0,2.0,1.0,8.0,8.0,9.0,A religious person,2.0,Female,,,Married,Part time
NZL,554070785,2.0,2.0,2.0,1.0,8.0,2.0,2.0,A religious person,8.0,Male,1978.0,41.0,Single,Unemployed
NZL,554070786,1.0,2.0,2.0,2.0,8.0,4.0,4.0,Not a religious person,,Female,1966.0,53.0,Single,Part time
NZL,554070787,3.0,1.0,1.0,3.0,8.0,7.0,5.0,An atheist,5.0,Male,1949.0,70.0,Living together as married,Unemployed
NZL,554070788,1.0,2.0,2.0,2.0,5.0,5.0,4.0,Don't know,6.0,Male,1964.0,55.0,Living together as married,Full time
NZL,554070789,1.0,2.0,2.0,1.0,5.0,5.0,3.0,Don't know,3.0,Male,1970.0,49.0,Widowed,Full time
NZL,554070790,4.0,3.0,2.0,4.0,9.0,8.0,6.0,Not a religious person,,,,,Widowed,Retired/pensioned
NZL,554070791,,,,,10.0,7.0,7.0,Not a religious person,3.0,Female,1964.0,55.0,Married,Part time
NZL,554070792,1.0,1.0,1.0,2.0,10.0,9.0,5.0,Not a religious person,,Female,1957.0,62.0,Married,Part time
NZL,554070793,1.0,1.0,1.0,1.0,8.0,7.0,4.0,A religious person,8.0,Male,1969.0,50.0,Separated,Full time
NZL,554070794,1.0,3.0,2.0,2.0,5.0,5.0,5.0,Not a religious person,,Male,1964.0,55.0,Single,Full time
NZL,554070795,,,,,5.0,3.0,3.0,An atheist,5.0,Female,1993.0,26.0,Single,Unemployed
NZL,554070796,3.0,2.0,4.0,2.0,9.0,8.0,6.0,Don't know,6.0,Male,1947.0,72.0,Married,Full time
NZL,554070797,1.0,1.0,1.0,2.0,9.0,9.0,9.0,A religious person,2.0,Female,1956.0,63.0,Married,Full time
NZL,554070798,1.0,1.0,2.0,2.0,8.0,8.0,7.0,Not a religious person,,Female,1984.0,35.0,Married,Full time
NZL,554070799,1.0,1.0,1.0,2.0,8.0,7.0,7.0,An atheist,3.0,Female,1987.0,32.0,Living together as married,Homemaker not otherwise employed
NZL,554070800,1.0,2.0,1.0,1.0,10.0,9.0,8.0,A religious person,7.0,Male,1974.0,45.0,Married,Full time
NZL,554070801,2.0,3.0,2.0,1.0,,,,Not a religious person,3.0,Female,1956.0,63.0,,Full time
NZL,554070802,1.0,1.0,,,7.0,10.0,9.0,Not a religious person,6.0,Male,1933.0,86.0,Living together as married,Retired/pensioned
NZL,554070803,1.0,2.0,2.0,1.0,10.0,10.0,8.0,Not a religious person,8.0,Female,1965.0,54.0,Living together as married,Full time
NZL,554070804,1.0,1.0,2.0,2.0,8.0,8.0,8.0,Not a religious person,8.0,Male,1967.0,52.0,Single,Unemployed
NZL,554070805,1.0,1.0,1.0,4.0,8.0,6.0,10.0,An atheist,5.0,Male,1951.0,68.0,Married,Retired/pensioned
NZL,554070806,1.0,1.0,1.0,2.0,6.0,7.0,6.0,A religious person,8.0,Female,1975.0,44.0,Living together as married,Full time
NZL,554070807,1.0,1.0,1.0,2.0,7.0,9.0,8.0,Not a religious person,5.0,Female,1985.0,34.0,Married,Full time
NZL,554070808,1.0,1.0,1.0,2.0,8.0,8.0,8.0,Not a religious person,6.0,Female,1990.0,29.0,Married,Full time
NZL,554070809,1.0,1.0,1.0,2.0,10.0,9.0,8.0,,,Female,1971.0,48.0,Divorced,Full time
NZL,554070810,1.0,,2.0,1.0,3.0,5.0,6.0,A religious person,4.0,Female,1988.0,31.0,Single,Unemployed
NZL,554070811,1.0,1.0,1.0,2.0,5.0,5.0,5.0,Not a religious person,,Female,1961.0,58.0,Married,Full time
NZL,554070812,1.0,2.0,2.0,4.0,9.0,10.0,9.0,A religious person,5.0,Female,1938.0,81.0,Married,Retired/pensioned
NZL,554070813,1.0,1.0,1.0,1.0,6.0,5.0,4.0,A religious person,7.0,Female,1961.0,58.0,Divorced,Full time
NZL,554070814,1.0,1.0,2.0,1.0,6.0,5.0,6.0,A religious person,,Female,1955.0,64.0,Married,Full time
NZL,554070815,1.0,1.0,2.0,2.0,6.0,8.0,8.0,Don't know,5.0,Female,1965.0,54.0,Married,Full time
NZL,554070816,1.0,1.0,2.0,,8.0,9.0,9.0,Not a religious person,9.0,Female,1943.0,76.0,Married,Retired/pensioned
NZL,554070817,1.0,2.0,1.0,2.0,8.0,8.0,9.0,A religious person,6.0,Male,1964.0,55.0,Living together as married,Full time
NZL,554070818,1.0,3.0,4.0,2.0,7.0,10.0,5.0,A religious person,5.0,Male,1951.0,68.0,Married,Retired/pensioned
NZL,554070819,2.0,2.0,1.0,2.0,7.0,7.0,7.0,Not a religious person,6.0,Male,1968.0,51.0,Living together as married,Full time
NZL,554070820,1.0,1.0,1.0,,6.0,7.0,6.0,Don't know,7.0,Female,1946.0,73.0,Separated,Retired/pensioned
NZL,554070821,1.0,1.0,1.0,2.0,10.0,10.0,10.0,Don't know,5.0,Female,1954.0,65.0,Divorced,Full time
NZL,554070822,,,,,7.0,4.0,5.0,A religious person,8.0,Female,1958.0,61.0,Divorced,Full time
NZL,554070823,1.0,2.0,2.0,1.0,4.0,5.0,2.0,Not a religious person,,Female,1962.0,57.0,Married,Homemaker not otherwise employed
NZL,554070824,1.0,2.0,1.0,2.0,8.0,8.0,6.0,Not a religious person,5.0,Female,1974.0,45.0,Living together as married,Part time
NZL,554070825,1.0,2.0,2.0,2.0,5.0,5.0,4.0,Not a religious person,,Female,1984.0,35.0,Single,Full time
NZL,554070826,1.0,1.0,1.0,2.0,9.0,8.0,8.0,Not a religious person,5.0,Male,1977.0,42.0,Living together as married,Full time
NZL,554070827,1.0,1.0,2.0,2.0,8.0,7.0,6.0,Not a religious person,5.0,Female,1983.0,36.0,Married,Part time
NZL,554070828,1.0,1.0,1.0,2.0,9.0,8.0,7.0,Not a religious person,2.0,Female,1979.0,40.0,Living together as married,Full time
NZL,554070829,1.0,1.0,1.0,1.0,6.0,9.0,8.0,,,,,,Married,
NZL,554070830,1.0,1.0,3.0,1.0,9.0,8.0,9.0,An atheist,3.0,Male,1952.0,67.0,Married,Full time
NZL,554070831,1.0,1.0,2.0,1.0,8.0,8.0,9.0,Not a religious person,5.0,Female,1984.0,35.0,Living together as married,Self employed
NZL,554070832,1.0,1.0,2.0,2.0,5.0,6.0,6.0,Not a religious person,4.0,Male,1944.0,75.0,Divorced,Retired/pensioned
NZL,554070833,1.0,1.0,2.0,1.0,7.0,6.0,,A religious person,6.0,Female,1962.0,57.0,Married,Full time
NZL,554070834,1.0,1.0,1.0,1.0,10.0,10.0,10.0,Not a religious person,,Female,1950.0,69.0,Widowed,Retired/pensioned
NZL,554070835,1.0,2.0,3.0,1.0,,,,Not a religious person,,Female,1952.0,67.0,,Part time
NZL,554070836,1.0,1.0,1.0,2.0,8.0,8.0,3.0,Not a religious person,2.0,Female,1988.0,31.0,Married,Part time
NZL,554070837,1.0,1.0,1.0,2.0,10.0,10.0,,A religious person,1.0,Female,1930.0,89.0,Widowed,Retired/pensioned
NZL,554070838,1.0,1.0,2.0,3.0,9.0,7.0,7.0,Don't know,1.0,Male,1990.0,29.0,Married,Full time
NZL,554070839,1.0,2.0,2.0,2.0,8.0,9.0,9.0,Not a religious person,3.0,Male,1948.0,71.0,Married,Part time
NZL,554070840,1.0,2.0,2.0,2.0,7.0,6.0,8.0,Not a religious person,1.0,Female,1977.0,42.0,Living together as married,Homemaker not otherwise employed
NZL,554070841,1.0,2.0,2.0,1.0,9.0,8.0,3.0,A religious person,4.0,Male,1964.0,55.0,Married,Full time
NZL,554070842,1.0,2.0,2.0,2.0,9.0,9.0,9.0,Not a religious person,7.0,Male,1953.0,66.0,Married,Part time
NZL,554070843,1.0,1.0,1.0,1.0,9.0,9.0,8.0,A religious person,,Female,1975.0,44.0,Married,Full time
NZL,554070844,1.0,1.0,1.0,2.0,8.0,8.0,6.0,Not a religious person,10.0,Male,1985.0,34.0,Married,Full time
NZL,554070845,1.0,2.0,1.0,1.0,8.0,8.0,8.0,A religious person,10.0,Female,1973.0,46.0,Married,Part time
NZL,554070846,1.0,1.0,2.0,2.0,6.0,8.0,8.0,Not a religious person,4.0,Female,1982.0,37.0,Living together as married,Part time
NZL,554070847,1.0,2.0,2.0,2.0,8.0,8.0,6.0,Not a religious person,3.0,Male,1974.0,45.0,Married,Full time
NZL,554070848,,,,,,10.0,10.0,Not a religious person,,Female,1946.0,73.0,Widowed,Retired/pensioned
NZL,554070849,1.0,2.0,2.0,2.0,8.0,8.0,6.0,Not a religious person,4.0,Female,1983.0,36.0,Married,Self employed
NZL,554070850,1.0,1.0,,,,,,A religious person,,Female,1938.0,81.0,,Retired/pensioned
NZL,554070851,1.0,1.0,2.0,2.0,8.0,5.0,1.0,Not a religious person,2.0,Female,1990.0,29.0,Single,Full time
NZL,554070852,2.0,2.0,1.0,2.0,7.0,7.0,3.0,A religious person,5.0,Male,1968.0,51.0,Married,Part time
NZL,554070853,1.0,1.0,2.0,2.0,7.0,6.0,8.0,An atheist,7.0,Male,1976.0,43.0,Married,Full time
NZL,554070854,1.0,1.0,1.0,3.0,10.0,7.0,8.0,An atheist,6.0,Male,1974.0,45.0,Single,Full time
NZL,554070855,1.0,2.0,3.0,1.0,8.0,8.0,8.0,Not a religious person,6.0,Female,1970.0,49.0,Married,Part time
NZL,554070856,1.0,2.0,2.0,1.0,10.0,10.0,9.0,,3.0,Male,1989.0,30.0,Married,Full time
NZL,554070857,1.0,2.0,2.0,2.0,8.0,9.0,8.0,Not a religious person,,Female,1962.0,57.0,Married,Unemployed
NZL,554070858,1.0,2.0,2.0,4.0,7.0,8.0,6.0,A religious person,7.0,Male,1938.0,81.0,Married,Retired/pensioned
NZL,554070859,1.0,1.0,3.0,2.0,6.0,9.0,9.0,A religious person,3.0,Female,1953.0,66.0,Widowed,Full time
NZL,554070860,1.0,1.0,2.0,1.0,7.0,9.0,8.0,An atheist,8.0,Female,1985.0,34.0,Married,Full time
NZL,554070861,1.0,1.0,1.0,1.0,4.0,2.0,1.0,Not a religious person,5.0,Female,1965.0,54.0,Single,Unemployed
NZL,554070862,1.0,2.0,2.0,,7.0,8.0,8.0,A religious person,3.0,Female,1986.0,33.0,Married,Part time
NZL,554070863,1.0,1.0,1.0,1.0,6.0,8.0,7.0,Not a religious person,4.0,Male,1975.0,44.0,Married,Full time
NZL,554070864,1.0,2.0,2.0,1.0,8.0,8.0,6.0,Not a religious person,,Female,1964.0,55.0,Married,Part time
NZL,554070865,1.0,1.0,2.0,2.0,5.0,8.0,4.0,A religious person,,Female,1962.0,57.0,Married,Full time
NZL,554070866,1.0,3.0,1.0,3.0,7.0,3.0,4.0,Not a religious person,4.0,Male,1959.0,60.0,Married,Unemployed
NZL,554070867,1.0,1.0,2.0,2.0,8.0,5.0,7.0,Not a religious person,,Male,1995.0,24.0,Living together as married,Part time
NZL,554070868,2.0,1.0,2.0,2.0,8.0,8.0,10.0,An atheist,2.0,Male,1950.0,69.0,Single,Retired/pensioned
NZL,554070869,1.0,1.0,2.0,3.0,10.0,9.0,10.0,A religious person,10.0,Female,1950.0,69.0,Widowed,Retired/pensioned
NZL,554070870,1.0,2.0,2.0,2.0,5.0,5.0,5.0,Don't know,1.0,Female,1961.0,58.0,Married,Homemaker not otherwise employed
NZL,554070871,1.0,2.0,2.0,,7.0,5.0,3.0,An atheist,5.0,Male,1954.0,65.0,Separated,Full time
NZL,554070872,,,,,8.0,9.0,8.0,An atheist,3.0,Male,1941.0,78.0,Married,Retired/pensioned
NZL,554070873,2.0,2.0,2.0,2.0,8.0,7.0,5.0,Not a religious person,4.0,Male,1957.0,62.0,Separated,Part time
NZL,554070874,1.0,1.0,1.0,2.0,10.0,8.0,8.0,A religious person,5.0,Female,1944.0,75.0,Single,Retired/pensioned
NZL,554070875,1.0,1.0,3.0,1.0,10.0,8.0,8.0,A religious person,8.0,Female,1974.0,45.0,Married,Full time
NZL,554070876,1.0,1.0,2.0,2.0,6.0,10.0,4.0,Not a religious person,1.0,Female,1978.0,41.0,Living together as married,Part time
NZL,554070877,1.0,2.0,2.0,3.0,8.0,9.0,8.0,Don't know,3.0,Male,1949.0,70.0,Married,Retired/pensioned
NZL,554070878,2.0,2.0,1.0,1.0,8.0,8.0,5.0,Not a religious person,3.0,Male,1971.0,48.0,Single,Full time
NZL,554070879,1.0,2.0,1.0,2.0,9.0,9.0,9.0,A religious person,7.0,Female,1981.0,38.0,Married,Full time
NZL,554070880,1.0,2.0,2.0,4.0,9.0,9.0,9.0,An atheist,3.0,Male,1941.0,78.0,Married,Retired/pensioned
NZL,554070881,1.0,1.0,2.0,1.0,9.0,8.0,9.0,Not a religious person,7.0,Female,1959.0,60.0,Married,Full time
NZL,554070882,1.0,2.0,2.0,2.0,6.0,6.0,4.0,An atheist,2.0,Male,1982.0,37.0,Married,Full time
NZL,554070883,1.0,1.0,1.0,2.0,5.0,7.0,7.0,,4.0,Female,1955.0,64.0,Married,Part time
NZL,554070884,1.0,1.0,1.0,2.0,9.0,9.0,10.0,A religious person,10.0,Female,1954.0,65.0,Married,Part time
NZL,554070885,1.0,4.0,2.0,1.0,8.0,9.0,9.0,A religious person,5.0,Male,1977.0,42.0,Married,Self employed
NZL,554070886,1.0,2.0,3.0,2.0,2.0,2.0,1.0,Not a religious person,8.0,Male,1963.0,56.0,Married,Unemployed
NZL,554070887,1.0,2.0,1.0,1.0,8.0,7.0,7.0,Not a religious person,,Female,1987.0,32.0,Married,Part time
NZL,554070888,1.0,2.0,2.0,1.0,6.0,8.0,9.0,An atheist,7.0,Male,1979.0,40.0,Married,Full time
NZL,554070889,1.0,2.0,1.0,1.0,4.0,4.0,3.0,A religious person,3.0,Female,1956.0,63.0,Married,Part time
NZL,554070890,2.0,1.0,1.0,2.0,3.0,3.0,4.0,Not a religious person,5.0,Male,1950.0,69.0,Married,
NZL,554070891,1.0,1.0,1.0,1.0,5.0,4.0,,Not a religious person,5.0,Male,1975.0,44.0,Single,Part time
NZL,554070892,1.0,2.0,2.0,2.0,8.0,9.0,9.0,An atheist,7.0,Male,1959.0,60.0,Married,Full time
NZL,554070893,1.0,1.0,1.0,1.0,10.0,7.0,5.0,Not a religious person,,Male,1979.0,40.0,Separated,Full time
NZL,554070894,1.0,1.0,1.0,1.0,8.0,7.0,9.0,Don't know,9.0,Female,1949.0,70.0,Widowed,Part time
NZL,554070895,1.0,1.0,2.0,,,4.0,5.0,A religious person,5.0,Female,1949.0,70.0,Separated,Retired/pensioned
NZL,554070896,1.0,1.0,2.0,4.0,8.0,7.0,7.0,Don't know,5.0,Female,1945.0,74.0,Married,Retired/pensioned
NZL,554070897,1.0,2.0,1.0,2.0,6.0,4.0,7.0,A religious person,8.0,Female,1969.0,50.0,Married,Full time
NZL,554070898,1.0,2.0,1.0,2.0,5.0,3.0,3.0,Don't know,1.0,Female,1967.0,52.0,Single,Unemployed
NZL,554070899,1.0,2.0,2.0,2.0,10.0,9.0,9.0,Not a religious person,6.0,Female,1976.0,43.0,Married,Part time
NZL,554070900,1.0,1.0,2.0,1.0,10.0,10.0,10.0,A religious person,,Female,1942.0,77.0,Divorced,Retired/pensioned
NZL,554070901,1.0,1.0,1.0,2.0,8.0,7.0,7.0,Not a religious person,3.0,Female,1975.0,44.0,Married,Part time
NZL,554070902,1.0,2.0,2.0,2.0,10.0,10.0,10.0,Not a religious person,,Male,1947.0,72.0,Married,Part time
NZL,554070903,2.0,2.0,2.0,1.0,8.0,8.0,8.0,Not a religious person,7.0,Male,1968.0,51.0,Married,Full time
NZL,554070904,1.0,1.0,2.0,2.0,7.0,7.0,6.0,Not a religious person,3.0,Male,1951.0,68.0,Married,Retired/pensioned
NZL,554070905,1.0,,,,8.0,8.0,7.0,,1.0,Male,1951.0,68.0,Married,Retired/pensioned
NZL,554070906,1.0,1.0,2.0,1.0,5.0,8.0,6.0,A religious person,5.0,Female,1939.0,80.0,Widowed,Retired/pensioned
NZL,554070907,1.0,2.0,2.0,2.0,6.0,7.0,8.0,Not a religious person,7.0,Female,1947.0,72.0,Married,Retired/pensioned
NZL,554070908,1.0,2.0,2.0,3.0,10.0,9.0,7.0,Not a religious person,5.0,Female,1947.0,72.0,Married,Retired/pensioned
NZL,554070909,1.0,2.0,2.0,2.0,7.0,10.0,10.0,Not a religious person,7.0,Female,1942.0,77.0,Married,Retired/pensioned
NZL,554070910,1.0,1.0,1.0,1.0,10.0,10.0,10.0,A religious person,7.0,Female,1945.0,74.0,Married,Retired/pensioned
NZL,554070911,1.0,3.0,,2.0,8.0,8.0,8.0,A religious person,9.0,Female,1955.0,64.0,Married,Full time
NZL,554070912,1.0,1.0,1.0,2.0,9.0,9.0,7.0,Not a religious person,7.0,Female,1961.0,58.0,Married,Part time
NZL,554070913,1.0,1.0,,1.0,5.0,2.0,6.0,An atheist,6.0,Male,1942.0,77.0,Divorced,Retired/pensioned
NZL,554070914,2.0,2.0,2.0,2.0,9.0,9.0,8.0,A religious person,4.0,Male,1959.0,60.0,Married,Full time
NZL,554070915,1.0,1.0,1.0,2.0,10.0,10.0,10.0,An atheist,8.0,Male,1957.0,62.0,Married,Full time
NZL,554070916,1.0,1.0,1.0,,8.0,8.0,5.0,A religious person,5.0,Female,1941.0,78.0,Widowed,Retired/pensioned
NZL,554070917,1.0,2.0,2.0,3.0,6.0,9.0,6.0,Not a religious person,6.0,,,,Married,Retired/pensioned
NZL,554070918,,,,,6.0,8.0,5.0,Not a religious person,3.0,Female,1962.0,57.0,Single,Part time
NZL,554070919,2.0,1.0,1.0,1.0,8.0,9.0,5.0,Not a religious person,2.0,Female,1939.0,80.0,Widowed,Self employed
NZL,554070920,1.0,2.0,2.0,3.0,4.0,5.0,4.0,Not a religious person,,Female,1935.0,84.0,Married,Retired/pensioned
NZL,554070921,1.0,3.0,2.0,2.0,8.0,7.0,9.0,Not a religious person,2.0,Male,1955.0,64.0,Married,Full time
NZL,554070922,1.0,2.0,2.0,1.0,8.0,5.0,7.0,An atheist,8.0,Male,1983.0,36.0,Married,Full time
NZL,554070923,1.0,1.0,2.0,1.0,10.0,9.0,10.0,A religious person,,Female,1940.0,79.0,Married,Retired/pensioned
NZL,554070924,1.0,2.0,1.0,4.0,9.0,9.0,8.0,A religious person,7.0,Male,1937.0,82.0,Living together as married,Retired/pensioned
NZL,554070925,1.0,1.0,1.0,1.0,5.0,7.0,7.0,Not a religious person,8.0,Female,1956.0,63.0,Widowed,Full time
NZL,554070926,1.0,1.0,1.0,1.0,9.0,9.0,8.0,Not a religious person,8.0,Male,1942.0,77.0,Married,Retired/pensioned
NZL,554070927,1.0,1.0,2.0,,8.0,10.0,8.0,Not a religious person,,Male,1934.0,85.0,Single,Retired/pensioned
NZL,554070928,1.0,2.0,2.0,3.0,5.0,7.0,6.0,Not a religious person,4.0,Female,1983.0,36.0,Living together as married,Homemaker not otherwise employed
NZL,554070929,1.0,1.0,2.0,2.0,10.0,9.0,8.0,An atheist,7.0,Male,1953.0,66.0,Married,Homemaker not otherwise employed
NZL,554070930,1.0,2.0,2.0,2.0,4.0,5.0,3.0,An atheist,5.0,Male,1964.0,55.0,Married,Unemployed
NZL,554070931,1.0,2.0,2.0,2.0,7.0,7.0,6.0,,7.0,Male,1954.0,65.0,Living together as married,Full time
NZL,554070932,1.0,2.0,1.0,2.0,9.0,7.0,9.0,Not a religious person,5.0,Female,1984.0,35.0,Married,Part time
NZL,554070933,,1.0,1.0,1.0,1.0,,,A religious person,1.0,Female,1952.0,67.0,Single,Other
NZL,554070934,,,,,7.0,6.0,6.0,A religious person,7.0,Male,1935.0,84.0,Divorced,
NZL,554070935,1.0,1.0,1.0,1.0,9.0,9.0,8.0,Not a religious person,4.0,Female,1960.0,59.0,Married,Full time
NZL,554070936,2.0,,,,6.0,7.0,8.0,Don't know,6.0,Female,1959.0,60.0,Married,Retired/pensioned
NZL,554070937,1.0,,2.0,1.0,2.0,1.0,3.0,A religious person,9.0,Female,1946.0,73.0,Widowed,Part time
NZL,554070938,2.0,2.0,2.0,2.0,6.0,6.0,10.0,An atheist,5.0,Female,1953.0,66.0,Married,Retired/pensioned
NZL,554070939,1.0,1.0,1.0,2.0,8.0,7.0,8.0,An atheist,5.0,Female,1963.0,56.0,Married,Full time
NZL,554070940,1.0,2.0,2.0,2.0,10.0,5.0,7.0,Not a religious person,5.0,Male,1959.0,60.0,Married,Retired/pensioned
NZL,554070941,1.0,2.0,2.0,1.0,9.0,6.0,10.0,Not a religious person,4.0,Male,1935.0,84.0,Married,Retired/pensioned
NZL,554070942,1.0,2.0,3.0,2.0,6.0,7.0,1.0,A religious person,,Female,1952.0,67.0,Single,Retired/pensioned
NZL,554070943,1.0,1.0,1.0,3.0,8.0,9.0,8.0,An atheist,3.0,Female,1974.0,45.0,Separated,Part time
NZL,554070944,1.0,1.0,2.0,2.0,10.0,7.0,6.0,Not a religious person,,Female,1987.0,32.0,Living together as married,Full time
NZL,554070945,1.0,1.0,1.0,1.0,9.0,7.0,7.0,An atheist,3.0,Male,1968.0,51.0,Married,Full time
NZL,554070946,1.0,1.0,2.0,2.0,6.0,6.0,5.0,Not a religious person,8.0,Male,1975.0,44.0,Married,Full time
NZL,554070947,,,,,8.0,9.0,6.0,An atheist,7.0,Male,1962.0,57.0,Married,Part time
NZL,554070948,1.0,2.0,1.0,3.0,9.0,9.0,9.0,Not a religious person,8.0,Male,1957.0,62.0,Married,Retired/pensioned
NZL,554070949,2.0,2.0,1.0,1.0,9.0,10.0,8.0,Not a religious person,10.0,Female,1943.0,76.0,Married,Retired/pensioned
NZL,554070950,1.0,1.0,1.0,2.0,10.0,8.0,6.0,Not a religious person,4.0,Female,1963.0,56.0,Married,Full time
NZL,554070951,1.0,1.0,2.0,2.0,8.0,8.0,8.0,Not a religious person,5.0,Female,1995.0,24.0,Single,Part time
NZL,554070952,2.0,3.0,3.0,2.0,,3.0,7.0,Not a religious person,,Male,1965.0,54.0,Single,Part time
NZL,554070953,1.0,2.0,1.0,1.0,7.0,6.0,3.0,,,Male,1999.0,20.0,Married,Full time
NZL,554070954,1.0,2.0,2.0,2.0,8.0,8.0,9.0,A religious person,2.0,Female,1958.0,61.0,Married,Part time
NZL,554070955,1.0,1.0,1.0,2.0,6.0,7.0,5.0,Don't know,4.0,Female,1997.0,22.0,Single,Full time
NZL,554070956,1.0,1.0,2.0,4.0,,9.0,9.0,Not a religious person,7.0,Female,1939.0,80.0,Married,Retired/pensioned
NZL,554070957,1.0,1.0,2.0,2.0,7.0,6.0,7.0,Not a religious person,,Female,1994.0,25.0,Single,Full time
NZL,554070958,2.0,1.0,1.0,1.0,8.0,7.0,8.0,Not a religious person,7.0,Male,1955.0,64.0,Separated,Full time
NZL,554070959,1.0,1.0,1.0,1.0,10.0,10.0,4.0,A religious person,,Female,1954.0,65.0,Married,Part time
NZL,554070960,1.0,1.0,1.0,1.0,8.0,9.0,10.0,A religious person,7.0,Male,1939.0,80.0,Married,Retired/pensioned
NZL,554070961,1.0,1.0,2.0,4.0,9.0,9.0,10.0,A religious person,7.0,Male,1933.0,86.0,Married,Retired/pensioned
NZL,554070962,1.0,2.0,1.0,1.0,10.0,8.0,9.0,A religious person,5.0,Male,1978.0,41.0,Married,Full time
NZL,554070963,1.0,2.0,1.0,2.0,7.0,8.0,7.0,Not a religious person,2.0,Male,1958.0,61.0,Married,Full time
NZL,554070964,1.0,1.0,2.0,2.0,7.0,8.0,7.0,Not a religious person,6.0,Female,1936.0,83.0,Widowed,Retired/pensioned
NZL,554070965,1.0,1.0,2.0,2.0,5.0,4.0,4.0,A religious person,6.0,Female,1960.0,59.0,Living together as married,Part time
NZL,554070966,3.0,2.0,2.0,2.0,7.0,5.0,5.0,A religious person,3.0,Male,1972.0,47.0,Single,Part time
NZL,554070967,1.0,2.0,2.0,4.0,10.0,9.0,10.0,An atheist,7.0,Male,1941.0,78.0,Married,Retired/pensioned
NZL,554070968,1.0,3.0,2.0,3.0,7.0,5.0,9.0,Not a religious person,3.0,Female,1971.0,48.0,Living together as married,Homemaker not otherwise employed
NZL,554070969,1.0,1.0,1.0,3.0,6.0,8.0,4.0,Not a religious person,,Female,1977.0,42.0,Married,Full time
NZL,554070970,3.0,3.0,2.0,2.0,8.0,4.0,2.0,Not a religious person,5.0,Male,1979.0,40.0,Separated,Full time
NZL,554070971,1.0,2.0,1.0,1.0,8.0,9.0,8.0,Not a religious person,4.0,Female,1963.0,56.0,Married,Part time
NZL,554070972,1.0,1.0,2.0,1.0,9.0,9.0,10.0,Not a religious person,8.0,Male,1950.0,69.0,Married,Self employed
NZL,554070973,1.0,1.0,2.0,1.0,9.0,9.0,10.0,A religious person,,Female,1965.0,54.0,Married,Full time
NZL,554070974,1.0,2.0,3.0,2.0,6.0,7.0,5.0,Not a religious person,3.0,,,,Married,Full time
NZL,554070975,1.0,2.0,1.0,2.0,9.0,8.0,9.0,Not a religious person,7.0,Female,1956.0,63.0,Married,Retired/pensioned
NZL,554070976,1.0,1.0,1.0,2.0,7.0,8.0,8.0,A religious person,7.0,Female,1972.0,47.0,Living together as married,Full time
NZL,554070977,1.0,2.0,2.0,2.0,5.0,5.0,7.0,Not a religious person,,Female,1952.0,67.0,Married,Retired/pensioned
NZL,554070978,1.0,1.0,2.0,2.0,5.0,5.0,5.0,An atheist,5.0,Female,1988.0,31.0,Married,Full time
NZL,554070979,1.0,1.0,2.0,,10.0,9.0,7.0,A religious person,5.0,Female,1937.0,82.0,Married,Retired/pensioned
NZL,554070980,1.0,1.0,1.0,2.0,3.0,3.0,1.0,An atheist,6.0,Male,1964.0,55.0,Single,Unemployed
NZL,554070981,1.0,1.0,2.0,1.0,8.0,7.0,7.0,Not a religious person,5.0,Female,1959.0,60.0,Married,Full time
NZL,554070982,1.0,2.0,3.0,2.0,7.0,5.0,4.0,Not a religious person,5.0,Female,1973.0,46.0,Married,Full time
NZL,554070983,1.0,1.0,1.0,3.0,7.0,7.0,2.0,Not a religious person,6.0,Male,1975.0,44.0,Married,Full time
NZL,554070984,1.0,1.0,1.0,2.0,5.0,6.0,7.0,A religious person,4.0,Female,1946.0,73.0,Living together as married,Part time
NZL,554070985,1.0,1.0,1.0,2.0,10.0,8.0,6.0,An atheist,5.0,Male,1985.0,34.0,Divorced,Full time
NZL,554070986,1.0,1.0,1.0,4.0,8.0,8.0,9.0,A religious person,,Male,1947.0,72.0,Married,Retired/pensioned
NZL,554070987,1.0,1.0,1.0,1.0,10.0,10.0,,An atheist,10.0,Male,2001.0,18.0,Single,Student
NZL,554070988,1.0,1.0,2.0,4.0,8.0,9.0,9.0,Not a religious person,7.0,Female,1932.0,87.0,Widowed,Retired/pensioned
NZL,554070989,1.0,2.0,,4.0,8.0,5.0,10.0,Not a religious person,4.0,Female,1935.0,84.0,Married,Homemaker not otherwise employed
NZL,554070990,1.0,1.0,1.0,1.0,10.0,8.0,8.0,Not a religious person,10.0,Female,1959.0,60.0,Married,Full time
NZL,554070991,1.0,1.0,2.0,2.0,8.0,6.0,4.0,Not a religious person,4.0,Female,1971.0,48.0,Married,Part time
NZL,554070992,1.0,1.0,2.0,2.0,8.0,7.0,7.0,Not a religious person,5.0,Female,1945.0,74.0,Widowed,Retired/pensioned
NZL,554070993,1.0,1.0,1.0,,10.0,10.0,10.0,An atheist,10.0,Female,1935.0,84.0,Widowed,Retired/pensioned
NZL,554070994,1.0,1.0,2.0,1.0,4.0,8.0,6.0,A religious person,9.0,Female,1967.0,52.0,Married,Full time
NZL,554070995,1.0,2.0,2.0,2.0,6.0,3.0,8.0,A religious person,3.0,Male,1996.0,23.0,Single,Unemployed
NZL,554070996,1.0,2.0,1.0,2.0,9.0,8.0,7.0,Not a religious person,10.0,Male,1952.0,67.0,Divorced,Part time
NZL,554070997,1.0,2.0,1.0,2.0,5.0,10.0,8.0,A religious person,6.0,Male,1953.0,66.0,Married,Full time
NZL,554070998,1.0,2.0,2.0,,9.0,9.0,8.0,A religious person,8.0,Female,1935.0,84.0,Divorced,Retired/pensioned
NZL,554070999,1.0,1.0,2.0,1.0,9.0,10.0,9.0,Not a religious person,5.0,Male,1948.0,71.0,Married,Retired/pensioned
NZL,554071000,2.0,1.0,1.0,1.0,9.0,8.0,8.0,Not a religious person,3.0,Male,1983.0,36.0,Single,Full time
NZL,554071001,1.0,2.0,1.0,2.0,8.0,8.0,6.0,A religious person,,Female,1951.0,68.0,Divorced,Full time
NZL,554071002,1.0,3.0,3.0,1.0,10.0,10.0,10.0,A religious person,9.0,Male,1938.0,81.0,Married,Retired/pensioned
NZL,554071003,1.0,2.0,1.0,1.0,6.0,6.0,8.0,,3.0,Male,,,Married,Full time
NZL,554071004,1.0,1.0,1.0,2.0,8.0,7.0,7.0,An atheist,2.0,Male,1986.0,33.0,Married,Full time
NZL,554071005,1.0,2.0,1.0,2.0,10.0,9.0,8.0,Not a religious person,3.0,Female,1950.0,69.0,Divorced,Part time
NZL,554071006,1.0,1.0,2.0,2.0,8.0,9.0,7.0,A religious person,3.0,Female,1993.0,26.0,Living together as married,Full time
NZL,554071007,1.0,1.0,2.0,2.0,7.0,8.0,8.0,A religious person,5.0,Female,1955.0,64.0,Married,Full time
NZL,554071008,1.0,2.0,2.0,2.0,10.0,9.0,6.0,Not a religious person,6.0,Male,1962.0,57.0,Married,Full time
NZL,554071009,1.0,2.0,3.0,,9.0,7.0,9.0,Not a religious person,5.0,Male,1950.0,69.0,Widowed,Part time
NZL,554071010,2.0,2.0,3.0,1.0,9.0,9.0,7.0,A religious person,8.0,Male,1941.0,78.0,Married,Full time
NZL,554071011,1.0,1.0,2.0,1.0,9.0,9.0,9.0,A religious person,,Female,1956.0,63.0,Widowed,Full time
NZL,554071012,1.0,1.0,1.0,2.0,10.0,9.0,7.0,Not a religious person,9.0,Female,1959.0,60.0,Divorced,Full time
NZL,554071013,1.0,2.0,2.0,1.0,7.0,6.0,5.0,A religious person,7.0,Male,1967.0,52.0,Married,Full time
NZL,554071014,1.0,1.0,2.0,3.0,10.0,8.0,8.0,,10.0,Female,1948.0,71.0,Married,Homemaker not otherwise employed
NZL,554071015,1.0,1.0,1.0,2.0,8.0,8.0,6.0,An atheist,3.0,Male,1951.0,68.0,Single,Part time
NZL,554071016,1.0,3.0,2.0,2.0,4.0,5.0,4.0,A religious person,6.0,Male,1949.0,70.0,Married,Retired/pensioned
NZL,554071017,1.0,1.0,2.0,3.0,6.0,8.0,7.0,A religious person,,Female,1967.0,52.0,Married,Part time
NZL,554071018,1.0,1.0,1.0,1.0,9.0,8.0,10.0,Not a religious person,4.0,,,,Married,Full time
NZL,554071019,2.0,2.0,1.0,2.0,8.0,8.0,8.0,Not a religious person,3.0,Female,1986.0,33.0,Living together as married,Full time
NZL,554071020,1.0,1.0,1.0,1.0,8.0,9.0,8.0,An atheist,2.0,Female,1953.0,66.0,Married,Part time
NZL,554071021,1.0,3.0,2.0,4.0,5.0,2.0,3.0,Not a religious person,3.0,Male,1962.0,57.0,Single,Unemployed
NZL,554071022,1.0,1.0,2.0,4.0,8.0,9.0,10.0,,5.0,Male,1942.0,77.0,Married,Retired/pensioned
NZL,554071023,1.0,2.0,1.0,1.0,8.0,8.0,6.0,A religious person,4.0,Female,1978.0,41.0,Married,Homemaker not otherwise employed
NZL,554071024,1.0,3.0,4.0,,4.0,3.0,3.0,Don't know,5.0,Female,1958.0,61.0,Separated,Other
NZL,554071025,1.0,2.0,1.0,2.0,10.0,8.0,6.0,A religious person,,Female,1934.0,85.0,,Retired/pensioned
NZL,554071026,1.0,2.0,2.0,1.0,8.0,9.0,9.0,A religious person,4.0,Female,1985.0,34.0,Single,Full time
NZL,554071027,1.0,1.0,1.0,1.0,8.0,8.0,8.0,,2.0,Male,1952.0,67.0,Divorced,Full time
NZL,554071028,1.0,1.0,3.0,2.0,8.0,8.0,10.0,,6.0,Male,1958.0,61.0,Married,Full time
NZL,554071029,1.0,2.0,2.0,2.0,8.0,9.0,8.0,Not a religious person,4.0,Female,1976.0,43.0,Living together as married,Part time
NZL,554071030,1.0,1.0,1.0,2.0,7.0,5.0,5.0,Not a religious person,4.0,Female,1976.0,43.0,Single,Full time
NZL,554071031,1.0,1.0,1.0,1.0,9.0,9.0,6.0,Don't know,7.0,Female,1960.0,59.0,Married,Self employed
NZL,554071032,1.0,1.0,1.0,3.0,9.0,9.0,7.0,An atheist,7.0,Male,1947.0,72.0,Married,Retired/pensioned
NZL,554071033,1.0,1.0,1.0,2.0,8.0,7.0,7.0,Not a religious person,5.0,Female,1961.0,58.0,Married,Full time
NZL,554071034,,,,,8.0,9.0,6.0,Not a religious person,6.0,Male,1952.0,67.0,Married,Full time
NZL,554071035,1.0,1.0,2.0,2.0,9.0,9.0,8.0,A religious person,8.0,Male,1966.0,53.0,Married,Full time
NZL,554071036,1.0,1.0,1.0,4.0,9.0,8.0,8.0,An atheist,3.0,Female,1948.0,71.0,Single,Retired/pensioned
NZL,554071037,1.0,2.0,1.0,2.0,8.0,9.0,8.0,A religious person,2.0,Female,1977.0,42.0,Married,Full time
NZL,554071038,1.0,1.0,1.0,1.0,5.0,4.0,3.0,A religious person,5.0,Female,1962.0,57.0,Single,Full time
NZL,554071039,1.0,1.0,1.0,3.0,9.0,7.0,7.0,Not a religious person,4.0,Female,1978.0,41.0,Living together as married,Full time
NZL,554071040,1.0,1.0,2.0,2.0,3.0,3.0,3.0,Don't know,3.0,Male,1979.0,40.0,Living together as married,Full time
NZL,554071041,1.0,1.0,1.0,2.0,9.0,9.0,9.0,A religious person,3.0,Male,1952.0,67.0,Married,Retired/pensioned
NZL,554071042,1.0,2.0,2.0,2.0,5.0,5.0,5.0,Not a religious person,6.0,Female,1956.0,63.0,Divorced,Full time
NZL,554071043,1.0,1.0,1.0,2.0,9.0,9.0,8.0,A religious person,8.0,Male,1955.0,64.0,Married,Full time
NZL,554071044,1.0,1.0,1.0,2.0,10.0,8.0,8.0,An atheist,3.0,Male,1975.0,44.0,Married,Full time
NZL,554071045,1.0,2.0,2.0,,8.0,9.0,9.0,A religious person,10.0,Male,1995.0,24.0,Single,Full time
NZL,554071046,1.0,1.0,1.0,2.0,9.0,8.0,6.0,Not a religious person,3.0,Female,1969.0,50.0,Married,Part time
NZL,554071047,1.0,1.0,1.0,4.0,10.0,9.0,7.0,Not a religious person,1.0,Male,1942.0,77.0,Married,Retired/pensioned
NZL,554071048,1.0,2.0,2.0,2.0,10.0,9.0,8.0,A religious person,7.0,Male,1983.0,36.0,Married,Full time
NZL,554071049,1.0,1.0,1.0,,6.0,10.0,6.0,Don't know,,Female,1947.0,72.0,Married,Retired/pensioned
NZL,554071050,1.0,2.0,1.0,1.0,10.0,9.0,8.0,Not a religious person,,Female,1972.0,47.0,Married,Full time
NZL,554071051,1.0,1.0,1.0,2.0,6.0,3.0,3.0,A religious person,4.0,Female,1985.0,34.0,Married,Full time
NZL,554071052,1.0,1.0,2.0,3.0,5.0,8.0,7.0,,10.0,Female,1949.0,70.0,Single,Retired/pensioned
NZL,554071053,1.0,1.0,1.0,2.0,3.0,6.0,7.0,Not a religious person,6.0,Male,1968.0,51.0,Living together as married,Part time
NZL,554071054,,1.0,1.0,2.0,5.0,7.0,9.0,Not a religious person,,Female,1993.0,26.0,Single,Full time
NZL,554071055,1.0,2.0,1.0,1.0,8.0,6.0,6.0,Not a religious person,,Male,1957.0,62.0,Divorced,Full time
NZL,554071056,1.0,1.0,2.0,2.0,,7.0,7.0,Not a religious person,,Female,1985.0,34.0,Single,Full time
NZL,554071057,1.0,1.0,1.0,1.0,9.0,9.0,9.0,A religious person,1.0,Male,1944.0,75.0,Married,Unemployed
NZL,554071058,1.0,1.0,1.0,1.0,10.0,10.0,8.0,A religious person,,Female,1960.0,59.0,Married,Full time
SGP,702070001,1.0,2.0,1.0,2.0,4.0,8.0,7.0,Not a religious person,5.0,Female,1982.0,37.0,Married,Full time
SGP,702070002,1.0,2.0,1.0,3.0,3.0,2.0,2.0,Not a religious person,8.0,Female,1977.0,42.0,Single,Full time
SGP,702070003,1.0,1.0,2.0,2.0,8.0,8.0,7.0,An atheist,4.0,Male,1992.0,28.0,Single,Full time
SGP,702070004,1.0,2.0,2.0,3.0,8.0,8.0,6.0,An atheist,3.0,Female,1990.0,30.0,Married,Full time
SGP,702070005,1.0,1.0,1.0,1.0,10.0,5.0,10.0,Not a religious person,5.0,Female,1988.0,32.0,Married,Homemaker not otherwise employed
SGP,702070006,1.0,2.0,4.0,1.0,1.0,10.0,10.0,A religious person,4.0,Female,1967.0,53.0,Married,Full time
SGP,702070007,1.0,3.0,2.0,4.0,5.0,8.0,8.0,A religious person,1.0,Female,1947.0,73.0,Widowed,Retired/pensioned
SGP,702070008,1.0,1.0,2.0,2.0,7.0,7.0,6.0,A religious person,7.0,Male,1979.0,41.0,Single,Full time
SGP,702070009,1.0,2.0,2.0,1.0,7.0,7.0,5.0,Not a religious person,5.0,Male,1989.0,31.0,Single,Full time
SGP,702070010,1.0,1.0,1.0,2.0,10.0,10.0,10.0,A religious person,-2.0,Female,1963.0,57.0,Single,Unemployed
SGP,702070011,1.0,2.0,2.0,2.0,9.0,9.0,8.0,A religious person,6.0,Female,1962.0,57.0,Married,Full time
SGP,702070012,1.0,2.0,3.0,2.0,4.0,8.0,8.0,A religious person,6.0,Female,1979.0,41.0,Married,Full time
SGP,702070013,1.0,2.0,1.0,4.0,1.0,1.0,1.0,A religious person,1.0,Female,1954.0,66.0,Married,Retired/pensioned
SGP,702070014,1.0,2.0,1.0,1.0,8.0,8.0,9.0,A religious person,1.0,Female,1955.0,65.0,Divorced,Unemployed
SGP,702070015,2.0,2.0,2.0,2.0,7.0,7.0,5.0,A religious person,5.0,Male,1952.0,68.0,Single,Part time
SGP,702070016,3.0,1.0,1.0,1.0,2.0,10.0,7.0,Not a religious person,5.0,Male,1949.0,71.0,Divorced,Part time
SGP,702070017,1.0,1.0,3.0,4.0,6.0,5.0,5.0,A religious person,5.0,Male,1952.0,68.0,Divorced,Retired/pensioned
SGP,702070018,1.0,2.0,2.0,3.0,7.0,6.0,4.0,A religious person,8.0,Female,1935.0,85.0,Divorced,Retired/pensioned
SGP,702070019,1.0,1.0,2.0,1.0,8.0,9.0,7.0,Not a religious person,7.0,Female,1975.0,45.0,Married,Full time
SGP,702070020,1.0,2.0,2.0,1.0,7.0,7.0,7.0,A religious person,5.0,Male,1969.0,51.0,Married,Full time
SGP,702070021,1.0,1.0,2.0,1.0,10.0,8.0,8.0,Not a religious person,6.0,Male,1956.0,64.0,Married,Full time
SGP,702070022,1.0,1.0,1.0,1.0,10.0,10.0,10.0,A religious person,3.0,Male,1996.0,23.0,Single,Full time
SGP,702070023,1.0,1.0,1.0,2.0,7.0,7.0,7.0,A religious person,5.0,Female,1950.0,70.0,Single,Part time
SGP,702070024,1.0,3.0,2.0,2.0,5.0,8.0,8.0,Not a religious person,5.0,Female,1951.0,69.0,Married,Retired/pensioned
SGP,702070025,1.0,1.0,2.0,2.0,10.0,8.0,8.0,An atheist,4.0,Male,1959.0,61.0,Married,Self employed
SGP,702070026,1.0,2.0,1.0,3.0,3.0,4.0,5.0,Not a religious person,8.0,Female,1950.0,69.0,Single,Full time
SGP,702070027,1.0,1.0,2.0,1.0,5.0,5.0,5.0,Not a religious person,,Female,1989.0,31.0,Separated,Homemaker not otherwise employed
SGP,702070028,1.0,2.0,2.0,2.0,7.0,6.0,4.0,Not a religious person,8.0,Male,1982.0,38.0,Separated,Full time
SGP,702070029,1.0,2.0,2.0,1.0,5.0,7.0,7.0,Not a religious person,5.0,Male,1963.0,57.0,Married,Full time
SGP,702070030,1.0,1.0,1.0,1.0,5.0,5.0,5.0,A religious person,,Female,1967.0,53.0,Married,Full time
SGP,702070031,1.0,2.0,2.0,1.0,10.0,5.0,5.0,A religious person,5.0,Female,1958.0,62.0,Widowed,Retired/pensioned
SGP,702070032,1.0,1.0,1.0,2.0,5.0,7.0,7.0,Not a religious person,3.0,Male,1984.0,36.0,Married,Full time
SGP,702070033,1.0,1.0,1.0,2.0,7.0,7.0,6.0,A religious person,5.0,Female,1968.0,52.0,Single,Full time
SGP,702070034,1.0,2.0,2.0,2.0,8.0,8.0,7.0,A religious person,5.0,Male,1955.0,65.0,Married,Retired/pensioned
SGP,702070035,1.0,1.0,1.0,2.0,9.0,9.0,9.0,Not a religious person,5.0,Male,1960.0,60.0,Single,Unemployed
SGP,702070036,1.0,1.0,1.0,2.0,6.0,7.0,7.0,Not a religious person,5.0,Female,1978.0,42.0,Single,Full time
SGP,702070037,1.0,2.0,2.0,1.0,5.0,6.0,5.0,An atheist,8.0,Female,1960.0,60.0,Single,Full time
SGP,702070038,1.0,2.0,2.0,3.0,9.0,10.0,8.0,Not a religious person,5.0,Female,1957.0,63.0,Single,Part time
SGP,702070039,1.0,2.0,2.0,1.0,9.0,6.0,4.0,Not a religious person,3.0,Male,1979.0,41.0,Married,Full time
SGP,702070040,1.0,2.0,2.0,2.0,10.0,8.0,7.0,Not a religious person,5.0,Male,1959.0,61.0,Married,Full time
SGP,702070041,2.0,1.0,1.0,4.0,8.0,7.0,2.0,A religious person,8.0,Male,1946.0,74.0,Divorced,Retired/pensioned
SGP,702070042,2.0,2.0,2.0,1.0,7.0,7.0,2.0,A religious person,3.0,Female,1949.0,71.0,Divorced,Retired/pensioned
SGP,702070043,1.0,1.0,2.0,2.0,6.0,5.0,4.0,A religious person,5.0,Female,1949.0,70.0,Married,Part time
SGP,702070044,1.0,1.0,2.0,2.0,9.0,5.0,8.0,Not a religious person,5.0,Female,1939.0,81.0,Married,Homemaker not otherwise employed
SGP,702070045,1.0,1.0,1.0,2.0,8.0,9.0,8.0,Not a religious person,5.0,Female,1961.0,59.0,Married,Part time
SGP,702070046,1.0,1.0,2.0,2.0,7.0,8.0,8.0,Not a religious person,7.0,Male,1987.0,33.0,Married,Full time
SGP,702070047,1.0,1.0,1.0,2.0,7.0,8.0,8.0,An atheist,5.0,Female,1976.0,44.0,Divorced,Full time
SGP,702070048,1.0,3.0,1.0,1.0,1.0,1.0,1.0,A religious person,6.0,Female,1971.0,48.0,Divorced,Full time
SGP,702070049,1.0,2.0,2.0,1.0,4.0,5.0,4.0,A religious person,5.0,Female,1974.0,45.0,Married,Part time
SGP,702070050,1.0,1.0,1.0,3.0,5.0,7.0,7.0,A religious person,3.0,Female,1977.0,43.0,Married,Homemaker not otherwise employed
SGP,702070051,2.0,3.0,3.0,4.0,10.0,10.0,10.0,A religious person,6.0,Female,1965.0,54.0,Married,Homemaker not otherwise employed
SGP,702070052,1.0,1.0,2.0,3.0,9.0,9.0,9.0,A religious person,4.0,Male,1965.0,54.0,Married,Full time
SGP,702070053,1.0,1.0,2.0,3.0,7.0,8.0,7.0,An atheist,5.0,Male,1946.0,73.0,Married,Retired/pensioned
SGP,702070054,1.0,2.0,2.0,2.0,10.0,9.0,9.0,A religious person,9.0,Female,1949.0,71.0,Married,Retired/pensioned
SGP,702070055,1.0,2.0,2.0,3.0,7.0,6.0,8.0,An atheist,5.0,Male,1986.0,33.0,Married,Full time
SGP,702070056,1.0,2.0,1.0,2.0,9.0,9.0,8.0,A religious person,5.0,Male,1966.0,53.0,Married,Full time
SGP,702070057,1.0,2.0,2.0,1.0,6.0,6.0,7.0,A religious person,5.0,Male,1976.0,43.0,Married,Full time
SGP,702070058,1.0,2.0,1.0,2.0,9.0,6.0,7.0,A religious person,5.0,Female,1997.0,22.0,Single,Full time
SGP,702070059,1.0,1.0,2.0,2.0,8.0,7.0,7.0,A religious person,7.0,Male,1987.0,32.0,Single,Full time
SGP,702070060,1.0,1.0,2.0,1.0,10.0,10.0,8.0,A religious person,4.0,Male,1943.0,76.0,Married,Retired/pensioned
SGP,702070061,1.0,2.0,2.0,1.0,6.0,8.0,8.0,Not a religious person,2.0,Female,1948.0,71.0,Married,Retired/pensioned
SGP,702070062,1.0,2.0,2.0,2.0,8.0,8.0,8.0,A religious person,5.0,Male,1974.0,45.0,Married,Full time
SGP,702070063,1.0,2.0,1.0,2.0,6.0,5.0,5.0,Not a religious person,6.0,Male,1993.0,26.0,Single,Unemployed
SGP,702070064,1.0,2.0,3.0,4.0,6.0,8.0,8.0,A religious person,4.0,Male,1949.0,70.0,Married,Retired/pensioned
SGP,702070065,2.0,3.0,3.0,2.0,7.0,7.0,6.0,An atheist,1.0,Female,1987.0,32.0,Married,Full time
SGP,702070066,3.0,2.0,3.0,3.0,8.0,8.0,8.0,Not a religious person,5.0,Male,1953.0,66.0,Single,Retired/pensioned
SGP,702070067,1.0,2.0,2.0,3.0,6.0,7.0,7.0,A religious person,4.0,Female,1950.0,69.0,Married,Retired/pensioned
SGP,702070068,1.0,2.0,3.0,2.0,5.0,5.0,5.0,Not a religious person,5.0,Male,1956.0,63.0,Single,Unemployed
SGP,702070069,1.0,2.0,2.0,3.0,7.0,7.0,6.0,A religious person,3.0,Female,1969.0,50.0,Single,Unemployed
SGP,702070070,1.0,1.0,1.0,4.0,2.0,2.0,3.0,An atheist,4.0,Male,1988.0,31.0,Single,Full time
SGP,702070071,1.0,1.0,1.0,1.0,5.0,8.0,5.0,Not a religious person,2.0,Female,1989.0,31.0,Married,Homemaker not otherwise employed
SGP,702070072,1.0,2.0,2.0,4.0,9.0,10.0,10.0,A religious person,5.0,Female,1944.0,75.0,Married,Homemaker not otherwise employed
SGP,702070073,1.0,1.0,2.0,2.0,9.0,9.0,8.0,Not a religious person,4.0,Male,1959.0,60.0,Married,Part time
SGP,702070074,1.0,1.0,2.0,4.0,8.0,8.0,9.0,A religious person,4.0,Female,1961.0,58.0,Married,Homemaker not otherwise employed
SGP,702070075,1.0,1.0,1.0,3.0,6.0,7.0,7.0,A religious person,7.0,Male,1996.0,23.0,Single,Student
SGP,702070076,1.0,1.0,1.0,3.0,5.0,5.0,5.0,A religious person,9.0,Female,1966.0,54.0,Married,Part time
SGP,702070077,1.0,2.0,2.0,1.0,8.0,8.0,8.0,Not a religious person,3.0,Female,1978.0,41.0,Married,Self employed
SGP,702070078,1.0,1.0,1.0,3.0,8.0,5.0,4.0,An atheist,6.0,Male,1995.0,25.0,Single,Unemployed
SGP,702070079,1.0,2.0,2.0,2.0,8.0,8.0,7.0,Not a religious person,7.0,Female,1965.0,55.0,Married,Homemaker not otherwise employed
SGP,702070080,2.0,2.0,2.0,2.0,8.0,6.0,6.0,A religious person,4.0,Male,1973.0,47.0,Single,Part time
SGP,702070081,2.0,2.0,2.0,1.0,7.0,7.0,6.0,A religious person,5.0,Male,1960.0,60.0,Married,Full time
SGP,702070082,1.0,1.0,2.0,1.0,8.0,8.0,8.0,Not a religious person,3.0,Male,1955.0,65.0,Married,Full time
SGP,702070083,1.0,2.0,1.0,1.0,8.0,8.0,8.0,Not a religious person,5.0,Male,1961.0,59.0,Married,Full time
SGP,702070084,1.0,1.0,1.0,1.0,8.0,8.0,9.0,A religious person,7.0,Male,1982.0,38.0,Married,Full time
SGP,702070085,1.0,1.0,2.0,1.0,6.0,6.0,6.0,Not a religious person,3.0,Male,1976.0,44.0,Married,Unemployed
SGP,702070086,1.0,1.0,2.0,2.0,8.0,8.0,8.0,An atheist,5.0,Female,1980.0,39.0,Married,Full time
SGP,702070087,1.0,2.0,2.0,2.0,9.0,8.0,7.0,Not a religious person,5.0,Male,1973.0,46.0,Married,Self employed
SGP,702070088,1.0,2.0,1.0,1.0,10.0,10.0,10.0,An atheist,8.0,Female,1995.0,25.0,Single,Full time
SGP,702070089,1.0,1.0,1.0,2.0,8.0,9.0,9.0,A religious person,7.0,Female,1964.0,55.0,Married,Retired/pensioned
SGP,702070090,1.0,2.0,2.0,1.0,8.0,8.0,8.0,A religious person,1.0,Female,1966.0,53.0,Married,Full time
SGP,702070091,1.0,2.0,1.0,1.0,8.0,9.0,8.0,A religious person,5.0,Female,1953.0,66.0,Married,Self employed
SGP,702070092,1.0,2.0,1.0,1.0,4.0,6.0,7.0,A religious person,5.0,Female,1968.0,51.0,Married,Full time
SGP,702070093,1.0,1.0,1.0,1.0,6.0,6.0,8.0,An atheist,5.0,Male,1997.0,22.0,Single,Student
SGP,702070094,1.0,2.0,3.0,3.0,8.0,10.0,10.0,Not a religious person,4.0,Female,1960.0,59.0,Married,Homemaker not otherwise employed
SGP,702070095,1.0,3.0,2.0,2.0,8.0,8.0,8.0,A religious person,6.0,Female,1963.0,56.0,Married,Full time
SGP,702070096,1.0,2.0,2.0,2.0,9.0,9.0,8.0,Not a religious person,5.0,Male,1956.0,63.0,Married,Full time
SGP,702070097,1.0,2.0,3.0,1.0,1.0,1.0,4.0,A religious person,2.0,Female,1969.0,51.0,Divorced,Retired/pensioned
SGP,702070098,1.0,2.0,2.0,2.0,8.0,8.0,7.0,Not a religious person,5.0,Female,1978.0,42.0,Married,Full time
SGP,702070099,1.0,2.0,2.0,3.0,5.0,7.0,6.0,A religious person,6.0,Male,1940.0,80.0,Married,Retired/pensioned
SGP,702070100,1.0,2.0,2.0,1.0,7.0,9.0,7.0,A religious person,5.0,Male,1965.0,55.0,Married,Full time
SGP,702070101,1.0,2.0,3.0,3.0,8.0,6.0,4.0,An atheist,6.0,Female,1954.0,66.0,Married,Retired/pensioned
SGP,702070102,1.0,1.0,2.0,2.0,5.0,8.0,6.0,A religious person,6.0,Male,1940.0,80.0,Married,Self employed
SGP,702070103,1.0,2.0,1.0,2.0,8.0,9.0,9.0,Not a religious person,5.0,Male,1962.0,57.0,Married,Full time
SGP,702070104,1.0,2.0,2.0,2.0,8.0,8.0,8.0,A religious person,2.0,Female,1990.0,29.0,Married,Full time
SGP,702070105,1.0,2.0,2.0,1.0,7.0,7.0,5.0,Not a religious person,4.0,Male,1998.0,21.0,Single,Other
SGP,702070106,1.0,2.0,2.0,2.0,8.0,7.0,6.0,A religious person,7.0,Male,1975.0,44.0,Married,Full time
SGP,702070107,1.0,2.0,2.0,1.0,8.0,7.0,6.0,An atheist,2.0,Male,1994.0,25.0,Single,Student
SGP,702070108,1.0,1.0,1.0,3.0,9.0,9.0,8.0,Not a religious person,4.0,Female,1966.0,53.0,Married,Homemaker not otherwise employed
SGP,702070109,1.0,1.0,1.0,2.0,8.0,8.0,9.0,Not a religious person,3.0,Female,1988.0,31.0,Single,Full time
SGP,702070110,1.0,1.0,1.0,2.0,7.0,7.0,7.0,A religious person,8.0,Female,1992.0,28.0,Single,Full time
SGP,702070111,2.0,2.0,2.0,2.0,7.0,7.0,8.0,A religious person,7.0,Female,1996.0,24.0,Single,Student
SGP,702070112,1.0,1.0,1.0,2.0,7.0,8.0,7.0,A religious person,6.0,Male,1989.0,31.0,Married,Full time
SGP,702070113,1.0,1.0,1.0,3.0,8.0,9.0,10.0,A religious person,8.0,Female,1962.0,58.0,Married,Part time
SGP,702070114,1.0,1.0,1.0,1.0,5.0,5.0,5.0,A religious person,,Male,1998.0,22.0,Single,Self employed
SGP,702070115,1.0,2.0,2.0,2.0,8.0,7.0,7.0,A religious person,10.0,Male,1964.0,56.0,Married,Full time
SGP,702070116,1.0,2.0,2.0,3.0,5.0,5.0,7.0,A religious person,5.0,Female,1943.0,77.0,Married,Retired/pensioned
SGP,702070117,1.0,1.0,2.0,2.0,7.0,7.0,7.0,Not a religious person,7.0,Male,1958.0,61.0,Married,Full time
SGP,702070118,1.0,2.0,1.0,3.0,6.0,8.0,7.0,Not a religious person,3.0,Female,1971.0,49.0,Single,Full time
SGP,702070119,1.0,1.0,2.0,2.0,7.0,8.0,9.0,A religious person,,Female,1982.0,38.0,Married,Part time
SGP,702070120,1.0,1.0,1.0,3.0,5.0,6.0,8.0,A religious person,6.0,Female,1964.0,55.0,Married,Retired/pensioned
SGP,702070121,1.0,1.0,2.0,2.0,1.0,5.0,2.0,Not a religious person,5.0,Male,1973.0,46.0,Married,Full time
SGP,702070122,1.0,1.0,1.0,2.0,8.0,8.0,8.0,An atheist,5.0,Female,1971.0,49.0,Married,Self employed
SGP,702070123,1.0,1.0,1.0,,10.0,10.0,10.0,Not a religious person,7.0,Female,1944.0,76.0,Widowed,Retired/pensioned
SGP,702070124,1.0,2.0,1.0,1.0,3.0,3.0,3.0,Not a religious person,1.0,Female,1971.0,49.0,Married,Full time
SGP,702070125,1.0,1.0,1.0,1.0,8.0,7.0,6.0,Not a religious person,6.0,Female,1996.0,23.0,Single,Full time
SGP,702070126,1.0,2.0,2.0,2.0,7.0,7.0,6.0,An atheist,2.0,Male,1991.0,29.0,Married,Full time
SGP,702070127,1.0,1.0,1.0,2.0,8.0,7.0,7.0,A religious person,6.0,Female,1990.0,30.0,Single,Self employed
SGP,702070128,1.0,2.0,3.0,2.0,8.0,8.0,10.0,A religious person,3.0,Female,1969.0,51.0,Married,Homemaker not otherwise employed
SGP,702070129,1.0,1.0,2.0,1.0,7.0,6.0,6.0,A religious person,4.0,Male,1970.0,50.0,Divorced,Full time
SGP,702070130,1.0,2.0,2.0,1.0,8.0,6.0,5.0,A religious person,2.0,Male,1951.0,68.0,Married,Retired/pensioned
SGP,702070131,1.0,1.0,1.0,2.0,7.0,8.0,10.0,A religious person,5.0,Male,1995.0,24.0,Single,Student
SGP,702070132,1.0,1.0,2.0,1.0,3.0,7.0,7.0,A religious person,5.0,Female,1972.0,48.0,Married,Self employed
SGP,702070133,1.0,2.0,2.0,2.0,8.0,9.0,9.0,A religious person,6.0,Female,1955.0,64.0,Married,Self employed
SGP,702070134,1.0,2.0,1.0,3.0,9.0,9.0,7.0,An atheist,-2.0,Female,1984.0,36.0,Single,Full time
SGP,702070135,1.0,1.0,1.0,2.0,8.0,4.0,9.0,Not a religious person,4.0,Male,1994.0,25.0,Single,Full time
SGP,702070136,1.0,2.0,1.0,4.0,8.0,9.0,9.0,A religious person,8.0,Female,1967.0,53.0,Married,Retired/pensioned
SGP,702070137,1.0,2.0,2.0,2.0,7.0,7.0,9.0,Not a religious person,6.0,Female,1981.0,39.0,Married,Student
SGP,702070138,2.0,2.0,2.0,3.0,9.0,9.0,9.0,An atheist,4.0,Male,1958.0,62.0,Married,Full time
SGP,702070139,1.0,1.0,1.0,1.0,8.0,7.0,5.0,Not a religious person,4.0,Male,1991.0,29.0,Single,Full time
SGP,702070140,1.0,2.0,2.0,2.0,8.0,8.0,7.0,An atheist,8.0,Female,1975.0,45.0,Married,Full time
SGP,702070141,1.0,1.0,1.0,2.0,9.0,9.0,9.0,A religious person,5.0,Female,1988.0,32.0,Single,Full time
SGP,702070142,1.0,1.0,2.0,2.0,9.0,5.0,9.0,A religious person,3.0,Female,1997.0,23.0,Single,Student
SGP,702070143,1.0,3.0,3.0,1.0,6.0,6.0,6.0,Not a religious person,5.0,Female,1981.0,38.0,Divorced,Part time
SGP,702070144,1.0,1.0,1.0,2.0,5.0,6.0,1.0,A religious person,10.0,Female,1968.0,51.0,Married,Homemaker not otherwise employed
SGP,702070145,4.0,4.0,4.0,4.0,7.0,6.0,6.0,A religious person,5.0,Male,1969.0,51.0,Single,Full time
SGP,702070146,1.0,1.0,2.0,1.0,5.0,5.0,6.0,A religious person,10.0,Male,1977.0,43.0,Married,Self employed
SGP,702070147,1.0,1.0,2.0,4.0,7.0,4.0,3.0,A religious person,10.0,Female,1947.0,73.0,Married,Self employed
SGP,702070148,2.0,2.0,2.0,2.0,8.0,8.0,8.0,A religious person,6.0,Female,1957.0,62.0,Married,Full time
SGP,702070149,1.0,1.0,2.0,3.0,10.0,8.0,10.0,A religious person,5.0,Female,1977.0,42.0,Married,Full time
SGP,702070150,1.0,3.0,2.0,2.0,10.0,8.0,10.0,A religious person,,Female,1949.0,70.0,Widowed,Full time
SGP,702070151,2.0,2.0,2.0,4.0,10.0,10.0,10.0,A religious person,,Female,1943.0,76.0,Divorced,Retired/pensioned
SGP,702070152,1.0,1.0,2.0,2.0,8.0,8.0,8.0,A religious person,3.0,Male,1968.0,51.0,Single,Full time
SGP,702070153,1.0,2.0,1.0,1.0,8.0,8.0,8.0,Not a religious person,,Female,1957.0,62.0,Single,Full time
SGP,702070154,1.0,2.0,2.0,1.0,7.0,7.0,7.0,A religious person,4.0,Male,1990.0,30.0,Single,Full time
SGP,702070155,1.0,1.0,1.0,2.0,8.0,8.0,10.0,Not a religious person,4.0,Female,1995.0,24.0,Single,Full time
SGP,702070156,1.0,1.0,2.0,1.0,8.0,7.0,7.0,Not a religious person,5.0,Male,1968.0,52.0,Married,Full time
SGP,702070157,1.0,2.0,3.0,2.0,2.0,3.0,3.0,Not a religious person,6.0,Female,1962.0,57.0,Single,Unemployed
SGP,702070158,1.0,2.0,2.0,2.0,5.0,5.0,5.0,A religious person,,Female,1947.0,73.0,Widowed,Part time
SGP,702070159,1.0,3.0,3.0,1.0,10.0,5.0,5.0,A religious person,,Male,1984.0,36.0,Married,Self employed
SGP,702070160,1.0,2.0,2.0,1.0,2.0,3.0,2.0,A religious person,,Female,1988.0,32.0,Married,Full time
SGP,702070161,1.0,1.0,2.0,1.0,5.0,5.0,5.0,A religious person,5.0,Female,1975.0,45.0,Married,Full time
SGP,702070162,2.0,2.0,1.0,2.0,4.0,5.0,4.0,An atheist,4.0,Female,1976.0,44.0,Single,Full time
SGP,702070163,2.0,2.0,2.0,2.0,10.0,7.0,9.0,Not a religious person,,Female,1990.0,30.0,Married,Full time
SGP,702070164,1.0,1.0,2.0,1.0,10.0,10.0,10.0,A religious person,,Male,1973.0,47.0,Divorced,Unemployed
SGP,702070165,1.0,2.0,2.0,1.0,4.0,4.0,4.0,Not a religious person,4.0,Female,1983.0,36.0,Single,Full time
SGP,702070166,1.0,1.0,2.0,1.0,8.0,7.0,8.0,An atheist,3.0,Male,1952.0,67.0,Married,Part time
SGP,702070167,1.0,1.0,2.0,2.0,8.0,8.0,10.0,Not a religious person,1.0,Male,1997.0,22.0,Single,Student
SGP,702070168,1.0,2.0,2.0,3.0,9.0,9.0,8.0,A religious person,5.0,Male,1982.0,38.0,Married,Full time
SGP,702070169,1.0,1.0,2.0,2.0,3.0,5.0,3.0,A religious person,5.0,Male,1945.0,75.0,Married,Unemployed
SGP,702070170,2.0,3.0,3.0,2.0,7.0,6.0,7.0,An atheist,5.0,Male,1997.0,23.0,Single,Student
SGP,702070171,1.0,2.0,2.0,1.0,7.0,8.0,4.0,Not a religious person,5.0,Male,1975.0,45.0,Married,Unemployed
SGP,702070172,1.0,1.0,2.0,1.0,7.0,8.0,7.0,A religious person,5.0,Female,1990.0,30.0,Single,Self employed
SGP,702070173,1.0,2.0,3.0,2.0,6.0,9.0,8.0,A religious person,4.0,Male,1976.0,44.0,Single,Unemployed
SGP,702070174,1.0,1.0,1.0,2.0,10.0,10.0,6.0,A religious person,10.0,Male,1956.0,63.0,Married,Retired/pensioned
SGP,702070175,1.0,2.0,2.0,1.0,9.0,9.0,9.0,Not a religious person,8.0,Female,1985.0,35.0,Married,Full time
SGP,702070176,1.0,2.0,1.0,1.0,5.0,7.0,6.0,Not a religious person,8.0,Female,1991.0,29.0,Married,Full time
SGP,702070177,1.0,1.0,3.0,2.0,8.0,8.0,8.0,A religious person,6.0,Male,1971.0,48.0,Married,Homemaker not otherwise employed
SGP,702070178,1.0,2.0,2.0,4.0,6.0,4.0,4.0,A religious person,5.0,Male,1950.0,70.0,Married,Self employed
SGP,702070179,2.0,2.0,2.0,1.0,7.0,7.0,7.0,Not a religious person,5.0,Male,1997.0,22.0,Single,Part time
SGP,702070180,1.0,1.0,2.0,2.0,7.0,7.0,7.0,Not a religious person,4.0,Female,1997.0,23.0,Single,Student
SGP,702070181,1.0,1.0,1.0,1.0,8.0,8.0,8.0,A religious person,7.0,Female,1968.0,52.0,Married,Full time
SGP,702070182,1.0,1.0,1.0,2.0,7.0,8.0,8.0,A religious person,4.0,Female,1964.0,55.0,Single,Full time
SGP,702070183,1.0,1.0,2.0,1.0,7.0,7.0,8.0,A religious person,8.0,Female,1970.0,49.0,Single,Full time
SGP,702070184,1.0,1.0,1.0,2.0,5.0,5.0,5.0,An atheist,5.0,Female,1965.0,55.0,Single,Full time
SGP,702070185,1.0,1.0,2.0,1.0,5.0,5.0,5.0,Not a religious person,,Male,1990.0,30.0,Married,Self employed
SGP,702070186,1.0,2.0,2.0,2.0,7.0,6.0,6.0,A religious person,4.0,Female,1994.0,25.0,Single,Self employed
SGP,702070187,1.0,2.0,1.0,1.0,1.0,10.0,10.0,A religious person,10.0,Male,1959.0,60.0,Married,Part time
SGP,702070188,1.0,2.0,2.0,4.0,2.0,4.0,5.0,Not a religious person,4.0,Male,1941.0,78.0,Married,Part time
SGP,702070189,1.0,3.0,2.0,1.0,8.0,9.0,9.0,An atheist,5.0,Female,1971.0,48.0,Married,Full time
SGP,702070190,1.0,1.0,2.0,2.0,8.0,7.0,7.0,A religious person,,Male,1973.0,47.0,Married,Full time
SGP,702070191,1.0,1.0,2.0,3.0,8.0,9.0,9.0,Not a religious person,5.0,Male,1963.0,57.0,Married,Retired/pensioned
SGP,702070192,1.0,2.0,2.0,2.0,7.0,7.0,7.0,An atheist,4.0,Female,1997.0,23.0,Single,Student
SGP,702070193,1.0,2.0,2.0,2.0,10.0,7.0,6.0,A religious person,5.0,Female,1973.0,47.0,Married,Full time
SGP,702070194,1.0,2.0,2.0,2.0,5.0,5.0,3.0,A religious person,6.0,Female,1967.0,53.0,Single,Full time
SGP,702070195,1.0,1.0,1.0,2.0,8.0,7.0,5.0,A religious person,7.0,Female,1976.0,43.0,Married,Unemployed
SGP,702070196,1.0,2.0,2.0,2.0,5.0,7.0,7.0,An atheist,5.0,Male,1967.0,53.0,Married,Part time
SGP,702070197,1.0,1.0,1.0,4.0,10.0,10.0,10.0,Not a religious person,10.0,Female,1947.0,73.0,Widowed,Retired/pensioned
SGP,702070198,1.0,3.0,2.0,1.0,4.0,4.0,2.0,A religious person,10.0,Male,1986.0,33.0,Married,Full time
SGP,702070199,1.0,2.0,3.0,1.0,8.0,9.0,6.0,A religious person,9.0,Female,1951.0,68.0,Married,Retired/pensioned
SGP,702070200,2.0,2.0,2.0,2.0,8.0,8.0,8.0,Not a religious person,4.0,Male,1993.0,26.0,Single,Student
SGP,702070201,1.0,1.0,1.0,1.0,7.0,7.0,5.0,A religious person,5.0,Female,1981.0,38.0,Divorced,Full time
SGP,702070202,1.0,2.0,2.0,2.0,8.0,8.0,8.0,A religious person,1.0,Female,1984.0,35.0,Married,Full time
SGP,702070203,1.0,3.0,2.0,3.0,5.0,5.0,5.0,A religious person,5.0,Male,1943.0,76.0,Married,Retired/pensioned
SGP,702070204,1.0,2.0,1.0,1.0,8.0,10.0,10.0,A religious person,5.0,Female,1977.0,42.0,Married,Full time
SGP,702070205,1.0,2.0,2.0,2.0,8.0,8.0,8.0,Not a religious person,,Male,1962.0,57.0,Married,Retired/pensioned
SGP,702070206,1.0,2.0,2.0,2.0,5.0,5.0,5.0,Not a religious person,5.0,Male,1941.0,79.0,Married,Retired/pensioned
SGP,702070207,1.0,2.0,2.0,2.0,4.0,7.0,5.0,An atheist,5.0,Male,1967.0,52.0,Married,Unemployed
SGP,702070208,1.0,2.0,2.0,2.0,7.0,8.0,8.0,A religious person,1.0,Male,1974.0,46.0,Single,Self employed
SGP,702070209,2.0,2.0,3.0,3.0,7.0,8.0,7.0,Not a religious person,8.0,Male,1954.0,65.0,Single,Retired/pensioned
SGP,702070210,1.0,1.0,2.0,3.0,5.0,6.0,6.0,A religious person,5.0,Female,1956.0,63.0,Married,Homemaker not otherwise employed
SGP,702070211,1.0,1.0,1.0,2.0,4.0,4.0,2.0,Not a religious person,6.0,Female,1995.0,24.0,Single,Part time
SGP,702070212,1.0,2.0,3.0,3.0,5.0,5.0,4.0,A religious person,10.0,Male,1938.0,81.0,Married,Retired/pensioned
SGP,702070213,1.0,1.0,2.0,2.0,5.0,5.0,5.0,A religious person,8.0,Female,1957.0,62.0,Married,Part time
SGP,702070214,1.0,2.0,2.0,1.0,8.0,5.0,1.0,An atheist,5.0,Male,1981.0,38.0,Married,Unemployed
SGP,702070215,1.0,2.0,2.0,1.0,8.0,8.0,7.0,Not a religious person,4.0,Female,1971.0,48.0,Married,Full time
SGP,702070216,1.0,1.0,2.0,2.0,8.0,8.0,7.0,An atheist,5.0,Female,1964.0,56.0,Single,Full time
SGP,702070217,1.0,2.0,2.0,2.0,2.0,2.0,2.0,A religious person,3.0,Female,1968.0,52.0,Married,Homemaker not otherwise employed
SGP,702070218,2.0,3.0,2.0,2.0,7.0,8.0,5.0,An atheist,5.0,Male,1996.0,24.0,Single,Student
SGP,702070219,2.0,2.0,2.0,1.0,3.0,3.0,2.0,A religious person,,Female,1984.0,36.0,Married,Homemaker not otherwise employed
SGP,702070220,1.0,3.0,2.0,2.0,5.0,5.0,3.0,A religious person,3.0,Female,1963.0,56.0,Divorced,Part time
SGP,702070221,1.0,2.0,2.0,2.0,10.0,10.0,10.0,Not a religious person,,Female,1932.0,87.0,Widowed,Retired/pensioned
SGP,702070222,1.0,1.0,1.0,1.0,7.0,7.0,7.0,A religious person,2.0,Female,1976.0,43.0,Married,Part time
SGP,702070223,1.0,2.0,2.0,2.0,9.0,9.0,7.0,Not a religious person,5.0,Female,1982.0,37.0,Single,Full time
SGP,702070224,1.0,2.0,3.0,1.0,5.0,10.0,5.0,A religious person,10.0,Female,1947.0,73.0,Widowed,Retired/pensioned
SGP,702070225,1.0,1.0,1.0,2.0,10.0,10.0,10.0,An atheist,2.0,Female,1973.0,46.0,Married,Homemaker not otherwise employed
SGP,702070226,1.0,2.0,2.0,1.0,10.0,8.0,4.0,A religious person,,Female,1960.0,60.0,Divorced,Self employed
SGP,702070227,1.0,2.0,2.0,1.0,10.0,9.0,9.0,An atheist,4.0,Female,1977.0,43.0,Married,Full time
SGP,702070228,1.0,2.0,2.0,4.0,5.0,10.0,8.0,A religious person,4.0,Female,1973.0,47.0,Married,Homemaker not otherwise employed
SGP,702070229,2.0,3.0,3.0,3.0,1.0,4.0,4.0,A religious person,6.0,Male,1989.0,31.0,Single,Full time
SGP,702070230,1.0,2.0,3.0,1.0,8.0,7.0,7.0,A religious person,,Male,1955.0,65.0,Married,Self employed
SGP,702070231,1.0,2.0,2.0,2.0,7.0,7.0,8.0,A religious person,5.0,Male,1997.0,23.0,Single,Student
SGP,702070232,2.0,2.0,1.0,3.0,7.0,6.0,8.0,Not a religious person,,Female,1996.0,23.0,Single,Full time
SGP,702070233,1.0,1.0,2.0,2.0,8.0,8.0,6.0,Not a religious person,,Female,1943.0,77.0,Single,Retired/pensioned
SGP,702070234,1.0,3.0,3.0,1.0,7.0,10.0,5.0,A religious person,10.0,Female,1963.0,56.0,Married,Unemployed
SGP,702070235,1.0,3.0,2.0,2.0,8.0,8.0,8.0,A religious person,10.0,Male,1968.0,51.0,Married,Unemployed
SGP,702070236,2.0,2.0,3.0,3.0,2.0,4.0,1.0,An atheist,5.0,Male,1960.0,60.0,Divorced,Unemployed
SGP,702070237,1.0,1.0,2.0,1.0,3.0,3.0,1.0,,6.0,Male,1978.0,42.0,Married,Unemployed
SGP,702070238,1.0,1.0,1.0,1.0,2.0,5.0,2.0,A religious person,8.0,Female,1959.0,61.0,Married,Retired/pensioned
SGP,702070239,1.0,2.0,3.0,2.0,9.0,8.0,7.0,A religious person,,Female,1965.0,55.0,Widowed,Part time
SGP,702070240,1.0,3.0,3.0,3.0,10.0,10.0,10.0,A religious person,7.0,Female,1951.0,69.0,Widowed,Retired/pensioned
SGP,702070241,2.0,2.0,1.0,2.0,7.0,7.0,1.0,,7.0,Male,1984.0,36.0,Single,Part time
SGP,702070242,1.0,3.0,4.0,3.0,5.0,7.0,10.0,Not a religious person,10.0,Female,1978.0,42.0,Married,Full time
SGP,702070243,1.0,1.0,1.0,3.0,10.0,9.0,8.0,A religious person,6.0,Female,1984.0,35.0,Married,Full time
SGP,702070244,1.0,1.0,1.0,3.0,9.0,5.0,5.0,Not a religious person,3.0,Female,1990.0,30.0,Living together as married,Full time
SGP,702070245,1.0,2.0,2.0,2.0,6.0,7.0,8.0,A religious person,5.0,Female,1964.0,55.0,Married,Full time
SGP,702070246,1.0,2.0,2.0,2.0,8.0,9.0,9.0,A religious person,,Male,1989.0,31.0,Married,Full time
SGP,702070247,1.0,1.0,2.0,2.0,8.0,8.0,6.0,A religious person,,Female,1970.0,50.0,Single,Full time
SGP,702070248,1.0,1.0,2.0,3.0,10.0,9.0,8.0,A religious person,,Male,1937.0,83.0,Widowed,Retired/pensioned
SGP,702070249,1.0,3.0,2.0,2.0,1.0,4.0,2.0,Not a religious person,5.0,Female,1983.0,37.0,Married,Unemployed
SGP,702070250,1.0,1.0,3.0,2.0,9.0,10.0,7.0,A religious person,,Male,1945.0,75.0,Married,Full time
SGP,702070251,1.0,1.0,2.0,1.0,10.0,10.0,10.0,A religious person,,Female,1955.0,65.0,Married,Full time
SGP,702070252,1.0,1.0,2.0,2.0,5.0,5.0,5.0,A religious person,5.0,Male,1949.0,70.0,Married,Retired/pensioned
SGP,702070253,1.0,1.0,1.0,1.0,9.0,8.0,5.0,A religious person,3.0,Female,1969.0,50.0,Divorced,Full time
SGP,702070254,1.0,2.0,2.0,1.0,8.0,7.0,6.0,An atheist,2.0,Female,1965.0,54.0,Married,Full time
SGP,702070255,1.0,2.0,2.0,2.0,4.0,6.0,5.0,An atheist,4.0,Male,1978.0,41.0,Married,Full time
SGP,702070256,1.0,2.0,1.0,2.0,8.0,8.0,8.0,A religious person,8.0,Female,1951.0,68.0,Divorced,Homemaker not otherwise employed
SGP,702070257,1.0,2.0,2.0,1.0,7.0,7.0,7.0,A religious person,6.0,Male,1969.0,50.0,Married,Self employed
SGP,702070258,1.0,2.0,2.0,2.0,9.0,9.0,9.0,A religious person,8.0,Male,1954.0,65.0,Married,Retired/pensioned
SGP,702070259,1.0,1.0,1.0,2.0,7.0,2.0,2.0,An atheist,6.0,Female,1979.0,41.0,Married,Full time
SGP,702070260,1.0,1.0,2.0,1.0,7.0,6.0,6.0,Not a religious person,6.0,Female,1964.0,56.0,Married,Part time
SGP,702070261,1.0,2.0,2.0,3.0,7.0,6.0,6.0,A religious person,3.0,Female,1964.0,55.0,Married,Full time
SGP,702070262,1.0,1.0,2.0,2.0,7.0,5.0,2.0,Not a religious person,1.0,Male,1974.0,46.0,Married,Self employed
SGP,702070263,1.0,3.0,3.0,2.0,8.0,10.0,9.0,A religious person,6.0,Female,1970.0,50.0,Single,Unemployed
SGP,702070264,1.0,2.0,2.0,1.0,6.0,4.0,3.0,Not a religious person,5.0,Female,1974.0,46.0,Divorced,Full time
SGP,702070265,1.0,2.0,1.0,1.0,10.0,8.0,9.0,A religious person,3.0,Male,1930.0,90.0,Widowed,Retired/pensioned
SGP,702070266,1.0,1.0,1.0,2.0,7.0,6.0,4.0,Not a religious person,4.0,Male,1992.0,27.0,Single,Full time
SGP,702070267,1.0,1.0,2.0,1.0,5.0,6.0,6.0,A religious person,4.0,Male,1961.0,58.0,Married,Part time
SGP,702070268,1.0,2.0,2.0,3.0,6.0,7.0,6.0,An atheist,4.0,Male,1963.0,57.0,Single,Retired/pensioned
SGP,702070269,1.0,1.0,2.0,2.0,6.0,7.0,6.0,Not a religious person,4.0,Male,1985.0,35.0,Single,Full time
SGP,702070270,1.0,2.0,1.0,1.0,5.0,6.0,5.0,Not a religious person,6.0,Male,1976.0,43.0,Living together as married,Full time
SGP,702070271,1.0,1.0,3.0,1.0,7.0,7.0,7.0,A religious person,5.0,Male,1958.0,61.0,Single,Full time
SGP,702070272,1.0,1.0,1.0,1.0,10.0,10.0,9.0,A religious person,10.0,Male,1966.0,54.0,Married,Self employed
SGP,702070273,1.0,2.0,1.0,2.0,9.0,9.0,8.0,Not a religious person,3.0,Female,1971.0,48.0,Married,Homemaker not otherwise employed
SGP,702070274,1.0,2.0,1.0,2.0,6.0,7.0,9.0,Not a religious person,5.0,Male,1960.0,60.0,Married,Full time
SGP,702070275,1.0,1.0,1.0,2.0,7.0,8.0,9.0,A religious person,5.0,Female,1995.0,24.0,Single,Full time
SGP,702070276,1.0,1.0,2.0,2.0,8.0,7.0,3.0,A religious person,8.0,Female,1974.0,46.0,Separated,Part time
SGP,702070277,1.0,2.0,1.0,2.0,7.0,8.0,7.0,Not a religious person,,Female,1971.0,49.0,Married,Self employed
SGP,702070278,1.0,1.0,2.0,1.0,5.0,10.0,10.0,A religious person,3.0,Female,1953.0,67.0,Single,Part time
SGP,702070279,1.0,1.0,2.0,3.0,5.0,5.0,8.0,Not a religious person,5.0,Female,1978.0,42.0,Married,Homemaker not otherwise employed
SGP,702070280,2.0,2.0,2.0,4.0,10.0,10.0,9.0,An atheist,,Male,1941.0,79.0,Married,Retired/pensioned
SGP,702070281,1.0,1.0,1.0,3.0,5.0,5.0,5.0,An atheist,,Male,1986.0,34.0,Single,Unemployed
SGP,702070282,1.0,1.0,2.0,4.0,8.0,8.0,10.0,A religious person,-2.0,Female,1955.0,65.0,Married,Retired/pensioned
SGP,702070283,1.0,1.0,2.0,2.0,10.0,10.0,10.0,A religious person,,Female,1968.0,52.0,Married,Full time
SGP,702070284,1.0,1.0,3.0,2.0,9.0,8.0,8.0,Not a religious person,5.0,Male,1968.0,52.0,Married,Self employed
SGP,702070285,1.0,1.0,1.0,4.0,7.0,7.0,7.0,An atheist,,Male,1978.0,42.0,Married,Unemployed
SGP,702070286,1.0,1.0,3.0,3.0,7.0,5.0,2.0,Not a religious person,5.0,Male,1949.0,71.0,Married,Unemployed
SGP,702070287,1.0,1.0,2.0,2.0,4.0,6.0,5.0,,3.0,Male,1988.0,32.0,Single,Full time
SGP,702070288,1.0,1.0,1.0,3.0,8.0,8.0,8.0,Not a religious person,7.0,Male,1938.0,82.0,Widowed,Retired/pensioned
SGP,702070289,1.0,2.0,4.0,1.0,6.0,3.0,4.0,Not a religious person,5.0,Female,1974.0,45.0,Separated,Full time
SGP,702070290,1.0,2.0,2.0,3.0,8.0,8.0,8.0,A religious person,6.0,Female,1963.0,57.0,Married,Homemaker not otherwise employed
SGP,702070291,1.0,1.0,2.0,4.0,8.0,10.0,10.0,A religious person,,Female,1942.0,78.0,Married,Homemaker not otherwise employed
SGP,702070292,1.0,2.0,3.0,4.0,10.0,10.0,10.0,A religious person,,Female,1939.0,81.0,Married,Retired/pensioned
SGP,702070293,1.0,3.0,2.0,4.0,10.0,10.0,10.0,A religious person,,Female,1974.0,46.0,Single,Full time
SGP,702070294,1.0,2.0,2.0,2.0,8.0,7.0,7.0,Not a religious person,7.0,Female,1978.0,42.0,Married,Full time
SGP,702070295,1.0,2.0,1.0,1.0,9.0,9.0,7.0,Not a religious person,4.0,Male,1994.0,26.0,Living together as married,Full time
SGP,702070296,1.0,1.0,1.0,1.0,10.0,9.0,9.0,Not a religious person,2.0,Male,1971.0,49.0,Living together as married,Full time
SGP,702070297,1.0,2.0,1.0,2.0,6.0,8.0,4.0,A religious person,6.0,Female,1997.0,23.0,Single,Student
SGP,702070298,1.0,2.0,2.0,1.0,10.0,10.0,10.0,An atheist,,Male,1971.0,49.0,Divorced,Full time
SGP,702070299,1.0,2.0,1.0,2.0,6.0,7.0,6.0,Not a religious person,6.0,Male,1984.0,36.0,Single,Full time
SGP,702070300,1.0,2.0,2.0,2.0,7.0,7.0,7.0,A religious person,6.0,Female,1968.0,52.0,Single,Full time
SGP,702070301,1.0,2.0,2.0,2.0,8.0,8.0,9.0,A religious person,7.0,Male,1973.0,47.0,Married,Full time
SGP,702070302,1.0,1.0,1.0,1.0,10.0,7.0,7.0,Not a religious person,,Female,1993.0,27.0,Single,Full time
SGP,702070303,1.0,2.0,1.0,2.0,,1.0,4.0,Not a religious person,5.0,Female,1985.0,34.0,Single,Full time
SGP,702070304,1.0,2.0,1.0,2.0,8.0,8.0,8.0,Not a religious person,5.0,Female,1976.0,43.0,Married,Homemaker not otherwise employed
SGP,702070305,1.0,2.0,2.0,2.0,10.0,8.0,8.0,Not a religious person,5.0,Male,1983.0,36.0,Married,Full time
SGP,702070306,1.0,1.0,2.0,2.0,6.0,5.0,5.0,Not a religious person,6.0,Male,1975.0,45.0,Single,Full time
SGP,702070307,1.0,2.0,2.0,1.0,5.0,8.0,6.0,Not a religious person,2.0,Male,1962.0,58.0,Married,Self employed
SGP,702070308,1.0,3.0,1.0,1.0,10.0,5.0,1.0,Not a religious person,1.0,Male,1964.0,55.0,Divorced,Full time
SGP,702070309,1.0,1.0,3.0,1.0,10.0,10.0,10.0,A religious person,7.0,Male,1947.0,72.0,Single,Retired/pensioned
SGP,702070310,,1.0,1.0,,,10.0,7.0,A religious person,2.0,Female,1930.0,89.0,Divorced,Retired/pensioned
SGP,702070311,3.0,1.0,3.0,1.0,10.0,5.0,7.0,Not a religious person,10.0,Male,1998.0,22.0,Single,Full time
SGP,702070312,1.0,2.0,2.0,3.0,5.0,5.0,1.0,A religious person,3.0,Male,1998.0,22.0,Single,Part time
SGP,702070313,1.0,2.0,2.0,2.0,5.0,5.0,3.0,A religious person,5.0,Male,1970.0,50.0,Single,Part time
SGP,702070314,1.0,2.0,2.0,1.0,5.0,6.0,6.0,A religious person,5.0,Female,1987.0,33.0,Single,Full time
SGP,702070315,1.0,2.0,1.0,3.0,6.0,9.0,7.0,A religious person,8.0,Male,1954.0,66.0,Married,Retired/pensioned
SGP,702070316,1.0,2.0,1.0,3.0,8.0,8.0,9.0,An atheist,5.0,Female,1986.0,34.0,Married,Full time
SGP,702070317,1.0,1.0,1.0,2.0,10.0,8.0,7.0,An atheist,,Female,1977.0,43.0,Separated,Full time
SGP,702070318,1.0,2.0,1.0,2.0,9.0,8.0,6.0,Not a religious person,1.0,Female,1974.0,45.0,Married,Part time
SGP,702070319,1.0,1.0,2.0,4.0,,7.0,8.0,An atheist,7.0,Female,1940.0,79.0,Widowed,Retired/pensioned
SGP,702070320,1.0,1.0,2.0,1.0,8.0,7.0,7.0,,,Male,1967.0,53.0,Married,Full time
SGP,702070321,1.0,1.0,2.0,3.0,5.0,7.0,6.0,Not a religious person,7.0,Female,1982.0,38.0,Married,Homemaker not otherwise employed
SGP,702070322,1.0,1.0,2.0,2.0,8.0,8.0,7.0,Not a religious person,5.0,Male,1964.0,55.0,Married,Self employed
SGP,702070323,1.0,2.0,2.0,1.0,7.0,8.0,7.0,,8.0,Male,1969.0,51.0,Married,Self employed
SGP,702070324,1.0,1.0,2.0,2.0,6.0,7.0,7.0,Not a religious person,5.0,Male,1995.0,25.0,Single,Part time
SGP,702070325,1.0,3.0,1.0,,,7.0,10.0,Not a religious person,6.0,Female,1928.0,91.0,Widowed,Retired/pensioned
SGP,702070326,1.0,3.0,2.0,2.0,6.0,8.0,6.0,An atheist,4.0,Male,1972.0,47.0,Married,Full time
SGP,702070327,1.0,2.0,3.0,2.0,8.0,8.0,8.0,An atheist,5.0,Male,1954.0,65.0,Married,Retired/pensioned
SGP,702070328,2.0,2.0,2.0,,7.0,6.0,7.0,A religious person,,Female,1957.0,62.0,Living together as married,Retired/pensioned
SGP,702070329,1.0,2.0,3.0,2.0,7.0,7.0,7.0,Not a religious person,7.0,Male,1961.0,59.0,Married,Full time
SGP,702070330,1.0,2.0,2.0,2.0,7.0,7.0,6.0,An atheist,8.0,Male,1947.0,73.0,Married,Retired/pensioned
SGP,702070331,1.0,2.0,1.0,1.0,6.0,8.0,7.0,,8.0,Female,1946.0,74.0,Married,Retired/pensioned
SGP,702070332,1.0,3.0,1.0,1.0,10.0,10.0,10.0,Not a religious person,5.0,Male,1966.0,54.0,Married,Full time
SGP,702070333,1.0,1.0,1.0,2.0,9.0,9.0,10.0,Not a religious person,,Female,1960.0,60.0,Married,Retired/pensioned
SGP,702070334,1.0,1.0,2.0,2.0,6.0,7.0,7.0,Not a religious person,7.0,Female,1951.0,69.0,Widowed,Retired/pensioned
SGP,702070335,1.0,1.0,2.0,2.0,6.0,8.0,7.0,Not a religious person,-2.0,Female,1950.0,70.0,Married,Part time
SGP,702070336,1.0,3.0,2.0,2.0,4.0,4.0,5.0,A religious person,6.0,Female,1960.0,60.0,Divorced,Full time
SGP,702070337,2.0,2.0,2.0,3.0,5.0,5.0,6.0,Not a religious person,5.0,Male,1939.0,81.0,Married,Retired/pensioned
SGP,702070338,1.0,2.0,2.0,2.0,5.0,5.0,5.0,,5.0,Female,1970.0,50.0,Married,Self employed
SGP,702070339,1.0,2.0,2.0,3.0,7.0,7.0,7.0,Not a religious person,7.0,Male,1964.0,56.0,Married,Part time
SGP,702070340,1.0,2.0,2.0,2.0,8.0,7.0,5.0,A religious person,9.0,Male,1960.0,60.0,Married,Part time
SGP,702070341,2.0,2.0,3.0,1.0,10.0,9.0,8.0,A religious person,7.0,Male,1991.0,29.0,Single,Full time
SGP,702070342,1.0,1.0,2.0,1.0,7.0,7.0,7.0,Not a religious person,5.0,Male,1988.0,32.0,Single,Full time
SGP,702070343,1.0,1.0,1.0,1.0,10.0,10.0,10.0,A religious person,3.0,Male,1990.0,30.0,Single,Full time
SGP,702070344,1.0,2.0,2.0,2.0,7.0,7.0,7.0,A religious person,4.0,Male,1965.0,55.0,Married,Self employed
SGP,702070345,1.0,2.0,2.0,2.0,5.0,7.0,6.0,A religious person,6.0,Male,1970.0,50.0,Married,Full time
SGP,702070346,1.0,2.0,2.0,3.0,8.0,8.0,7.0,Not a religious person,6.0,Male,1978.0,42.0,Married,Full time
SGP,702070347,1.0,1.0,1.0,1.0,7.0,7.0,7.0,A religious person,5.0,Female,1977.0,42.0,Single,Full time
SGP,702070348,1.0,2.0,2.0,3.0,7.0,7.0,7.0,A religious person,5.0,Female,1960.0,60.0,Married,Retired/pensioned
SGP,702070349,1.0,1.0,1.0,1.0,10.0,7.0,6.0,Not a religious person,3.0,Male,1998.0,22.0,Single,Other
SGP,702070350,1.0,1.0,1.0,2.0,7.0,7.0,7.0,A religious person,5.0,Male,1964.0,56.0,Married,Full time
SGP,702070351,1.0,2.0,1.0,2.0,4.0,7.0,8.0,A religious person,,Male,1998.0,22.0,Single,Student
SGP,702070352,1.0,2.0,2.0,1.0,5.0,5.0,5.0,,,Female,1975.0,45.0,Divorced,Unemployed
SGP,702070353,1.0,1.0,3.0,1.0,9.0,9.0,8.0,Not a religious person,5.0,Male,1986.0,34.0,Living together as married,Full time
SGP,702070354,1.0,2.0,2.0,2.0,6.0,7.0,7.0,An atheist,5.0,Male,1947.0,73.0,Married,Retired/pensioned
SGP,702070355,1.0,2.0,1.0,2.0,7.0,8.0,5.0,A religious person,7.0,Male,1993.0,27.0,Single,Full time
SGP,702070356,1.0,1.0,1.0,2.0,9.0,9.0,9.0,An atheist,2.0,Male,1971.0,49.0,Married,Full time
SGP,702070357,1.0,2.0,1.0,1.0,6.0,6.0,6.0,Not a religious person,5.0,Female,1982.0,38.0,Married,Full time
SGP,702070358,1.0,2.0,2.0,1.0,8.0,9.0,8.0,Not a religious person,8.0,Male,1974.0,46.0,Married,Full time
SGP,702070359,1.0,2.0,2.0,2.0,9.0,8.0,8.0,Not a religious person,5.0,Male,1946.0,74.0,Married,Retired/pensioned
SGP,702070360,1.0,1.0,1.0,2.0,8.0,8.0,8.0,Not a religious person,5.0,Female,1976.0,44.0,Married,Full time
SGP,702070361,1.0,1.0,1.0,2.0,8.0,8.0,6.0,An atheist,2.0,Male,1995.0,25.0,Single,Student
SGP,702070362,1.0,2.0,2.0,1.0,8.0,3.0,3.0,A religious person,2.0,Female,1950.0,70.0,Married,Homemaker not otherwise employed
SGP,702070363,1.0,2.0,2.0,2.0,6.0,8.0,9.0,A religious person,7.0,Female,1947.0,73.0,Single,Full time
SGP,702070364,1.0,2.0,2.0,2.0,8.0,8.0,10.0,A religious person,7.0,Male,1953.0,67.0,Married,Retired/pensioned
SGP,702070365,1.0,2.0,3.0,1.0,,6.0,6.0,Not a religious person,10.0,Male,1966.0,54.0,Married,Full time
SGP,702070366,2.0,2.0,1.0,1.0,8.0,7.0,3.0,An atheist,4.0,Male,1984.0,36.0,Single,Full time
SGP,702070367,1.0,1.0,1.0,2.0,8.0,8.0,8.0,Not a religious person,7.0,Male,1989.0,30.0,Single,Full time
SGP,702070368,1.0,1.0,1.0,2.0,7.0,9.0,8.0,A religious person,5.0,Female,1980.0,39.0,Married,Full time
SGP,702070369,1.0,2.0,2.0,1.0,10.0,7.0,8.0,A religious person,5.0,Female,1942.0,78.0,Married,Retired/pensioned
SGP,702070370,1.0,2.0,3.0,1.0,5.0,10.0,7.0,,3.0,Female,1944.0,76.0,Married,Retired/pensioned
SGP,702070371,1.0,1.0,2.0,1.0,8.0,8.0,8.0,Not a religious person,5.0,Male,1962.0,58.0,Married,Full time
SGP,702070372,1.0,1.0,1.0,1.0,10.0,7.0,9.0,A religious person,,Female,1954.0,66.0,Divorced,Full time
SGP,702070373,1.0,1.0,1.0,1.0,7.0,8.0,9.0,Not a religious person,4.0,Female,1969.0,50.0,Married,Unemployed
SGP,702070374,1.0,2.0,2.0,4.0,8.0,8.0,8.0,An atheist,,Female,1958.0,61.0,Widowed,Retired/pensioned
SGP,702070375,1.0,2.0,3.0,4.0,8.0,7.0,7.0,Not a religious person,6.0,Male,1963.0,57.0,Married,Homemaker not otherwise employed
SGP,702070376,1.0,1.0,2.0,1.0,10.0,8.0,8.0,A religious person,6.0,Male,1955.0,65.0,Married,Self employed
SGP,702070377,1.0,1.0,1.0,2.0,8.0,8.0,8.0,A religious person,8.0,Female,1971.0,49.0,Married,Part time
SGP,702070378,1.0,1.0,2.0,2.0,2.0,2.0,10.0,Not a religious person,3.0,Male,1998.0,22.0,Single,Student
SGP,702070379,1.0,1.0,3.0,4.0,6.0,10.0,6.0,A religious person,10.0,Female,1948.0,71.0,Married,Homemaker not otherwise employed
SGP,702070380,1.0,1.0,2.0,1.0,8.0,8.0,8.0,A religious person,10.0,Female,1953.0,66.0,Single,Retired/pensioned
SGP,702070381,1.0,2.0,3.0,4.0,8.0,7.0,7.0,A religious person,8.0,Female,1966.0,54.0,Single,Unemployed
SGP,702070382,1.0,2.0,2.0,2.0,5.0,6.0,5.0,A religious person,6.0,Female,1988.0,31.0,Married,Full time
SGP,702070383,1.0,1.0,2.0,2.0,9.0,9.0,9.0,A religious person,9.0,Male,1966.0,54.0,Married,Full time
SGP,702070384,1.0,2.0,2.0,1.0,9.0,9.0,9.0,Not a religious person,7.0,Female,1946.0,74.0,Widowed,Retired/pensioned
SGP,702070385,2.0,2.0,1.0,2.0,3.0,2.0,1.0,Not a religious person,1.0,Female,1987.0,33.0,Single,Self employed
SGP,702070386,1.0,1.0,1.0,2.0,8.0,8.0,8.0,A religious person,4.0,Female,1998.0,22.0,Single,Student
SGP,702070387,1.0,2.0,1.0,1.0,5.0,7.0,1.0,A religious person,5.0,Male,1986.0,33.0,Married,Unemployed
SGP,702070388,1.0,3.0,2.0,1.0,10.0,8.0,1.0,Not a religious person,1.0,Female,1991.0,29.0,Married,Homemaker not otherwise employed
SGP,702070389,1.0,1.0,1.0,1.0,7.0,7.0,6.0,A religious person,5.0,Female,1963.0,56.0,Married,Homemaker not otherwise employed
SGP,702070390,2.0,2.0,2.0,2.0,6.0,6.0,6.0,Not a religious person,6.0,Male,1995.0,24.0,Single,Other
SGP,702070391,1.0,2.0,2.0,2.0,6.0,7.0,6.0,An atheist,1.0,Female,1983.0,37.0,Married,Full time
SGP,702070392,1.0,1.0,2.0,3.0,6.0,5.0,6.0,A religious person,8.0,Female,1946.0,73.0,Married,Retired/pensioned
SGP,702070393,1.0,2.0,2.0,1.0,3.0,8.0,8.0,A religious person,10.0,Male,1942.0,77.0,Married,Retired/pensioned
SGP,702070394,1.0,2.0,2.0,1.0,10.0,7.0,9.0,A religious person,5.0,Female,1976.0,44.0,Single,Part time
SGP,702070395,1.0,2.0,2.0,2.0,7.0,7.0,10.0,A religious person,5.0,Female,1958.0,61.0,Single,Full time
SGP,702070396,1.0,2.0,4.0,4.0,2.0,1.0,2.0,A religious person,9.0,Female,1937.0,82.0,Widowed,Homemaker not otherwise employed
SGP,702070397,1.0,1.0,1.0,1.0,9.0,8.0,8.0,An atheist,10.0,Female,1970.0,49.0,Married,Homemaker not otherwise employed
SGP,702070398,1.0,2.0,2.0,2.0,8.0,8.0,8.0,,9.0,Female,1968.0,51.0,Divorced,Self employed
SGP,702070399,1.0,2.0,2.0,2.0,8.0,7.0,8.0,Not a religious person,,Female,1989.0,31.0,Single,Full time
SGP,702070400,1.0,1.0,2.0,2.0,7.0,7.0,5.0,An atheist,5.0,Male,1995.0,24.0,Single,Unemployed
SGP,702070401,1.0,1.0,2.0,1.0,7.0,6.0,3.0,Not a religious person,4.0,Female,1996.0,24.0,Single,Full time
SGP,702070402,1.0,1.0,1.0,1.0,10.0,10.0,5.0,A religious person,5.0,Male,1963.0,56.0,Widowed,Part time
SGP,702070403,1.0,2.0,2.0,2.0,7.0,8.0,6.0,A religious person,,Female,1937.0,82.0,Widowed,Retired/pensioned
SGP,702070404,1.0,2.0,2.0,1.0,7.0,3.0,7.0,A religious person,5.0,Female,1980.0,40.0,Married,Full time
SGP,702070405,1.0,1.0,2.0,1.0,5.0,8.0,8.0,A religious person,6.0,Female,1949.0,70.0,Widowed,Retired/pensioned
SGP,702070406,1.0,1.0,1.0,2.0,7.0,6.0,7.0,A religious person,6.0,Male,1990.0,30.0,Married,Full time
SGP,702070407,1.0,1.0,1.0,2.0,7.0,7.0,5.0,A religious person,4.0,Female,1987.0,33.0,Single,Full time
SGP,702070408,1.0,2.0,2.0,1.0,8.0,8.0,8.0,Not a religious person,5.0,Female,1969.0,50.0,Single,Full time
SGP,702070409,1.0,2.0,3.0,2.0,8.0,8.0,8.0,An atheist,6.0,Female,1975.0,44.0,Married,Full time
SGP,702070410,1.0,4.0,2.0,4.0,2.0,6.0,9.0,A religious person,10.0,Female,1935.0,84.0,Widowed,Retired/pensioned
SGP,702070411,1.0,2.0,2.0,2.0,8.0,8.0,9.0,A religious person,6.0,Male,1978.0,42.0,Married,Full time
SGP,702070412,1.0,2.0,3.0,1.0,8.0,10.0,8.0,A religious person,10.0,Male,1971.0,49.0,Married,Full time
SGP,702070413,1.0,2.0,2.0,2.0,8.0,7.0,7.0,Not a religious person,9.0,Male,1991.0,28.0,Single,Full time
SGP,702070414,1.0,2.0,2.0,4.0,7.0,7.0,8.0,A religious person,3.0,Female,1967.0,52.0,Married,Homemaker not otherwise employed
SGP,702070415,1.0,1.0,2.0,1.0,9.0,7.0,8.0,A religious person,4.0,Male,1997.0,22.0,Single,Student
SGP,702070416,1.0,1.0,1.0,3.0,10.0,10.0,10.0,A religious person,3.0,Female,1942.0,78.0,Divorced,Retired/pensioned
SGP,702070417,1.0,1.0,2.0,2.0,8.0,6.0,6.0,A religious person,8.0,Female,1935.0,84.0,Widowed,Retired/pensioned
SGP,702070418,1.0,1.0,1.0,1.0,8.0,10.0,10.0,A religious person,3.0,Female,1958.0,61.0,Married,Retired/pensioned
SGP,702070419,1.0,1.0,1.0,2.0,5.0,5.0,6.0,,4.0,Female,1990.0,29.0,Single,Full time
SGP,702070420,1.0,2.0,2.0,1.0,7.0,7.0,7.0,Not a religious person,2.0,Female,1957.0,62.0,Single,Full time
SGP,702070421,1.0,1.0,2.0,1.0,7.0,8.0,8.0,A religious person,4.0,Female,1982.0,38.0,Married,Full time
SGP,702070422,1.0,1.0,1.0,1.0,10.0,10.0,10.0,An atheist,2.0,Female,1937.0,82.0,Widowed,Self employed
SGP,702070423,1.0,2.0,4.0,1.0,2.0,3.0,2.0,Not a religious person,5.0,Male,1989.0,30.0,Married,Full time
SGP,702070424,1.0,1.0,2.0,2.0,7.0,7.0,7.0,Not a religious person,1.0,Male,1998.0,21.0,Single,Other
SGP,702070425,1.0,2.0,2.0,2.0,6.0,8.0,9.0,An atheist,3.0,Female,1971.0,48.0,Married,Full time
SGP,702070426,1.0,2.0,2.0,2.0,8.0,8.0,8.0,A religious person,8.0,Female,1961.0,59.0,Divorced,Part time
SGP,702070427,2.0,2.0,2.0,2.0,2.0,1.0,1.0,Not a religious person,7.0,Male,1950.0,69.0,Married,Unemployed
SGP,702070428,1.0,2.0,1.0,1.0,6.0,8.0,8.0,A religious person,7.0,Male,1952.0,67.0,Married,Full time
SGP,702070429,1.0,2.0,3.0,1.0,4.0,9.0,6.0,Not a religious person,7.0,Male,1987.0,33.0,Married,Full time
SGP,702070430,1.0,2.0,3.0,1.0,3.0,10.0,6.0,A religious person,2.0,Male,1971.0,48.0,Married,Full time
SGP,702070431,1.0,2.0,2.0,2.0,8.0,8.0,10.0,Not a religious person,2.0,Male,1974.0,45.0,Married,Full time
SGP,702070432,1.0,3.0,1.0,1.0,5.0,7.0,6.0,Not a religious person,3.0,Female,1982.0,37.0,Single,Part time
SGP,702070433,1.0,2.0,2.0,3.0,7.0,4.0,4.0,A religious person,4.0,Male,1958.0,62.0,Single,Unemployed
SGP,702070434,1.0,1.0,1.0,1.0,5.0,10.0,5.0,A religious person,5.0,Female,1979.0,40.0,Married,Full time
SGP,702070435,1.0,1.0,2.0,1.0,5.0,1.0,1.0,A religious person,5.0,Male,1977.0,42.0,Married,Full time
SGP,702070436,1.0,3.0,2.0,1.0,2.0,2.0,2.0,A religious person,,Male,1953.0,66.0,Divorced,Full time
SGP,702070437,1.0,1.0,2.0,2.0,9.0,6.0,5.0,A religious person,6.0,Male,1962.0,57.0,Married,Self employed
SGP,702070438,1.0,1.0,3.0,1.0,8.0,8.0,6.0,An atheist,2.0,Female,1966.0,53.0,Married,Full time
SGP,702070439,1.0,1.0,2.0,2.0,5.0,5.0,5.0,A religious person,5.0,Female,1973.0,47.0,Married,Homemaker not otherwise employed
SGP,702070440,1.0,3.0,3.0,1.0,7.0,8.0,8.0,A religious person,6.0,Male,1977.0,42.0,Married,Full time
SGP,702070441,1.0,1.0,2.0,1.0,7.0,6.0,4.0,A religious person,6.0,Female,1959.0,60.0,Married,Retired/pensioned
SGP,702070442,1.0,2.0,1.0,2.0,5.0,5.0,5.0,Not a religious person,3.0,Female,1998.0,22.0,Single,Full time
SGP,702070443,1.0,1.0,1.0,1.0,7.0,7.0,6.0,Not a religious person,5.0,Male,1988.0,32.0,Single,Self employed
SGP,702070444,1.0,2.0,2.0,2.0,6.0,5.0,5.0,A religious person,5.0,Male,1965.0,54.0,Married,Self employed
SGP,702070445,1.0,1.0,2.0,2.0,8.0,8.0,7.0,An atheist,5.0,Female,1975.0,44.0,Single,Part time
SGP,702070446,2.0,4.0,2.0,1.0,10.0,7.0,7.0,Not a religious person,6.0,Male,1974.0,46.0,Married,Full time
SGP,702070447,1.0,2.0,1.0,1.0,8.0,8.0,7.0,A religious person,5.0,Female,1974.0,45.0,Single,Full time
SGP,702070448,1.0,1.0,1.0,2.0,9.0,8.0,8.0,An atheist,4.0,Female,1977.0,42.0,Single,Full time
SGP,702070449,2.0,3.0,2.0,2.0,7.0,7.0,7.0,A religious person,5.0,Female,1965.0,54.0,Single,Unemployed
SGP,702070450,1.0,1.0,2.0,1.0,9.0,9.0,9.0,A religious person,3.0,Male,1989.0,31.0,Single,Unemployed
SGP,702070451,1.0,2.0,2.0,1.0,8.0,8.0,7.0,A religious person,5.0,Male,1989.0,30.0,Married,Full time
SGP,702070452,1.0,1.0,2.0,2.0,8.0,7.0,8.0,Not a religious person,5.0,Female,1977.0,43.0,Married,Full time
SGP,702070453,1.0,2.0,3.0,2.0,8.0,6.0,8.0,A religious person,5.0,Male,1965.0,54.0,Married,Part time
SGP,702070454,1.0,1.0,3.0,2.0,8.0,7.0,6.0,A religious person,6.0,Female,1980.0,40.0,Married,Part time
SGP,702070455,1.0,1.0,2.0,2.0,7.0,3.0,3.0,Not a religious person,8.0,Male,1987.0,33.0,Married,Full time
SGP,702070456,1.0,2.0,2.0,1.0,8.0,7.0,5.0,Not a religious person,3.0,Female,1987.0,32.0,Married,Full time
SGP,702070457,1.0,1.0,1.0,2.0,7.0,8.0,8.0,Not a religious person,5.0,Male,1996.0,24.0,Single,Student
SGP,702070458,1.0,2.0,3.0,2.0,8.0,8.0,7.0,A religious person,4.0,Male,1972.0,48.0,Married,Full time
SGP,702070459,1.0,2.0,1.0,1.0,6.0,7.0,6.0,A religious person,4.0,Male,1954.0,65.0,Married,Part time
SGP,702070460,1.0,2.0,2.0,2.0,8.0,7.0,7.0,A religious person,5.0,Female,1995.0,25.0,Single,Full time
SGP,702070461,1.0,2.0,2.0,3.0,7.0,7.0,7.0,A religious person,9.0,Female,1972.0,47.0,Single,Full time
SGP,702070462,1.0,1.0,2.0,2.0,8.0,8.0,8.0,A religious person,,Female,1962.0,58.0,Married,Full time
SGP,702070463,1.0,2.0,1.0,2.0,8.0,7.0,6.0,Not a religious person,4.0,Female,1988.0,31.0,Single,Full time
SGP,702070464,1.0,1.0,1.0,1.0,8.0,8.0,8.0,A religious person,5.0,Female,1978.0,41.0,Single,Full time
SGP,702070465,1.0,2.0,3.0,2.0,7.0,7.0,7.0,A religious person,5.0,Female,1970.0,49.0,Married,Full time
SGP,702070466,1.0,2.0,2.0,2.0,8.0,9.0,8.0,A religious person,,Female,1955.0,64.0,Divorced,Part time
SGP,702070467,1.0,2.0,3.0,3.0,9.0,9.0,7.0,A religious person,,Female,1977.0,42.0,Married,Part time
SGP,702070468,1.0,2.0,3.0,2.0,6.0,9.0,7.0,A religious person,,Female,1961.0,58.0,Married,Homemaker not otherwise employed
SGP,702070469,1.0,2.0,2.0,1.0,6.0,6.0,5.0,A religious person,6.0,Male,1961.0,58.0,Married,Full time
SGP,702070470,1.0,2.0,3.0,2.0,5.0,3.0,8.0,Not a religious person,5.0,Female,1988.0,31.0,Married,Part time
SGP,702070471,1.0,1.0,2.0,2.0,8.0,8.0,8.0,A religious person,7.0,Female,1951.0,68.0,Single,Full time
SGP,702070472,1.0,1.0,1.0,1.0,8.0,8.0,8.0,A religious person,9.0,Male,1977.0,42.0,Married,Full time
SGP,702070473,1.0,3.0,3.0,2.0,8.0,6.0,6.0,A religious person,6.0,Female,1961.0,58.0,Married,Full time
SGP,702070474,1.0,2.0,2.0,1.0,6.0,6.0,6.0,A religious person,6.0,Male,1972.0,47.0,Single,Self employed
SGP,702070475,1.0,2.0,2.0,3.0,7.0,7.0,8.0,A religious person,7.0,Male,1988.0,32.0,Married,Full time
SGP,702070476,2.0,2.0,1.0,2.0,10.0,9.0,8.0,A religious person,5.0,Female,1991.0,28.0,Married,Full time
SGP,702070477,1.0,1.0,1.0,1.0,8.0,9.0,7.0,A religious person,5.0,Female,1984.0,35.0,Married,Homemaker not otherwise employed
SGP,702070478,1.0,1.0,2.0,2.0,7.0,8.0,8.0,A religious person,6.0,Female,1982.0,38.0,Living together as married,Full time
SGP,702070479,1.0,2.0,2.0,1.0,7.0,7.0,7.0,A religious person,5.0,Male,1961.0,59.0,Married,Full time
SGP,702070480,1.0,1.0,3.0,1.0,8.0,10.0,7.0,An atheist,5.0,Male,1996.0,23.0,Single,Full time
SGP,702070481,1.0,1.0,3.0,3.0,7.0,7.0,7.0,A religious person,6.0,Male,1952.0,68.0,Married,Retired/pensioned
SGP,702070482,1.0,1.0,2.0,2.0,10.0,8.0,8.0,Not a religious person,5.0,Female,1985.0,34.0,Single,Full time
SGP,702070483,1.0,2.0,3.0,3.0,10.0,10.0,6.0,An atheist,5.0,Female,1972.0,47.0,Married,Full time
SGP,702070484,1.0,2.0,2.0,3.0,10.0,8.0,7.0,Not a religious person,5.0,Male,1944.0,75.0,Married,Retired/pensioned
SGP,702070485,1.0,2.0,2.0,2.0,6.0,7.0,6.0,A religious person,6.0,Male,1961.0,59.0,Married,Full time
SGP,702070486,1.0,1.0,2.0,4.0,8.0,8.0,6.0,A religious person,6.0,Female,1950.0,70.0,Married,Homemaker not otherwise employed
SGP,702070487,1.0,1.0,1.0,3.0,8.0,9.0,7.0,Not a religious person,7.0,Female,1977.0,43.0,Married,Full time
SGP,702070488,2.0,2.0,2.0,2.0,4.0,4.0,3.0,A religious person,,Male,1997.0,23.0,Single,Part time
SGP,702070489,1.0,2.0,2.0,1.0,8.0,5.0,5.0,Not a religious person,5.0,Female,1979.0,41.0,Married,Full time
SGP,702070490,1.0,2.0,1.0,1.0,7.0,8.0,8.0,Not a religious person,5.0,Female,1972.0,48.0,Married,Full time
SGP,702070491,1.0,2.0,2.0,2.0,7.0,7.0,10.0,An atheist,6.0,Male,1950.0,69.0,Married,Retired/pensioned
SGP,702070492,1.0,2.0,2.0,2.0,7.0,7.0,7.0,Not a religious person,7.0,Female,1993.0,26.0,Single,Student
SGP,702070493,1.0,1.0,2.0,1.0,8.0,8.0,8.0,A religious person,5.0,Male,1967.0,52.0,Married,Self employed
SGP,702070494,1.0,3.0,4.0,1.0,7.0,7.0,7.0,A religious person,5.0,Male,1959.0,61.0,Married,Unemployed
SGP,702070495,1.0,2.0,1.0,1.0,8.0,9.0,8.0,Not a religious person,5.0,Male,1968.0,52.0,Divorced,Full time
SGP,702070496,1.0,1.0,1.0,1.0,7.0,7.0,7.0,A religious person,6.0,Male,1986.0,34.0,Married,Full time
SGP,702070497,1.0,1.0,2.0,2.0,8.0,7.0,7.0,Not a religious person,6.0,Female,1989.0,31.0,Married,Homemaker not otherwise employed
SGP,702070498,1.0,1.0,2.0,4.0,7.0,7.0,7.0,Not a religious person,6.0,Female,1948.0,72.0,Married,Homemaker not otherwise employed
SGP,702070499,2.0,2.0,3.0,3.0,7.0,7.0,7.0,Not a religious person,4.0,Female,1977.0,43.0,Single,Full time
SGP,702070500,1.0,2.0,3.0,4.0,7.0,7.0,7.0,A religious person,6.0,Female,1941.0,79.0,Widowed,Homemaker not otherwise employed
SGP,702070501,1.0,3.0,1.0,3.0,5.0,8.0,8.0,A religious person,7.0,Female,1961.0,58.0,Married,Homemaker not otherwise employed
SGP,702070502,1.0,2.0,2.0,2.0,7.0,7.0,7.0,A religious person,5.0,Male,1987.0,32.0,Single,Self employed
SGP,702070503,1.0,1.0,2.0,1.0,7.0,7.0,7.0,A religious person,7.0,Male,1980.0,39.0,Single,Part time
SGP,702070504,1.0,2.0,2.0,2.0,10.0,8.0,7.0,Not a religious person,5.0,Male,1994.0,25.0,Married,Full time
SGP,702070505,1.0,3.0,4.0,2.0,8.0,7.0,7.0,Not a religious person,5.0,Male,1971.0,48.0,Married,Full time
SGP,702070506,1.0,2.0,2.0,1.0,7.0,7.0,7.0,A religious person,6.0,Male,1956.0,64.0,Married,Full time
SGP,702070507,1.0,1.0,1.0,1.0,9.0,9.0,9.0,A religious person,5.0,Female,1956.0,63.0,Married,Retired/pensioned
SGP,702070508,1.0,1.0,1.0,2.0,6.0,8.0,8.0,A religious person,5.0,Female,1953.0,66.0,Single,Part time
SGP,702070509,1.0,2.0,2.0,3.0,10.0,7.0,8.0,A religious person,6.0,Female,1955.0,64.0,Married,Homemaker not otherwise employed
SGP,702070510,1.0,2.0,1.0,2.0,1.0,10.0,5.0,A religious person,5.0,Male,1953.0,66.0,Single,Retired/pensioned
SGP,702070511,1.0,1.0,2.0,2.0,8.0,8.0,8.0,A religious person,6.0,Male,1940.0,79.0,Married,Retired/pensioned
SGP,702070512,1.0,2.0,3.0,2.0,7.0,7.0,7.0,A religious person,7.0,Male,1974.0,45.0,Married,Full time
SGP,702070513,1.0,2.0,1.0,2.0,5.0,7.0,7.0,A religious person,5.0,Male,1988.0,31.0,Single,Full time
SGP,702070514,1.0,1.0,1.0,2.0,6.0,5.0,3.0,A religious person,6.0,Female,1984.0,35.0,Single,Full time
SGP,702070515,3.0,2.0,2.0,2.0,8.0,8.0,4.0,A religious person,8.0,Female,1956.0,63.0,Single,Retired/pensioned
SGP,702070516,1.0,4.0,3.0,2.0,6.0,8.0,6.0,A religious person,7.0,Male,1962.0,57.0,Single,Full time
SGP,702070517,2.0,2.0,2.0,1.0,6.0,8.0,5.0,Not a religious person,6.0,Female,1975.0,44.0,Separated,Self employed
SGP,702070518,1.0,1.0,1.0,1.0,8.0,8.0,8.0,Not a religious person,3.0,Female,1990.0,29.0,Single,Full time
SGP,702070519,1.0,3.0,3.0,1.0,5.0,7.0,7.0,A religious person,8.0,Female,1966.0,53.0,Divorced,Full time
SGP,702070520,1.0,2.0,1.0,1.0,1.0,1.0,1.0,Not a religious person,10.0,Female,1992.0,27.0,Divorced,Full time
SGP,702070521,1.0,2.0,2.0,1.0,9.0,10.0,5.0,A religious person,5.0,Male,1994.0,25.0,Single,Other
SGP,702070522,1.0,1.0,1.0,1.0,8.0,8.0,3.0,A religious person,5.0,Male,1984.0,36.0,Married,Full time
SGP,702070523,1.0,3.0,3.0,2.0,5.0,7.0,6.0,Not a religious person,5.0,Male,1955.0,65.0,Married,Full time
SGP,702070524,1.0,1.0,1.0,2.0,3.0,5.0,7.0,Not a religious person,7.0,Male,1990.0,30.0,Married,Full time
SGP,702070525,1.0,2.0,2.0,3.0,7.0,7.0,8.0,Not a religious person,5.0,Female,1986.0,34.0,Married,Full time
SGP,702070526,1.0,1.0,1.0,4.0,6.0,6.0,5.0,Not a religious person,7.0,Male,1959.0,61.0,Married,Unemployed
SGP,702070527,1.0,2.0,1.0,2.0,6.0,6.0,7.0,Not a religious person,5.0,Female,1996.0,23.0,Single,Unemployed
SGP,702070528,1.0,1.0,2.0,2.0,6.0,7.0,4.0,Not a religious person,5.0,Male,1971.0,48.0,Married,Full time
SGP,702070529,1.0,1.0,2.0,1.0,10.0,8.0,5.0,A religious person,,Male,1994.0,26.0,Single,Full time
SGP,702070530,1.0,1.0,2.0,3.0,10.0,10.0,7.0,A religious person,,Female,1987.0,33.0,Married,Homemaker not otherwise employed
SGP,702070531,1.0,2.0,1.0,1.0,10.0,10.0,5.0,A religious person,,Female,1969.0,51.0,Married,Part time
SGP,702070532,1.0,1.0,2.0,2.0,8.0,10.0,9.0,A religious person,,Male,1990.0,30.0,Single,Full time
SGP,702070533,1.0,3.0,3.0,1.0,8.0,8.0,6.0,Not a religious person,4.0,Female,1987.0,32.0,Single,Full time
SGP,702070534,1.0,1.0,2.0,2.0,8.0,8.0,7.0,A religious person,5.0,Female,1981.0,38.0,Single,Full time
SGP,702070535,1.0,1.0,2.0,2.0,6.0,7.0,8.0,A religious person,6.0,Male,1992.0,27.0,Single,Full time
SGP,702070536,1.0,3.0,1.0,1.0,5.0,5.0,5.0,A religious person,,Male,1957.0,63.0,Single,Part time
SGP,702070537,1.0,1.0,2.0,1.0,10.0,8.0,9.0,A religious person,,Male,1996.0,24.0,Single,Unemployed
SGP,702070538,1.0,2.0,1.0,1.0,5.0,5.0,5.0,A religious person,,Male,1966.0,54.0,Single,Part time
SGP,702070539,1.0,2.0,2.0,1.0,9.0,8.0,8.0,A religious person,,Male,1958.0,62.0,Single,Full time
SGP,702070540,1.0,2.0,2.0,3.0,10.0,10.0,10.0,A religious person,8.0,Female,1950.0,69.0,Married,Homemaker not otherwise employed
SGP,702070541,1.0,2.0,2.0,2.0,9.0,9.0,10.0,A religious person,8.0,Male,1950.0,69.0,Married,Self employed
SGP,702070542,1.0,3.0,2.0,1.0,8.0,8.0,10.0,Not a religious person,10.0,Male,1984.0,35.0,Single,Self employed
SGP,702070543,1.0,2.0,3.0,4.0,6.0,7.0,6.0,A religious person,,Male,1946.0,74.0,Widowed,Retired/pensioned
SGP,702070544,1.0,2.0,1.0,1.0,6.0,6.0,5.0,A religious person,6.0,Male,1965.0,55.0,Married,Full time
SGP,702070545,1.0,1.0,1.0,2.0,7.0,6.0,8.0,A religious person,7.0,Male,1961.0,59.0,Married,Full time
SGP,702070546,1.0,1.0,1.0,2.0,7.0,7.0,7.0,A religious person,6.0,Female,1963.0,57.0,Married,Full time
SGP,702070547,1.0,1.0,1.0,2.0,10.0,10.0,8.0,An atheist,5.0,Female,1969.0,50.0,Married,Part time
SGP,702070548,1.0,2.0,2.0,1.0,7.0,8.0,7.0,An atheist,7.0,Male,1980.0,39.0,Single,Full time
SGP,702070549,1.0,1.0,3.0,3.0,7.0,8.0,8.0,A religious person,5.0,Female,1942.0,78.0,Widowed,Homemaker not otherwise employed
SGP,702070550,1.0,2.0,2.0,2.0,8.0,8.0,8.0,Not a religious person,6.0,Female,1980.0,40.0,Married,Full time
SGP,702070551,1.0,1.0,1.0,2.0,5.0,5.0,5.0,A religious person,,Female,1994.0,26.0,Single,Full time
SGP,702070552,1.0,1.0,1.0,2.0,8.0,6.0,8.0,Not a religious person,8.0,Male,1974.0,45.0,Living together as married,Full time
SGP,702070553,1.0,1.0,2.0,2.0,8.0,8.0,8.0,A religious person,2.0,Male,1997.0,22.0,Single,Other
SGP,702070554,1.0,1.0,1.0,1.0,10.0,9.0,8.0,Not a religious person,6.0,Female,1974.0,45.0,Married,Self employed
SGP,702070555,1.0,1.0,1.0,1.0,10.0,10.0,10.0,A religious person,4.0,Male,1965.0,54.0,Divorced,Full time
SGP,702070556,1.0,2.0,2.0,1.0,5.0,9.0,5.0,A religious person,4.0,Female,1962.0,57.0,Divorced,Homemaker not otherwise employed
SGP,702070557,1.0,2.0,2.0,2.0,7.0,7.0,7.0,A religious person,4.0,Male,1966.0,54.0,Married,Full time
SGP,702070558,1.0,2.0,2.0,2.0,7.0,7.0,7.0,A religious person,7.0,Male,1959.0,61.0,Married,Full time
SGP,702070559,1.0,1.0,2.0,2.0,6.0,8.0,6.0,A religious person,5.0,Female,1954.0,65.0,Married,Part time
SGP,702070560,1.0,2.0,3.0,3.0,7.0,7.0,7.0,A religious person,7.0,Female,1970.0,50.0,Married,Full time
SGP,702070561,1.0,1.0,1.0,2.0,7.0,8.0,7.0,Not a religious person,3.0,Female,1972.0,47.0,Single,Full time
SGP,702070562,2.0,2.0,3.0,1.0,10.0,10.0,10.0,A religious person,,Female,1943.0,76.0,Widowed,Retired/pensioned
SGP,702070563,1.0,1.0,2.0,4.0,7.0,7.0,7.0,A religious person,6.0,Female,1944.0,76.0,Widowed,Retired/pensioned
SGP,702070564,1.0,2.0,3.0,4.0,6.0,5.0,5.0,A religious person,5.0,Female,1945.0,75.0,Single,Retired/pensioned
SGP,702070565,1.0,1.0,2.0,3.0,7.0,7.0,7.0,A religious person,7.0,Female,1958.0,61.0,Single,Part time
SGP,702070566,1.0,2.0,2.0,2.0,9.0,6.0,5.0,A religious person,5.0,Female,1978.0,41.0,Married,Homemaker not otherwise employed
SGP,702070567,1.0,1.0,1.0,1.0,5.0,4.0,3.0,A religious person,10.0,Male,1980.0,39.0,Separated,Unemployed
SGP,702070568,1.0,2.0,2.0,2.0,8.0,8.0,8.0,A religious person,8.0,Male,1953.0,66.0,Married,Part time
SGP,702070569,1.0,1.0,1.0,4.0,9.0,10.0,10.0,An atheist,5.0,Male,1945.0,74.0,Married,Retired/pensioned
SGP,702070570,1.0,2.0,2.0,4.0,5.0,5.0,5.0,An atheist,5.0,Female,1980.0,39.0,Married,Homemaker not otherwise employed
SGP,702070571,3.0,3.0,3.0,3.0,8.0,8.0,8.0,Not a religious person,6.0,Male,1947.0,72.0,Married,Retired/pensioned
SGP,702070572,1.0,3.0,1.0,4.0,9.0,9.0,1.0,Not a religious person,8.0,Male,1959.0,60.0,Living together as married,Unemployed
SGP,702070573,1.0,2.0,2.0,2.0,9.0,8.0,8.0,A religious person,7.0,Female,1989.0,30.0,Single,Full time
SGP,702070574,1.0,2.0,1.0,3.0,7.0,7.0,7.0,Not a religious person,5.0,Male,1958.0,62.0,Married,Full time
SGP,702070575,1.0,1.0,1.0,2.0,8.0,8.0,8.0,A religious person,7.0,Female,1987.0,33.0,Married,Full time
SGP,702070576,2.0,2.0,2.0,2.0,6.0,5.0,3.0,Not a religious person,6.0,Female,1958.0,61.0,Divorced,Part time
SGP,702070577,1.0,2.0,2.0,1.0,8.0,8.0,7.0,A religious person,5.0,Female,1984.0,36.0,Married,Full time
SGP,702070578,1.0,2.0,1.0,1.0,9.0,9.0,5.0,A religious person,3.0,Female,1960.0,59.0,Married,Part time
SGP,702070579,1.0,2.0,1.0,2.0,7.0,7.0,8.0,A religious person,6.0,Female,1994.0,26.0,Single,Full time
SGP,702070580,1.0,1.0,2.0,4.0,5.0,8.0,7.0,Not a religious person,5.0,Male,1953.0,67.0,Married,Retired/pensioned
SGP,702070581,1.0,2.0,2.0,2.0,9.0,10.0,10.0,A religious person,3.0,Female,1948.0,71.0,Married,Retired/pensioned
SGP,702070582,1.0,2.0,1.0,3.0,7.0,6.0,8.0,Not a religious person,,Female,1994.0,25.0,Single,Full time
SGP,702070583,1.0,1.0,1.0,2.0,5.0,5.0,5.0,A religious person,,Male,1998.0,22.0,Single,Full time
SGP,702070584,1.0,1.0,2.0,1.0,6.0,5.0,3.0,Not a religious person,3.0,Female,1995.0,24.0,Single,Full time
SGP,702070585,1.0,1.0,1.0,1.0,10.0,10.0,10.0,A religious person,-2.0,Male,1980.0,39.0,Married,Full time
SGP,702070586,3.0,3.0,2.0,3.0,6.0,6.0,4.0,An atheist,6.0,Male,1990.0,29.0,Single,Full time
SGP,702070587,1.0,2.0,2.0,2.0,8.0,9.0,7.0,,,Male,1990.0,29.0,Single,Full time
SGP,702070588,1.0,2.0,1.0,3.0,,8.0,10.0,A religious person,8.0,Female,1958.0,62.0,Widowed,Retired/pensioned
SGP,702070589,1.0,2.0,2.0,2.0,6.0,6.0,6.0,A religious person,,Female,1956.0,64.0,Married,Retired/pensioned
SGP,702070590,1.0,1.0,2.0,2.0,8.0,7.0,7.0,A religious person,3.0,Female,1996.0,24.0,Single,Student
SGP,702070591,1.0,2.0,2.0,2.0,8.0,7.0,8.0,A religious person,8.0,Male,1997.0,22.0,Single,Student
SGP,702070592,2.0,2.0,2.0,2.0,10.0,10.0,10.0,Not a religious person,7.0,Male,1988.0,31.0,Single,Full time
SGP,702070593,1.0,1.0,2.0,1.0,6.0,8.0,7.0,Not a religious person,8.0,Male,1952.0,67.0,Married,Retired/pensioned
SGP,702070594,1.0,2.0,2.0,2.0,8.0,8.0,8.0,A religious person,5.0,Female,1961.0,58.0,Married,Part time
SGP,702070595,1.0,1.0,1.0,4.0,6.0,8.0,9.0,A religious person,8.0,Female,1964.0,56.0,Married,Homemaker not otherwise employed
SGP,702070596,1.0,2.0,2.0,2.0,7.0,6.0,7.0,A religious person,4.0,Female,1949.0,71.0,Married,Part time
SGP,702070597,1.0,2.0,2.0,3.0,8.0,8.0,8.0,A religious person,5.0,Female,1961.0,58.0,Married,Homemaker not otherwise employed
SGP,702070598,1.0,1.0,1.0,2.0,8.0,8.0,8.0,A religious person,6.0,Male,1959.0,61.0,Married,Full time
SGP,702070599,1.0,2.0,2.0,2.0,10.0,8.0,8.0,A religious person,5.0,Female,1977.0,42.0,Married,Full time
SGP,702070600,1.0,1.0,2.0,3.0,7.0,7.0,6.0,A religious person,5.0,Female,1949.0,70.0,Married,Homemaker not otherwise employed
SGP,702070601,1.0,2.0,1.0,3.0,7.0,7.0,4.0,An atheist,6.0,Male,1965.0,54.0,Married,Self employed
SGP,702070602,1.0,1.0,1.0,3.0,8.0,8.0,8.0,A religious person,5.0,Female,1942.0,77.0,Married,Retired/pensioned
SGP,702070603,1.0,2.0,3.0,1.0,7.0,8.0,7.0,Not a religious person,5.0,Female,1977.0,42.0,Married,Full time
SGP,702070604,1.0,2.0,2.0,2.0,5.0,5.0,5.0,A religious person,,Female,1991.0,29.0,Married,Full time
SGP,702070605,1.0,1.0,1.0,3.0,8.0,8.0,8.0,A religious person,7.0,Female,1961.0,58.0,Married,Retired/pensioned
SGP,702070606,1.0,2.0,3.0,4.0,10.0,9.0,10.0,A religious person,10.0,Male,1947.0,73.0,Married,Self employed
SGP,702070607,1.0,2.0,2.0,2.0,4.0,7.0,6.0,A religious person,5.0,Female,1944.0,76.0,Married,Self employed
SGP,702070608,1.0,1.0,2.0,3.0,9.0,9.0,9.0,A religious person,8.0,Male,1953.0,67.0,Married,Retired/pensioned
SGP,702070609,1.0,1.0,1.0,2.0,7.0,7.0,7.0,Not a religious person,5.0,Female,1978.0,41.0,Single,Full time
SGP,702070610,1.0,2.0,2.0,1.0,7.0,7.0,4.0,Not a religious person,,Male,1962.0,58.0,Married,Full time
SGP,702070611,1.0,2.0,2.0,2.0,10.0,7.0,5.0,A religious person,2.0,Female,1980.0,40.0,Married,Full time
SGP,702070612,1.0,1.0,2.0,2.0,10.0,10.0,10.0,A religious person,5.0,Female,1968.0,52.0,Married,Self employed
SGP,702070613,1.0,1.0,1.0,2.0,10.0,7.0,4.0,A religious person,10.0,Female,1953.0,66.0,Single,Full time
SGP,702070614,1.0,2.0,2.0,1.0,8.0,8.0,8.0,A religious person,5.0,Male,1981.0,38.0,Married,Full time
SGP,702070615,1.0,1.0,1.0,2.0,8.0,7.0,9.0,,,Female,1982.0,38.0,Single,Full time
SGP,702070616,1.0,2.0,2.0,2.0,4.0,4.0,5.0,A religious person,5.0,Male,1953.0,66.0,Married,Retired/pensioned
SGP,702070617,1.0,1.0,1.0,3.0,8.0,8.0,7.0,A religious person,4.0,Male,1964.0,55.0,Married,Full time
SGP,702070618,1.0,1.0,1.0,1.0,4.0,5.0,3.0,A religious person,3.0,Male,1968.0,51.0,Married,Full time
SGP,702070619,1.0,1.0,1.0,2.0,3.0,5.0,3.0,A religious person,-2.0,Female,1973.0,47.0,Married,Homemaker not otherwise employed
SGP,702070620,1.0,1.0,1.0,1.0,10.0,9.0,8.0,An atheist,7.0,Male,1960.0,59.0,Married,Self employed
SGP,702070621,1.0,1.0,2.0,1.0,5.0,5.0,5.0,Not a religious person,,Male,1990.0,30.0,Single,Self employed
SGP,702070622,1.0,2.0,2.0,1.0,10.0,7.0,7.0,Not a religious person,5.0,Male,1989.0,30.0,Single,Full time
SGP,702070623,1.0,3.0,1.0,4.0,8.0,8.0,8.0,Not a religious person,6.0,Female,1976.0,43.0,Married,Homemaker not otherwise employed
SGP,702070624,1.0,1.0,2.0,1.0,8.0,8.0,7.0,An atheist,,Male,1982.0,37.0,Married,Full time
SGP,702070625,1.0,1.0,2.0,2.0,7.0,6.0,7.0,Not a religious person,5.0,Male,1992.0,27.0,Single,Unemployed
SGP,702070626,1.0,1.0,2.0,2.0,5.0,6.0,6.0,A religious person,4.0,Female,1959.0,60.0,Married,Homemaker not otherwise employed
SGP,702070627,1.0,2.0,2.0,2.0,7.0,7.0,7.0,A religious person,6.0,Female,1981.0,38.0,Married,Homemaker not otherwise employed
SGP,702070628,1.0,1.0,1.0,2.0,7.0,7.0,4.0,Not a religious person,6.0,Male,1993.0,26.0,Single,Unemployed
SGP,702070629,1.0,1.0,1.0,1.0,3.0,2.0,1.0,A religious person,5.0,Female,1993.0,26.0,Single,Full time
SGP,702070630,1.0,2.0,2.0,2.0,8.0,8.0,8.0,A religious person,4.0,Male,1970.0,49.0,Married,Full time
SGP,702070631,1.0,1.0,1.0,1.0,5.0,4.0,6.0,A religious person,5.0,Female,1972.0,47.0,Married,Full time
SGP,702070632,1.0,1.0,1.0,1.0,5.0,4.0,5.0,Not a religious person,6.0,Female,1972.0,47.0,Married,Full time
SGP,702070633,1.0,1.0,1.0,1.0,5.0,5.0,6.0,A religious person,6.0,Male,1954.0,65.0,Married,Full time
SGP,702070634,1.0,2.0,2.0,3.0,5.0,6.0,5.0,Not a religious person,6.0,Male,1957.0,62.0,Single,Retired/pensioned
SGP,702070635,1.0,2.0,2.0,4.0,5.0,7.0,6.0,A religious person,5.0,Female,1955.0,64.0,Married,Homemaker not otherwise employed
SGP,702070636,1.0,2.0,2.0,1.0,8.0,8.0,7.0,Not a religious person,4.0,Female,1984.0,35.0,Living together as married,Full time
SGP,702070637,1.0,2.0,2.0,1.0,7.0,8.0,8.0,A religious person,5.0,Male,1965.0,54.0,Married,Full time
SGP,702070638,1.0,2.0,1.0,4.0,8.0,7.0,7.0,A religious person,,Male,1953.0,66.0,Married,Unemployed
SGP,702070639,1.0,1.0,4.0,4.0,6.0,7.0,8.0,A religious person,,Female,1945.0,74.0,Widowed,Homemaker not otherwise employed
SGP,702070640,1.0,2.0,3.0,2.0,8.0,7.0,8.0,Not a religious person,7.0,Female,1988.0,31.0,Married,Full time
SGP,702070641,1.0,2.0,2.0,2.0,8.0,8.0,8.0,A religious person,5.0,Female,1994.0,25.0,Single,Full time
SGP,702070642,1.0,1.0,2.0,2.0,7.0,7.0,7.0,Not a religious person,5.0,Female,1978.0,41.0,Married,Full time
SGP,702070643,1.0,3.0,1.0,4.0,6.0,7.0,7.0,A religious person,6.0,Female,1953.0,66.0,Widowed,Homemaker not otherwise employed
SGP,702070644,1.0,2.0,2.0,2.0,8.0,8.0,8.0,Not a religious person,5.0,Male,1996.0,23.0,Single,Student
SGP,702070645,1.0,2.0,2.0,2.0,5.0,7.0,5.0,Not a religious person,4.0,Female,1989.0,30.0,Single,Full time
SGP,702070646,1.0,2.0,2.0,2.0,7.0,7.0,7.0,A religious person,7.0,Male,1969.0,50.0,Single,Unemployed
SGP,702070647,1.0,1.0,2.0,2.0,6.0,7.0,7.0,Not a religious person,4.0,Male,1951.0,68.0,Married,Full time
SGP,702070648,1.0,2.0,1.0,2.0,7.0,6.0,4.0,A religious person,5.0,Male,1996.0,23.0,Single,Full time
SGP,702070649,1.0,1.0,2.0,2.0,8.0,7.0,7.0,Not a religious person,4.0,Female,1995.0,24.0,Single,Full time
SGP,702070650,1.0,2.0,2.0,2.0,8.0,7.0,6.0,An atheist,6.0,Female,1981.0,38.0,Divorced,Full time
SGP,702070651,1.0,1.0,1.0,1.0,8.0,8.0,8.0,Not a religious person,4.0,Female,1992.0,27.0,Single,Full time
SGP,702070652,1.0,2.0,2.0,2.0,7.0,7.0,7.0,Not a religious person,4.0,Male,1955.0,64.0,Married,Full time
SGP,702070653,1.0,2.0,3.0,2.0,8.0,7.0,8.0,Not a religious person,5.0,Male,1965.0,54.0,Married,Full time
SGP,702070654,1.0,1.0,2.0,2.0,7.0,8.0,8.0,A religious person,5.0,Female,1968.0,51.0,Married,Full time
SGP,702070655,1.0,2.0,3.0,2.0,7.0,7.0,7.0,An atheist,3.0,Female,1972.0,47.0,Married,Full time
SGP,702070656,1.0,2.0,1.0,1.0,7.0,7.0,7.0,A religious person,4.0,Male,1961.0,58.0,Married,Full time
SGP,702070657,1.0,1.0,1.0,1.0,5.0,6.0,5.0,A religious person,7.0,Male,1969.0,50.0,Married,Full time
SGP,702070658,1.0,2.0,2.0,3.0,4.0,5.0,5.0,A religious person,,Female,1946.0,73.0,Widowed,Homemaker not otherwise employed
SGP,702070659,1.0,2.0,2.0,2.0,8.0,8.0,7.0,Not a religious person,5.0,Male,1987.0,32.0,Married,Full time
SGP,702070660,1.0,2.0,3.0,2.0,7.0,7.0,6.0,Not a religious person,7.0,Male,1966.0,53.0,Married,Full time
SGP,702070661,1.0,1.0,1.0,2.0,5.0,4.0,5.0,Not a religious person,6.0,Female,1954.0,65.0,Married,Homemaker not otherwise employed
SGP,702070662,1.0,1.0,1.0,1.0,7.0,6.0,7.0,A religious person,5.0,Male,1957.0,62.0,Married,Full time
SGP,702070663,1.0,2.0,2.0,2.0,7.0,7.0,6.0,Not a religious person,6.0,Male,1973.0,46.0,Married,Full time
SGP,702070664,1.0,1.0,1.0,1.0,8.0,7.0,6.0,A religious person,9.0,Male,1995.0,24.0,Single,Full time
SGP,702070665,1.0,1.0,2.0,1.0,7.0,7.0,6.0,A religious person,4.0,Male,1948.0,71.0,Widowed,Retired/pensioned
SGP,702070666,1.0,2.0,2.0,2.0,8.0,7.0,7.0,Not a religious person,6.0,Male,1985.0,34.0,Married,Full time
SGP,702070667,1.0,1.0,1.0,1.0,6.0,6.0,6.0,Not a religious person,6.0,Female,1953.0,66.0,Married,Part time
SGP,702070668,1.0,2.0,3.0,1.0,3.0,4.0,4.0,A religious person,6.0,Male,1948.0,71.0,Single,Retired/pensioned
SGP,702070669,1.0,1.0,2.0,2.0,4.0,5.0,3.0,An atheist,2.0,Male,1998.0,21.0,Single,Full time
SGP,702070670,1.0,1.0,1.0,2.0,7.0,9.0,10.0,Not a religious person,3.0,Male,1998.0,21.0,Single,Student
SGP,702070671,2.0,2.0,3.0,1.0,3.0,2.0,3.0,A religious person,,Male,1997.0,22.0,Single,Student
SGP,702070672,1.0,1.0,2.0,2.0,7.0,7.0,7.0,Not a religious person,4.0,Female,1978.0,41.0,Married,Full time
SGP,702070673,1.0,1.0,2.0,4.0,4.0,6.0,6.0,A religious person,,Female,1935.0,84.0,Widowed,Homemaker not otherwise employed
SGP,702070674,1.0,1.0,2.0,2.0,5.0,6.0,7.0,Not a religious person,8.0,Male,1978.0,41.0,Married,Full time
SGP,702070675,1.0,1.0,3.0,3.0,6.0,5.0,5.0,Not a religious person,5.0,Male,1953.0,66.0,Married,Retired/pensioned
SGP,702070676,2.0,2.0,3.0,2.0,5.0,5.0,5.0,Not a religious person,8.0,Female,1963.0,56.0,Married,Full time
SGP,702070677,1.0,1.0,2.0,4.0,7.0,7.0,7.0,Not a religious person,4.0,Male,1950.0,69.0,Married,Retired/pensioned
SGP,702070678,1.0,2.0,2.0,2.0,5.0,6.0,5.0,A religious person,2.0,Female,1956.0,63.0,Married,Full time
SGP,702070679,1.0,3.0,2.0,2.0,8.0,8.0,8.0,A religious person,4.0,Male,1973.0,46.0,Married,Full time
SGP,702070680,1.0,3.0,2.0,3.0,8.0,8.0,7.0,A religious person,5.0,Male,1983.0,36.0,Married,Full time
SGP,702070681,1.0,2.0,2.0,2.0,7.0,7.0,7.0,A religious person,5.0,Male,1990.0,29.0,Married,Full time
SGP,702070682,1.0,2.0,2.0,2.0,8.0,8.0,7.0,A religious person,8.0,Female,1964.0,55.0,Married,Full time
SGP,702070683,1.0,2.0,2.0,2.0,8.0,7.0,7.0,A religious person,8.0,Male,1958.0,61.0,Married,Full time
SGP,702070684,1.0,1.0,1.0,2.0,7.0,7.0,7.0,A religious person,-2.0,Male,1980.0,39.0,Single,Full time
SGP,702070685,1.0,1.0,1.0,1.0,10.0,9.0,7.0,A religious person,9.0,Male,1992.0,27.0,Married,Full time
SGP,702070686,1.0,1.0,1.0,2.0,8.0,7.0,6.0,Not a religious person,5.0,Female,1998.0,21.0,Single,Student
SGP,702070687,1.0,2.0,2.0,2.0,8.0,8.0,7.0,A religious person,5.0,Female,1949.0,70.0,Widowed,Retired/pensioned
SGP,702070688,1.0,1.0,1.0,2.0,4.0,6.0,9.0,A religious person,3.0,Female,1995.0,24.0,Single,Full time
SGP,702070689,1.0,2.0,2.0,2.0,10.0,8.0,8.0,A religious person,5.0,Female,1958.0,61.0,Married,Retired/pensioned
SGP,702070690,1.0,1.0,2.0,1.0,6.0,7.0,6.0,Not a religious person,5.0,Male,1962.0,57.0,Married,Full time
SGP,702070691,1.0,2.0,1.0,1.0,7.0,8.0,6.0,A religious person,7.0,Male,1985.0,34.0,Married,Full time
SGP,702070692,1.0,2.0,1.0,1.0,8.0,7.0,7.0,Not a religious person,7.0,Male,1958.0,62.0,Married,Full time
SGP,702070693,1.0,1.0,1.0,2.0,8.0,7.0,7.0,An atheist,5.0,Female,1966.0,53.0,Married,Full time
SGP,702070694,1.0,2.0,2.0,2.0,7.0,8.0,7.0,A religious person,5.0,Female,1982.0,37.0,Married,Full time
SGP,702070695,2.0,2.0,2.0,1.0,5.0,5.0,3.0,Not a religious person,1.0,Male,1985.0,34.0,Single,Full time
SGP,702070696,2.0,2.0,2.0,2.0,5.0,5.0,5.0,Not a religious person,7.0,Male,1956.0,63.0,Married,Full time
SGP,702070697,1.0,2.0,2.0,1.0,7.0,8.0,6.0,A religious person,,Female,1961.0,59.0,Divorced,Full time
SGP,702070698,1.0,1.0,2.0,4.0,5.0,9.0,10.0,A religious person,3.0,Female,1957.0,63.0,Married,Self employed
SGP,702070699,1.0,2.0,2.0,1.0,6.0,7.0,7.0,A religious person,6.0,Female,1968.0,51.0,Single,Full time
SGP,702070700,1.0,2.0,1.0,2.0,8.0,9.0,9.0,A religious person,5.0,Male,1971.0,48.0,Married,Full time
SGP,702070701,1.0,1.0,3.0,1.0,7.0,7.0,5.0,Not a religious person,5.0,Male,1976.0,43.0,Married,Full time
SGP,702070702,1.0,2.0,2.0,2.0,10.0,10.0,10.0,A religious person,8.0,Female,1975.0,45.0,Married,Homemaker not otherwise employed
SGP,702070703,1.0,1.0,3.0,4.0,7.0,7.0,8.0,Not a religious person,5.0,Female,1960.0,59.0,Married,Homemaker not otherwise employed
SGP,702070704,1.0,1.0,1.0,2.0,5.0,5.0,5.0,An atheist,,Male,1990.0,30.0,Single,Full time
SGP,702070705,1.0,1.0,2.0,1.0,5.0,7.0,7.0,Not a religious person,7.0,Male,1948.0,71.0,Married,Retired/pensioned
SGP,702070706,1.0,1.0,2.0,2.0,6.0,8.0,8.0,A religious person,3.0,Male,1994.0,26.0,Single,Full time
SGP,702070707,1.0,1.0,1.0,2.0,8.0,8.0,7.0,Not a religious person,8.0,Male,1984.0,36.0,Single,Full time
SGP,702070708,2.0,2.0,2.0,3.0,6.0,8.0,7.0,Not a religious person,5.0,Female,1980.0,40.0,Married,Homemaker not otherwise employed
SGP,702070709,1.0,2.0,2.0,1.0,5.0,9.0,8.0,A religious person,8.0,Female,1956.0,64.0,Single,Full time
SGP,702070710,1.0,1.0,1.0,1.0,7.0,7.0,6.0,A religious person,5.0,Male,1981.0,38.0,Married,Full time
SGP,702070711,1.0,2.0,3.0,3.0,8.0,7.0,7.0,A religious person,8.0,Female,1954.0,65.0,Married,Part time
SGP,702070712,1.0,1.0,1.0,2.0,8.0,7.0,6.0,Not a religious person,1.0,Male,1997.0,22.0,Single,Full time
SGP,702070713,1.0,2.0,2.0,1.0,3.0,1.0,1.0,A religious person,3.0,Female,1977.0,43.0,Married,Unemployed
SGP,702070714,1.0,1.0,1.0,2.0,8.0,8.0,8.0,Not a religious person,3.0,Female,1991.0,29.0,Single,Full time
SGP,702070715,1.0,3.0,2.0,1.0,10.0,7.0,5.0,A religious person,4.0,Male,1958.0,61.0,Married,Retired/pensioned
SGP,702070716,1.0,1.0,2.0,2.0,5.0,3.0,8.0,Not a religious person,4.0,Male,1994.0,25.0,Single,Full time
SGP,702070717,1.0,1.0,2.0,4.0,7.0,7.0,7.0,A religious person,5.0,Male,1951.0,68.0,Married,Full time
SGP,702070718,1.0,1.0,1.0,1.0,8.0,7.0,7.0,A religious person,4.0,Female,1975.0,44.0,Married,Full time
SGP,702070719,1.0,2.0,2.0,2.0,8.0,8.0,8.0,A religious person,3.0,Female,1988.0,31.0,Married,Full time
SGP,702070720,1.0,2.0,2.0,4.0,7.0,7.0,6.0,A religious person,,Female,1949.0,70.0,Single,Homemaker not otherwise employed
SGP,702070721,1.0,1.0,1.0,2.0,6.0,7.0,6.0,A religious person,7.0,Female,1960.0,59.0,Married,Full time
SGP,702070722,1.0,1.0,1.0,2.0,8.0,8.0,7.0,An atheist,6.0,Female,1992.0,27.0,Single,Full time
SGP,702070723,1.0,1.0,2.0,4.0,6.0,6.0,5.0,A religious person,4.0,Male,1945.0,74.0,Married,Retired/pensioned
SGP,702070724,1.0,2.0,2.0,1.0,8.0,8.0,9.0,A religious person,5.0,Male,1985.0,35.0,Married,Full time
SGP,702070725,1.0,1.0,1.0,1.0,4.0,5.0,3.0,An atheist,3.0,Male,1984.0,35.0,Single,Full time
SGP,702070726,1.0,1.0,2.0,3.0,6.0,7.0,7.0,A religious person,3.0,Female,1959.0,60.0,Widowed,Homemaker not otherwise employed
SGP,702070727,1.0,2.0,2.0,2.0,10.0,5.0,5.0,A religious person,8.0,Male,1964.0,55.0,Single,Part time
SGP,702070728,1.0,2.0,2.0,3.0,5.0,5.0,5.0,An atheist,2.0,Male,1956.0,63.0,Married,Retired/pensioned
SGP,702070729,2.0,2.0,2.0,3.0,8.0,7.0,7.0,Not a religious person,5.0,Male,1958.0,62.0,Married,Part time
SGP,702070730,1.0,3.0,3.0,2.0,10.0,1.0,1.0,A religious person,1.0,Male,1978.0,41.0,Single,Full time
SGP,702070731,1.0,2.0,3.0,2.0,7.0,7.0,6.0,A religious person,4.0,Male,1982.0,37.0,Single,Full time
SGP,702070732,1.0,2.0,1.0,3.0,10.0,6.0,6.0,A religious person,8.0,Female,1955.0,64.0,Divorced,Retired/pensioned
SGP,702070733,1.0,1.0,1.0,2.0,6.0,7.0,7.0,An atheist,3.0,Male,1981.0,39.0,Single,Self employed
SGP,702070734,1.0,1.0,1.0,1.0,6.0,6.0,5.0,A religious person,9.0,Male,1953.0,67.0,Married,Part time
SGP,702070735,1.0,2.0,2.0,1.0,6.0,4.0,8.0,A religious person,4.0,Male,1999.0,21.0,Single,Part time
SGP,702070736,1.0,2.0,2.0,1.0,7.0,8.0,7.0,Not a religious person,4.0,Male,1960.0,59.0,Living together as married,Part time
SGP,702070737,1.0,2.0,2.0,3.0,7.0,9.0,5.0,Not a religious person,4.0,Female,1996.0,23.0,Single,Student
SGP,702070738,1.0,1.0,2.0,1.0,10.0,9.0,9.0,A religious person,5.0,Male,1951.0,68.0,Married,Retired/pensioned
SGP,702070739,1.0,1.0,1.0,1.0,9.0,10.0,10.0,A religious person,10.0,Male,1953.0,66.0,Living together as married,Retired/pensioned
SGP,702070740,1.0,2.0,2.0,3.0,5.0,6.0,5.0,Not a religious person,5.0,Female,1977.0,42.0,Single,Full time
SGP,702070741,1.0,3.0,2.0,1.0,5.0,5.0,3.0,A religious person,5.0,Female,1960.0,59.0,Living together as married,Homemaker not otherwise employed
SGP,702070742,1.0,2.0,2.0,2.0,7.0,7.0,8.0,Not a religious person,6.0,Female,1967.0,53.0,Single,Full time
SGP,702070743,1.0,3.0,2.0,1.0,8.0,9.0,7.0,A religious person,4.0,Female,1979.0,40.0,Married,Full time
SGP,702070744,1.0,2.0,1.0,1.0,1.0,1.0,1.0,A religious person,1.0,Male,1990.0,29.0,Married,Self employed
SGP,702070745,1.0,2.0,2.0,2.0,5.0,7.0,7.0,A religious person,10.0,Female,1949.0,70.0,Widowed,Part time
SGP,702070746,1.0,1.0,3.0,2.0,10.0,10.0,8.0,Not a religious person,1.0,Male,1949.0,70.0,Divorced,Full time
SGP,702070747,1.0,1.0,1.0,1.0,8.0,9.0,8.0,A religious person,5.0,Female,1959.0,61.0,Married,Full time
SGP,702070748,2.0,2.0,2.0,3.0,7.0,7.0,6.0,Not a religious person,5.0,Female,1979.0,40.0,Single,Part time
SGP,702070749,1.0,2.0,3.0,4.0,7.0,7.0,7.0,A religious person,,Female,1953.0,66.0,Married,Homemaker not otherwise employed
SGP,702070750,1.0,1.0,1.0,3.0,7.0,6.0,5.0,A religious person,,Female,1948.0,71.0,Married,Homemaker not otherwise employed
SGP,702070751,1.0,1.0,2.0,2.0,9.0,10.0,10.0,An atheist,5.0,Male,1955.0,64.0,Married,Part time
SGP,702070752,1.0,2.0,2.0,1.0,8.0,9.0,7.0,A religious person,8.0,Female,1969.0,50.0,Married,Full time
SGP,702070753,1.0,2.0,2.0,2.0,8.0,8.0,7.0,A religious person,8.0,Female,1964.0,55.0,Married,Part time
SGP,702070754,1.0,1.0,2.0,2.0,7.0,6.0,6.0,A religious person,3.0,Female,1964.0,55.0,Widowed,Part time
SGP,702070755,1.0,2.0,2.0,2.0,7.0,6.0,5.0,Not a religious person,5.0,Male,1959.0,60.0,Married,Retired/pensioned
SGP,702070756,2.0,1.0,1.0,2.0,7.0,3.0,5.0,A religious person,3.0,Male,1995.0,24.0,Single,Part time
SGP,702070757,1.0,3.0,1.0,1.0,7.0,8.0,6.0,,5.0,Female,1974.0,45.0,Married,Full time
SGP,702070758,1.0,1.0,1.0,1.0,7.0,7.0,7.0,A religious person,8.0,Female,1992.0,27.0,Married,Homemaker not otherwise employed
SGP,702070759,1.0,1.0,1.0,2.0,8.0,8.0,9.0,A religious person,9.0,Female,1984.0,35.0,Married,Full time
SGP,702070760,1.0,3.0,2.0,1.0,5.0,6.0,6.0,A religious person,3.0,Male,1993.0,26.0,Single,Unemployed
SGP,702070761,1.0,2.0,2.0,1.0,8.0,7.0,8.0,Not a religious person,6.0,Male,1944.0,75.0,Widowed,Retired/pensioned
SGP,702070762,1.0,2.0,2.0,1.0,7.0,10.0,8.0,Not a religious person,10.0,Male,1962.0,57.0,Single,Unemployed
SGP,702070763,1.0,1.0,1.0,2.0,7.0,6.0,7.0,A religious person,3.0,Female,1952.0,67.0,Married,Retired/pensioned
SGP,702070764,1.0,2.0,3.0,1.0,7.0,8.0,7.0,A religious person,6.0,Male,1984.0,35.0,Married,Full time
SGP,702070765,1.0,1.0,3.0,1.0,8.0,8.0,8.0,Not a religious person,5.0,Male,1978.0,41.0,Married,Full time
SGP,702070766,1.0,2.0,2.0,2.0,7.0,7.0,7.0,A religious person,4.0,Male,1983.0,36.0,Married,Full time
SGP,702070767,1.0,2.0,2.0,2.0,7.0,6.0,7.0,A religious person,5.0,Male,1956.0,63.0,Married,Full time
SGP,702070768,1.0,2.0,2.0,3.0,7.0,7.0,6.0,A religious person,5.0,Female,1965.0,54.0,Married,Full time
SGP,702070769,1.0,2.0,1.0,1.0,7.0,7.0,7.0,A religious person,7.0,Female,1970.0,49.0,Married,Full time
SGP,702070770,1.0,1.0,2.0,3.0,7.0,6.0,4.0,An atheist,5.0,Male,1990.0,29.0,Single,Full time
SGP,702070771,1.0,2.0,2.0,2.0,6.0,7.0,7.0,A religious person,,Male,1987.0,32.0,Married,Full time
SGP,702070772,1.0,2.0,2.0,4.0,7.0,7.0,6.0,A religious person,9.0,Male,1946.0,73.0,Widowed,Part time
SGP,702070773,1.0,1.0,2.0,1.0,8.0,9.0,8.0,A religious person,3.0,Female,1940.0,79.0,Single,Full time
SGP,702070774,1.0,1.0,1.0,1.0,7.0,6.0,6.0,A religious person,1.0,Male,1972.0,47.0,Living together as married,Full time
SGP,702070775,1.0,1.0,2.0,2.0,6.0,7.0,6.0,A religious person,5.0,Male,1997.0,22.0,Single,Full time
SGP,702070776,1.0,2.0,3.0,4.0,7.0,7.0,7.0,A religious person,,Female,1963.0,56.0,Married,Homemaker not otherwise employed
SGP,702070777,1.0,3.0,2.0,1.0,8.0,9.0,9.0,A religious person,4.0,Male,1979.0,40.0,Married,Full time
SGP,702070778,1.0,1.0,2.0,2.0,8.0,8.0,7.0,A religious person,7.0,Male,1988.0,31.0,Single,Full time
SGP,702070779,1.0,2.0,2.0,1.0,7.0,7.0,6.0,A religious person,4.0,Male,1961.0,58.0,Married,Full time
SGP,702070780,1.0,2.0,1.0,1.0,9.0,9.0,8.0,A religious person,6.0,Male,1985.0,34.0,Married,Full time
SGP,702070781,1.0,2.0,2.0,2.0,7.0,8.0,7.0,An atheist,,Male,1961.0,58.0,Married,Full time
SGP,702070782,1.0,2.0,2.0,4.0,7.0,7.0,7.0,A religious person,9.0,Male,1948.0,71.0,Widowed,Retired/pensioned
SGP,702070783,1.0,2.0,2.0,3.0,7.0,6.0,7.0,A religious person,5.0,Male,1956.0,63.0,Married,Full time
SGP,702070784,1.0,2.0,2.0,2.0,4.0,6.0,6.0,Not a religious person,5.0,Male,1982.0,37.0,Married,Full time
SGP,702070785,1.0,2.0,3.0,1.0,10.0,10.0,10.0,A religious person,10.0,Male,1947.0,72.0,Married,Self employed
SGP,702070786,1.0,2.0,2.0,2.0,7.0,8.0,6.0,A religious person,6.0,Female,1962.0,57.0,Married,Full time
SGP,702070787,1.0,2.0,3.0,1.0,7.0,7.0,5.0,Not a religious person,6.0,Male,1988.0,31.0,Married,Full time
SGP,702070788,1.0,1.0,2.0,2.0,8.0,8.0,8.0,A religious person,8.0,Female,1972.0,47.0,Married,Full time
SGP,702070789,1.0,2.0,2.0,1.0,7.0,7.0,7.0,A religious person,5.0,Female,1968.0,51.0,Married,Full time
SGP,702070790,1.0,2.0,2.0,2.0,7.0,7.0,6.0,A religious person,6.0,Female,1987.0,32.0,Single,Full time
SGP,702070791,1.0,3.0,3.0,1.0,7.0,7.0,7.0,A religious person,7.0,Female,1972.0,47.0,Married,Full time
SGP,702070792,1.0,2.0,2.0,2.0,4.0,5.0,3.0,A religious person,9.0,Female,1965.0,54.0,Single,Full time
SGP,702070793,1.0,3.0,3.0,1.0,8.0,8.0,6.0,A religious person,7.0,Male,1989.0,30.0,Single,Full time
SGP,702070794,1.0,2.0,2.0,2.0,8.0,7.0,7.0,A religious person,6.0,Female,1968.0,51.0,Married,Full time
SGP,702070795,1.0,1.0,1.0,2.0,8.0,7.0,7.0,Not a religious person,,Female,1993.0,27.0,Single,Full time
SGP,702070796,1.0,1.0,1.0,1.0,6.0,7.0,4.0,A religious person,10.0,Female,1946.0,74.0,Single,Retired/pensioned
SGP,702070797,1.0,3.0,3.0,2.0,8.0,8.0,6.0,A religious person,7.0,Female,1991.0,28.0,Single,Full time
SGP,702070798,1.0,2.0,2.0,2.0,8.0,8.0,7.0,A religious person,8.0,Female,1985.0,34.0,Married,Full time
SGP,702070799,1.0,3.0,3.0,1.0,8.0,8.0,7.0,A religious person,6.0,Male,1984.0,35.0,Married,Full time
SGP,702070800,1.0,1.0,2.0,2.0,7.0,7.0,7.0,Not a religious person,7.0,Female,1960.0,59.0,Married,Homemaker not otherwise employed
SGP,702070801,1.0,3.0,2.0,1.0,3.0,3.0,4.0,Not a religious person,2.0,Male,1993.0,26.0,Single,Part time
SGP,702070802,1.0,1.0,2.0,2.0,8.0,7.0,7.0,A religious person,7.0,Male,1968.0,51.0,Married,Full time
SGP,702070803,1.0,2.0,2.0,2.0,8.0,7.0,7.0,A religious person,5.0,Male,1961.0,58.0,Married,Full time
SGP,702070804,1.0,2.0,3.0,4.0,7.0,8.0,7.0,A religious person,5.0,Female,1963.0,56.0,Single,Full time
SGP,702070805,1.0,1.0,1.0,3.0,7.0,4.0,6.0,A religious person,5.0,Female,1981.0,38.0,Married,Full time
SGP,702070806,1.0,1.0,2.0,2.0,8.0,7.0,6.0,A religious person,6.0,Male,1979.0,40.0,Married,Full time
SGP,702070807,1.0,1.0,2.0,1.0,10.0,10.0,8.0,A religious person,10.0,Male,1955.0,65.0,Married,Retired/pensioned
SGP,702070808,1.0,2.0,2.0,2.0,8.0,7.0,8.0,A religious person,6.0,Male,1960.0,59.0,Married,Full time
SGP,702070809,1.0,2.0,4.0,4.0,3.0,3.0,1.0,A religious person,,Female,1945.0,74.0,Married,Unemployed
SGP,702070810,2.0,2.0,2.0,2.0,7.0,5.0,7.0,Not a religious person,4.0,Female,1997.0,22.0,Single,Part time
SGP,702070811,1.0,2.0,2.0,1.0,8.0,8.0,8.0,A religious person,7.0,Female,1983.0,36.0,Married,Full time
SGP,702070812,1.0,1.0,1.0,2.0,8.0,8.0,7.0,A religious person,1.0,Male,1975.0,44.0,Married,Full time
SGP,702070813,2.0,3.0,2.0,3.0,1.0,1.0,1.0,Not a religious person,4.0,Female,1977.0,42.0,Single,Unemployed
SGP,702070814,1.0,2.0,1.0,1.0,8.0,7.0,7.0,A religious person,7.0,Female,1978.0,41.0,Married,Full time
SGP,702070815,1.0,3.0,2.0,2.0,9.0,9.0,8.0,A religious person,5.0,Female,1981.0,38.0,Married,Full time
SGP,702070816,1.0,2.0,2.0,1.0,7.0,7.0,7.0,A religious person,5.0,Male,1970.0,49.0,Single,Full time
SGP,702070817,1.0,1.0,2.0,3.0,4.0,4.0,3.0,A religious person,5.0,Male,1951.0,68.0,Married,Retired/pensioned
SGP,702070818,1.0,1.0,1.0,2.0,8.0,4.0,7.0,Not a religious person,7.0,Male,1993.0,26.0,Single,Student
SGP,702070819,2.0,2.0,2.0,3.0,10.0,10.0,10.0,,10.0,Female,1943.0,76.0,Widowed,Retired/pensioned
SGP,702070820,1.0,2.0,2.0,1.0,10.0,10.0,10.0,A religious person,3.0,Male,1991.0,28.0,Married,Full time
SGP,702070821,2.0,2.0,2.0,3.0,8.0,8.0,8.0,A religious person,2.0,Female,1956.0,63.0,Married,Part time
SGP,702070822,1.0,2.0,2.0,2.0,6.0,7.0,7.0,A religious person,1.0,Male,1972.0,47.0,Single,Full time
SGP,702070823,1.0,2.0,2.0,3.0,8.0,8.0,8.0,Not a religious person,6.0,Male,1937.0,82.0,Married,Retired/pensioned
SGP,702070824,1.0,3.0,3.0,2.0,5.0,4.0,3.0,A religious person,3.0,Male,1971.0,48.0,Single,Unemployed
SGP,702070825,1.0,2.0,2.0,3.0,6.0,5.0,6.0,Not a religious person,2.0,Male,1982.0,37.0,Single,Unemployed
SGP,702070826,2.0,2.0,2.0,2.0,5.0,4.0,4.0,A religious person,3.0,Female,1952.0,67.0,Single,Unemployed
SGP,702070827,1.0,3.0,3.0,2.0,7.0,5.0,5.0,A religious person,8.0,Male,1955.0,64.0,Married,Retired/pensioned
SGP,702070828,1.0,1.0,3.0,2.0,6.0,6.0,6.0,A religious person,2.0,Male,1963.0,56.0,Single,Part time
SGP,702070829,1.0,2.0,2.0,2.0,8.0,8.0,7.0,A religious person,1.0,Female,1948.0,71.0,Married,Retired/pensioned
SGP,702070830,1.0,2.0,1.0,1.0,9.0,10.0,9.0,A religious person,4.0,Female,1964.0,55.0,Married,Part time
SGP,702070831,2.0,2.0,3.0,1.0,9.0,10.0,6.0,An atheist,1.0,Male,1995.0,24.0,Single,Unemployed
SGP,702070832,1.0,2.0,2.0,2.0,9.0,9.0,9.0,A religious person,2.0,Female,1980.0,39.0,Married,Full time
SGP,702070833,1.0,2.0,2.0,2.0,8.0,4.0,4.0,A religious person,3.0,Male,1994.0,25.0,Single,Full time
SGP,702070834,1.0,1.0,1.0,2.0,7.0,7.0,7.0,An atheist,1.0,Female,1992.0,27.0,Single,Full time
SGP,702070835,1.0,2.0,2.0,1.0,9.0,9.0,9.0,A religious person,1.0,Female,1942.0,77.0,Married,Retired/pensioned
SGP,702070836,1.0,2.0,2.0,3.0,6.0,8.0,8.0,A religious person,2.0,Female,1938.0,81.0,Married,Retired/pensioned
SGP,702070837,1.0,2.0,1.0,1.0,8.0,7.0,7.0,A religious person,1.0,Female,1967.0,52.0,Single,Full time
SGP,702070838,1.0,2.0,2.0,2.0,8.0,9.0,9.0,A religious person,5.0,Female,1982.0,37.0,Single,Full time
SGP,702070839,1.0,2.0,2.0,2.0,6.0,8.0,7.0,An atheist,3.0,Male,1946.0,73.0,Married,Retired/pensioned
SGP,702070840,1.0,2.0,3.0,1.0,7.0,5.0,3.0,A religious person,5.0,Male,1979.0,40.0,Married,Full time
SGP,702070841,1.0,1.0,2.0,3.0,6.0,8.0,5.0,A religious person,3.0,Male,1998.0,21.0,Single,Other
SGP,702070842,1.0,1.0,1.0,1.0,10.0,10.0,7.0,A religious person,1.0,Female,1975.0,44.0,Married,Unemployed
SGP,702070843,2.0,2.0,3.0,2.0,5.0,4.0,4.0,A religious person,6.0,Male,1961.0,58.0,Married,Full time
SGP,702070844,1.0,2.0,2.0,1.0,4.0,4.0,3.0,A religious person,4.0,Male,1976.0,43.0,Married,Full time
SGP,702070845,1.0,2.0,2.0,2.0,5.0,10.0,8.0,A religious person,1.0,Female,1963.0,56.0,Single,Unemployed
SGP,702070846,1.0,2.0,2.0,2.0,8.0,8.0,6.0,An atheist,1.0,Male,1938.0,81.0,Widowed,Retired/pensioned
SGP,702070847,1.0,1.0,1.0,2.0,7.0,7.0,7.0,A religious person,1.0,Female,1983.0,36.0,Married,Part time
SGP,702070848,1.0,3.0,2.0,2.0,2.0,2.0,2.0,An atheist,1.0,Male,1963.0,56.0,Married,Part time
SGP,702070849,1.0,2.0,1.0,2.0,6.0,7.0,7.0,An atheist,2.0,Female,1967.0,52.0,Married,Full time
SGP,702070850,2.0,1.0,1.0,4.0,5.0,4.0,1.0,A religious person,1.0,Female,1951.0,68.0,Widowed,Retired/pensioned
SGP,702070851,1.0,2.0,2.0,2.0,8.0,9.0,9.0,A religious person,5.0,Female,1987.0,32.0,Married,Full time
SGP,702070852,1.0,1.0,2.0,1.0,7.0,4.0,3.0,A religious person,3.0,Male,1997.0,22.0,Single,Other
SGP,702070853,1.0,2.0,2.0,2.0,6.0,8.0,5.0,A religious person,3.0,Female,1992.0,27.0,Single,Full time
SGP,702070854,1.0,2.0,2.0,1.0,8.0,8.0,8.0,An atheist,1.0,Male,1977.0,42.0,Married,Full time
SGP,702070855,2.0,3.0,2.0,2.0,6.0,6.0,5.0,An atheist,5.0,Male,1971.0,49.0,Married,Full time
SGP,702070856,1.0,1.0,1.0,2.0,7.0,6.0,8.0,A religious person,5.0,Female,1989.0,31.0,Married,Full time
SGP,702070857,1.0,2.0,2.0,4.0,4.0,10.0,3.0,A religious person,,Female,1946.0,73.0,Married,Retired/pensioned
SGP,702070858,1.0,2.0,2.0,1.0,7.0,7.0,6.0,Not a religious person,3.0,Male,1998.0,22.0,Single,Part time
SGP,702070859,1.0,1.0,2.0,2.0,10.0,8.0,7.0,Not a religious person,5.0,Male,1993.0,27.0,Single,Full time
SGP,702070860,1.0,1.0,3.0,1.0,1.0,4.0,4.0,An atheist,2.0,Male,1958.0,61.0,Married,Full time
SGP,702070861,1.0,1.0,1.0,3.0,9.0,8.0,7.0,A religious person,3.0,Female,1998.0,21.0,Single,Part time
SGP,702070862,1.0,1.0,1.0,1.0,8.0,9.0,9.0,Not a religious person,1.0,Female,1965.0,54.0,Married,Homemaker not otherwise employed
SGP,702070863,2.0,2.0,2.0,1.0,9.0,8.0,3.0,A religious person,4.0,Female,1977.0,42.0,Married,Homemaker not otherwise employed
SGP,702070864,1.0,2.0,2.0,4.0,8.0,7.0,7.0,A religious person,1.0,Male,1941.0,78.0,Married,Retired/pensioned
SGP,702070865,1.0,2.0,2.0,2.0,8.0,8.0,7.0,A religious person,2.0,Female,1985.0,34.0,Married,Full time
SGP,702070866,1.0,2.0,2.0,2.0,6.0,5.0,6.0,A religious person,7.0,Female,1956.0,63.0,Married,Retired/pensioned
SGP,702070867,1.0,2.0,1.0,2.0,5.0,6.0,6.0,An atheist,4.0,Female,1968.0,51.0,Married,Homemaker not otherwise employed
SGP,702070868,1.0,1.0,2.0,1.0,10.0,10.0,10.0,A religious person,1.0,Female,1982.0,37.0,Married,Full time
SGP,702070869,1.0,2.0,3.0,2.0,8.0,8.0,6.0,A religious person,1.0,Male,1951.0,68.0,Married,Retired/pensioned
SGP,702070870,1.0,2.0,3.0,2.0,6.0,8.0,8.0,A religious person,3.0,Male,1951.0,68.0,Married,Retired/pensioned
SGP,702070871,2.0,3.0,2.0,3.0,5.0,6.0,4.0,A religious person,7.0,Male,1948.0,71.0,Married,Retired/pensioned
SGP,702070872,1.0,1.0,1.0,1.0,8.0,8.0,8.0,A religious person,2.0,Male,1951.0,68.0,Married,Retired/pensioned
SGP,702070873,1.0,2.0,3.0,1.0,9.0,9.0,9.0,A religious person,4.0,Female,1956.0,63.0,Married,Retired/pensioned
SGP,702070874,1.0,2.0,2.0,2.0,10.0,10.0,10.0,A religious person,1.0,Female,1974.0,45.0,Married,Homemaker not otherwise employed
SGP,702070875,1.0,2.0,2.0,2.0,8.0,6.0,7.0,An atheist,6.0,Male,1965.0,54.0,Married,Full time
SGP,702070876,1.0,2.0,3.0,1.0,6.0,6.0,5.0,An atheist,1.0,Male,1966.0,53.0,Married,Full time
SGP,702070877,1.0,2.0,1.0,1.0,6.0,8.0,8.0,A religious person,1.0,Female,1965.0,54.0,Married,Full time
SGP,702070878,1.0,1.0,2.0,1.0,7.0,7.0,6.0,Not a religious person,2.0,Male,1992.0,28.0,Married,Full time
SGP,702070879,1.0,1.0,1.0,3.0,8.0,8.0,8.0,An atheist,5.0,Male,1953.0,67.0,Married,Retired/pensioned
SGP,702070880,1.0,1.0,2.0,1.0,10.0,6.0,10.0,A religious person,3.0,Female,1973.0,46.0,Divorced,Full time
SGP,702070881,1.0,2.0,2.0,2.0,10.0,10.0,8.0,An atheist,4.0,Male,1956.0,64.0,Married,Retired/pensioned
SGP,702070882,1.0,2.0,2.0,2.0,6.0,4.0,5.0,Not a religious person,8.0,Female,1971.0,49.0,Single,Unemployed
SGP,702070883,1.0,2.0,3.0,1.0,6.0,7.0,5.0,An atheist,4.0,Male,1988.0,32.0,Single,Full time
SGP,702070884,1.0,1.0,1.0,2.0,7.0,5.0,3.0,Not a religious person,3.0,Female,1995.0,24.0,Single,Unemployed
SGP,702070885,1.0,2.0,2.0,2.0,8.0,7.0,6.0,An atheist,3.0,Female,1969.0,50.0,Married,Part time
SGP,702070886,1.0,2.0,2.0,4.0,5.0,6.0,6.0,Not a religious person,5.0,Male,1953.0,66.0,Married,Retired/pensioned
SGP,702070887,1.0,1.0,2.0,1.0,6.0,8.0,6.0,A religious person,1.0,Male,1991.0,28.0,Single,Full time
SGP,702070888,1.0,1.0,1.0,1.0,7.0,7.0,5.0,Not a religious person,3.0,Female,1967.0,52.0,Single,Full time
SGP,702070889,1.0,1.0,1.0,2.0,5.0,5.0,7.0,A religious person,5.0,Female,1978.0,41.0,Married,Unemployed
SGP,702070890,1.0,2.0,1.0,1.0,5.0,10.0,10.0,A religious person,1.0,Male,1946.0,74.0,Married,Retired/pensioned
SGP,702070891,1.0,2.0,3.0,2.0,9.0,9.0,6.0,A religious person,8.0,Female,1977.0,43.0,Married,Full time
SGP,702070892,1.0,1.0,1.0,1.0,7.0,8.0,8.0,A religious person,3.0,Female,1992.0,27.0,Single,Part time
SGP,702070893,1.0,1.0,2.0,1.0,7.0,7.0,2.0,A religious person,1.0,Female,1946.0,73.0,Married,Retired/pensioned
SGP,702070894,1.0,1.0,2.0,2.0,7.0,6.0,7.0,A religious person,3.0,Male,1950.0,69.0,Married,Retired/pensioned
SGP,702070895,1.0,1.0,2.0,2.0,7.0,6.0,6.0,An atheist,2.0,Female,1955.0,64.0,Widowed,Part time
SGP,702070896,2.0,2.0,3.0,2.0,6.0,3.0,5.0,A religious person,2.0,Female,1998.0,21.0,Single,Student
SGP,702070897,1.0,2.0,2.0,2.0,8.0,8.0,8.0,An atheist,3.0,Female,1980.0,39.0,Married,Full time
SGP,702070898,2.0,3.0,3.0,2.0,6.0,6.0,7.0,Not a religious person,3.0,Male,1966.0,53.0,Married,Full time
SGP,702070899,1.0,2.0,1.0,2.0,9.0,8.0,8.0,An atheist,4.0,Female,1970.0,49.0,Married,Full time
SGP,702070900,1.0,2.0,1.0,1.0,8.0,8.0,8.0,A religious person,3.0,Female,1979.0,40.0,Married,Full time
SGP,702070901,1.0,2.0,3.0,2.0,1.0,4.0,3.0,A religious person,5.0,Female,1991.0,28.0,Married,Unemployed
SGP,702070902,2.0,3.0,1.0,4.0,,10.0,10.0,Not a religious person,,Male,1940.0,79.0,Single,Retired/pensioned
SGP,702070903,1.0,1.0,1.0,2.0,8.0,8.0,6.0,Not a religious person,3.0,Female,1984.0,35.0,Married,Full time
SGP,702070904,1.0,1.0,3.0,1.0,7.0,6.0,5.0,A religious person,5.0,Male,1966.0,53.0,Widowed,Self employed
SGP,702070905,1.0,2.0,1.0,2.0,5.0,3.0,1.0,An atheist,2.0,Male,1961.0,58.0,Single,Part time
SGP,702070906,1.0,2.0,2.0,1.0,8.0,8.0,6.0,A religious person,3.0,Male,1974.0,45.0,Married,Full time
SGP,702070907,1.0,1.0,2.0,2.0,8.0,7.0,7.0,An atheist,3.0,Female,1994.0,25.0,Single,Full time
SGP,702070908,1.0,3.0,2.0,2.0,7.0,8.0,8.0,A religious person,1.0,Female,1981.0,38.0,Married,Full time
SGP,702070909,1.0,2.0,1.0,1.0,8.0,5.0,5.0,A religious person,1.0,Female,1974.0,45.0,Married,Unemployed
SGP,702070910,1.0,2.0,1.0,1.0,8.0,7.0,8.0,A religious person,4.0,Male,1993.0,26.0,Single,Full time
SGP,702070911,1.0,1.0,2.0,1.0,8.0,8.0,7.0,A religious person,4.0,Female,1952.0,67.0,Married,Retired/pensioned
SGP,702070912,2.0,2.0,2.0,3.0,9.0,7.0,7.0,Not a religious person,6.0,Male,1968.0,51.0,Married,Self employed
SGP,702070913,1.0,2.0,2.0,2.0,4.0,4.0,3.0,Not a religious person,,Male,1969.0,51.0,Married,Full time
SGP,702070914,1.0,2.0,3.0,2.0,7.0,8.0,8.0,Not a religious person,5.0,Female,1961.0,59.0,Married,Part time
SGP,702070915,1.0,2.0,2.0,3.0,6.0,6.0,6.0,A religious person,1.0,Male,1961.0,58.0,Married,Part time
SGP,702070916,1.0,2.0,2.0,2.0,8.0,7.0,7.0,A religious person,3.0,Female,1973.0,46.0,Single,Full time
SGP,702070917,1.0,2.0,2.0,2.0,9.0,9.0,8.0,Not a religious person,1.0,Female,1987.0,32.0,Married,Full time
SGP,702070918,1.0,1.0,2.0,2.0,7.0,7.0,7.0,Not a religious person,1.0,Female,1984.0,35.0,Married,Full time
SGP,702070919,1.0,2.0,3.0,2.0,9.0,9.0,8.0,A religious person,4.0,Female,1951.0,68.0,Married,Retired/pensioned
SGP,702070920,1.0,1.0,1.0,1.0,7.0,7.0,7.0,Not a religious person,6.0,Female,1996.0,23.0,Single,Full time
SGP,702070921,1.0,3.0,1.0,4.0,10.0,10.0,10.0,Not a religious person,4.0,Female,1942.0,77.0,Widowed,Retired/pensioned
SGP,702070922,1.0,2.0,2.0,1.0,10.0,10.0,10.0,A religious person,5.0,Male,1968.0,51.0,Married,Full time
SGP,702070923,2.0,2.0,1.0,2.0,7.0,7.0,8.0,A religious person,3.0,Male,1971.0,48.0,Married,Full time
SGP,702070924,1.0,2.0,2.0,1.0,7.0,3.0,6.0,An atheist,7.0,Male,1977.0,42.0,Married,Full time
SGP,702070925,1.0,2.0,1.0,1.0,8.0,10.0,9.0,An atheist,2.0,Female,1964.0,55.0,Married,Full time
SGP,702070926,1.0,2.0,3.0,3.0,8.0,7.0,7.0,A religious person,5.0,Female,1964.0,55.0,Widowed,Self employed
SGP,702070927,1.0,2.0,3.0,3.0,8.0,8.0,7.0,A religious person,2.0,Female,1960.0,59.0,Married,Homemaker not otherwise employed
SGP,702070928,1.0,1.0,2.0,2.0,9.0,8.0,8.0,A religious person,,Female,1959.0,60.0,Married,Full time
SGP,702070929,2.0,1.0,2.0,2.0,8.0,5.0,10.0,A religious person,3.0,Male,1992.0,28.0,Single,Full time
SGP,702070930,1.0,3.0,2.0,1.0,3.0,4.0,4.0,A religious person,7.0,Male,1961.0,58.0,Married,Full time
SGP,702070931,1.0,2.0,2.0,2.0,7.0,7.0,7.0,Not a religious person,4.0,Male,1996.0,24.0,Single,Student
SGP,702070932,1.0,2.0,2.0,3.0,8.0,8.0,8.0,A religious person,8.0,Female,1956.0,64.0,Married,Retired/pensioned
SGP,702070933,1.0,2.0,2.0,1.0,10.0,9.0,8.0,Not a religious person,5.0,Male,1973.0,46.0,Married,Full time
SGP,702070934,1.0,2.0,2.0,2.0,6.0,6.0,8.0,An atheist,7.0,Female,1992.0,27.0,Single,Full time
SGP,702070935,1.0,1.0,1.0,2.0,9.0,9.0,8.0,Not a religious person,5.0,Male,1964.0,56.0,Married,Self employed
SGP,702070936,1.0,1.0,2.0,2.0,5.0,6.0,5.0,Not a religious person,,Male,1988.0,32.0,Single,Self employed
SGP,702070937,1.0,1.0,2.0,3.0,6.0,8.0,7.0,Not a religious person,,Male,1989.0,31.0,Single,Unemployed
SGP,702070938,1.0,1.0,2.0,1.0,5.0,5.0,5.0,Not a religious person,,Male,1987.0,33.0,Single,Self employed
SGP,702070939,1.0,1.0,2.0,3.0,5.0,5.0,4.0,Not a religious person,,Female,1970.0,50.0,Married,Homemaker not otherwise employed
SGP,702070940,3.0,3.0,3.0,3.0,1.0,1.0,1.0,Not a religious person,10.0,Male,1965.0,55.0,Separated,Unemployed
SGP,702070941,1.0,1.0,2.0,2.0,3.0,8.0,,A religious person,3.0,Male,1950.0,70.0,Married,Homemaker not otherwise employed
SGP,702070942,1.0,2.0,2.0,2.0,7.0,7.0,7.0,Not a religious person,4.0,Male,1981.0,39.0,Single,Full time
SGP,702070943,2.0,2.0,2.0,3.0,8.0,10.0,7.0,A religious person,,Female,1941.0,78.0,Widowed,Homemaker not otherwise employed
SGP,702070944,1.0,2.0,2.0,1.0,8.0,7.0,4.0,A religious person,5.0,Female,1978.0,42.0,Married,Full time
SGP,702070945,1.0,1.0,1.0,2.0,8.0,7.0,7.0,A religious person,,Female,1999.0,21.0,Single,Student
SGP,702070946,3.0,3.0,2.0,2.0,10.0,4.0,5.0,A religious person,,Female,1949.0,71.0,Single,Retired/pensioned
SGP,702070947,1.0,2.0,2.0,2.0,9.0,8.0,8.0,A religious person,8.0,Female,1967.0,53.0,Married,Homemaker not otherwise employed
SGP,702070948,1.0,2.0,3.0,2.0,7.0,7.0,6.0,A religious person,5.0,Male,1963.0,57.0,Married,Full time
SGP,702070949,1.0,2.0,1.0,1.0,5.0,5.0,5.0,A religious person,5.0,Female,1977.0,43.0,Married,Homemaker not otherwise employed
SGP,702070950,1.0,2.0,2.0,2.0,6.0,6.0,6.0,A religious person,5.0,Male,1953.0,67.0,Married,Full time
SGP,702070951,1.0,2.0,2.0,2.0,5.0,6.0,6.0,A religious person,5.0,Female,1967.0,53.0,Divorced,Full time
SGP,702070952,1.0,2.0,2.0,1.0,5.0,3.0,2.0,A religious person,5.0,Male,1956.0,64.0,Married,Unemployed
SGP,702070953,1.0,1.0,1.0,2.0,7.0,6.0,8.0,Not a religious person,3.0,Female,1973.0,47.0,Married,Full time
SGP,702070954,1.0,1.0,3.0,1.0,1.0,2.0,3.0,A religious person,3.0,Male,1973.0,47.0,Married,Full time
SGP,702070955,1.0,1.0,2.0,2.0,6.0,7.0,8.0,A religious person,5.0,Female,1968.0,52.0,Married,Homemaker not otherwise employed
SGP,702070956,1.0,2.0,2.0,2.0,7.0,7.0,6.0,Not a religious person,5.0,Female,1957.0,63.0,Married,Homemaker not otherwise employed
SGP,702070957,1.0,1.0,1.0,1.0,7.0,8.0,8.0,A religious person,3.0,Male,1983.0,37.0,Married,Full time
SGP,702070958,1.0,1.0,2.0,2.0,9.0,7.0,6.0,,8.0,Male,1973.0,46.0,Married,Full time
SGP,702070959,1.0,1.0,4.0,1.0,5.0,8.0,5.0,A religious person,7.0,Female,1976.0,44.0,Married,Part time
SGP,702070960,1.0,1.0,2.0,1.0,8.0,9.0,8.0,A religious person,2.0,Male,1970.0,50.0,Married,Full time
SGP,702070961,1.0,1.0,1.0,1.0,9.0,9.0,5.0,A religious person,3.0,Female,1988.0,32.0,Married,Self employed
SGP,702070962,1.0,2.0,2.0,2.0,8.0,9.0,8.0,Not a religious person,5.0,Male,1956.0,64.0,Married,Full time
SGP,702070963,1.0,2.0,3.0,3.0,5.0,5.0,5.0,Not a religious person,5.0,Female,1975.0,45.0,Married,Homemaker not otherwise employed
SGP,702070964,1.0,2.0,1.0,2.0,8.0,7.0,5.0,Not a religious person,5.0,Male,1996.0,24.0,Single,Student
SGP,702070965,1.0,1.0,1.0,1.0,6.0,7.0,4.0,An atheist,1.0,Female,1995.0,25.0,Single,Full time
SGP,702070966,1.0,2.0,2.0,1.0,5.0,5.0,4.0,A religious person,5.0,Male,1973.0,47.0,Married,Unemployed
SGP,702070967,1.0,3.0,4.0,3.0,4.0,3.0,5.0,A religious person,3.0,Female,1974.0,46.0,Married,Part time
SGP,702070968,1.0,1.0,2.0,1.0,6.0,6.0,4.0,Not a religious person,6.0,Male,1986.0,34.0,Married,Full time
SGP,702070969,1.0,3.0,2.0,1.0,10.0,10.0,8.0,A religious person,8.0,Male,1957.0,63.0,Married,Full time
SGP,702070970,1.0,3.0,1.0,1.0,7.0,5.0,5.0,Not a religious person,1.0,Male,1959.0,61.0,Married,Retired/pensioned
SGP,702070971,1.0,2.0,2.0,2.0,5.0,4.0,5.0,A religious person,4.0,Female,1988.0,32.0,Single,Full time
SGP,702070972,1.0,1.0,1.0,1.0,6.0,6.0,7.0,A religious person,1.0,Male,1994.0,26.0,Single,Full time
SGP,702070973,2.0,2.0,1.0,2.0,8.0,9.0,8.0,An atheist,2.0,Male,1985.0,35.0,Single,Full time
SGP,702070974,1.0,1.0,1.0,1.0,6.0,9.0,8.0,A religious person,1.0,Male,1999.0,21.0,Single,Student
SGP,702070975,1.0,2.0,2.0,2.0,4.0,5.0,5.0,A religious person,5.0,Female,1998.0,22.0,Single,Student
SGP,702070976,1.0,1.0,2.0,2.0,6.0,6.0,5.0,A religious person,7.0,Male,1995.0,25.0,Single,Student
SGP,702070977,1.0,2.0,2.0,2.0,6.0,7.0,6.0,Not a religious person,4.0,Female,1984.0,36.0,Married,Full time
SGP,702070978,1.0,2.0,2.0,2.0,10.0,9.0,9.0,An atheist,5.0,Male,1967.0,53.0,Married,Full time
SGP,702070979,1.0,2.0,2.0,2.0,5.0,5.0,5.0,A religious person,5.0,Female,1994.0,26.0,Single,Full time
SGP,702070980,1.0,2.0,3.0,2.0,5.0,5.0,4.0,A religious person,5.0,Female,1981.0,39.0,Single,Full time
SGP,702070981,1.0,2.0,2.0,2.0,,1.0,1.0,A religious person,6.0,Male,1983.0,37.0,Married,Full time
SGP,702070982,1.0,2.0,2.0,2.0,4.0,5.0,4.0,A religious person,5.0,Male,1962.0,58.0,Married,Unemployed
SGP,702070983,1.0,1.0,2.0,2.0,7.0,8.0,8.0,A religious person,5.0,Male,1971.0,49.0,Married,Full time
SGP,702070984,1.0,2.0,3.0,2.0,8.0,8.0,8.0,A religious person,5.0,Female,1962.0,58.0,Married,Part time
SGP,702070985,1.0,1.0,1.0,1.0,7.0,7.0,6.0,A religious person,5.0,Female,1984.0,36.0,Married,Part time
SGP,702070986,1.0,1.0,1.0,2.0,8.0,9.0,8.0,Not a religious person,10.0,Female,1985.0,34.0,Married,Full time
SGP,702070987,1.0,1.0,1.0,2.0,10.0,8.0,7.0,A religious person,8.0,Female,1995.0,25.0,Married,Full time
SGP,702070988,1.0,2.0,1.0,1.0,8.0,5.0,7.0,A religious person,1.0,Female,1993.0,27.0,Single,Full time
SGP,702070989,1.0,1.0,2.0,2.0,8.0,7.0,7.0,Not a religious person,3.0,Female,1999.0,21.0,Single,Student
SGP,702070990,1.0,2.0,2.0,2.0,8.0,7.0,8.0,Not a religious person,3.0,Female,1978.0,42.0,Married,Full time
SGP,702070991,1.0,1.0,1.0,2.0,7.0,7.0,7.0,Not a religious person,3.0,Female,1999.0,21.0,Single,Student
SGP,702070992,1.0,2.0,3.0,2.0,5.0,9.0,8.0,An atheist,5.0,Male,1953.0,67.0,Married,Part time
SGP,702070993,1.0,1.0,2.0,1.0,7.0,6.0,5.0,Not a religious person,4.0,Male,1984.0,36.0,Married,Full time
SGP,702070994,1.0,2.0,2.0,3.0,8.0,8.0,7.0,,6.0,Female,1983.0,37.0,Married,Homemaker not otherwise employed
SGP,702070995,1.0,2.0,1.0,1.0,5.0,5.0,5.0,A religious person,5.0,Male,1990.0,30.0,Married,Full time
SGP,702070996,1.0,1.0,1.0,2.0,5.0,7.0,6.0,A religious person,5.0,Male,1966.0,54.0,Single,Self employed
SGP,702070997,1.0,2.0,2.0,1.0,5.0,7.0,5.0,Not a religious person,5.0,Female,1972.0,48.0,Married,Self employed
SGP,702070998,1.0,3.0,3.0,1.0,1.0,10.0,10.0,Not a religious person,5.0,Male,1965.0,55.0,Divorced,Part time
SGP,702070999,1.0,2.0,2.0,1.0,7.0,5.0,5.0,A religious person,,Male,1957.0,63.0,Married,Part time
SGP,702071000,1.0,2.0,3.0,1.0,6.0,7.0,4.0,A religious person,5.0,Female,1939.0,81.0,Widowed,Full time
SGP,702071001,1.0,2.0,2.0,1.0,6.0,8.0,7.0,Not a religious person,4.0,Male,1985.0,35.0,Married,Full time
SGP,702071002,1.0,2.0,2.0,1.0,5.0,6.0,6.0,A religious person,5.0,Female,1961.0,59.0,Married,Part time
SGP,702071003,1.0,2.0,2.0,2.0,8.0,8.0,6.0,An atheist,5.0,Male,1972.0,48.0,Married,Full time
SGP,702071004,1.0,2.0,2.0,1.0,5.0,5.0,5.0,A religious person,5.0,Female,1966.0,54.0,Married,Homemaker not otherwise employed
SGP,702071005,1.0,1.0,1.0,1.0,6.0,6.0,3.0,Not a religious person,5.0,Female,1996.0,24.0,Single,Student
SGP,702071006,1.0,2.0,1.0,2.0,1.0,7.0,6.0,Not a religious person,1.0,Male,1981.0,39.0,Married,Full time
SGP,702071007,1.0,3.0,2.0,1.0,6.0,7.0,6.0,An atheist,2.0,Male,1962.0,58.0,Married,Full time
SGP,702071008,1.0,2.0,2.0,1.0,10.0,8.0,8.0,An atheist,6.0,Male,1985.0,35.0,Married,Self employed
SGP,702071009,1.0,1.0,3.0,2.0,8.0,8.0,7.0,A religious person,7.0,Male,1963.0,57.0,Married,Full time
SGP,702071010,1.0,2.0,1.0,2.0,8.0,10.0,9.0,A religious person,7.0,Male,1961.0,59.0,Married,Full time
SGP,702071011,1.0,1.0,2.0,2.0,8.0,8.0,8.0,A religious person,4.0,Male,1963.0,57.0,Married,Full time
SGP,702071012,1.0,2.0,2.0,1.0,10.0,10.0,10.0,A religious person,6.0,Male,1955.0,65.0,Single,Retired/pensioned
SGP,702071013,2.0,4.0,2.0,4.0,9.0,3.0,1.0,Not a religious person,5.0,Male,1945.0,75.0,Married,Retired/pensioned
SGP,702071014,1.0,1.0,2.0,2.0,8.0,7.0,6.0,Not a religious person,4.0,Female,1962.0,57.0,Divorced,Part time
SGP,702071015,1.0,1.0,1.0,1.0,5.0,5.0,5.0,Not a religious person,,Male,1990.0,30.0,Married,Full time
SGP,702071016,1.0,1.0,2.0,1.0,10.0,7.0,7.0,Not a religious person,5.0,Female,1990.0,29.0,Single,Full time
SGP,702071017,1.0,3.0,3.0,2.0,5.0,5.0,5.0,A religious person,,Male,1984.0,36.0,Married,Homemaker not otherwise employed
SGP,702071018,1.0,1.0,3.0,4.0,8.0,8.0,8.0,A religious person,5.0,Female,1983.0,37.0,Married,Homemaker not otherwise employed
SGP,702071019,1.0,1.0,1.0,1.0,9.0,5.0,2.0,A religious person,1.0,Female,1988.0,32.0,Married,Full time
SGP,702071020,1.0,1.0,3.0,1.0,5.0,5.0,6.0,Not a religious person,5.0,Male,1972.0,48.0,Married,Full time
SGP,702071021,1.0,2.0,2.0,2.0,7.0,4.0,4.0,Not a religious person,5.0,Male,1957.0,62.0,Divorced,Self employed
SGP,702071022,2.0,2.0,2.0,4.0,9.0,9.0,9.0,A religious person,6.0,Female,1954.0,66.0,Divorced,Retired/pensioned
SGP,702071023,1.0,1.0,1.0,1.0,4.0,5.0,3.0,A religious person,,Male,1970.0,49.0,Married,Part time
SGP,702071024,1.0,2.0,2.0,2.0,5.0,7.0,6.0,Not a religious person,,Female,1990.0,30.0,Living together as married,Homemaker not otherwise employed
SGP,702071025,1.0,3.0,1.0,1.0,6.0,6.0,4.0,Not a religious person,7.0,Female,1977.0,42.0,Separated,Full time
SGP,702071026,1.0,1.0,3.0,1.0,2.0,1.0,2.0,An atheist,7.0,Male,1960.0,60.0,Separated,Unemployed
SGP,702071027,1.0,1.0,1.0,3.0,6.0,6.0,5.0,Not a religious person,,Male,1936.0,83.0,Married,Retired/pensioned
SGP,702071028,1.0,2.0,2.0,2.0,8.0,8.0,8.0,A religious person,5.0,Female,1978.0,41.0,Married,Homemaker not otherwise employed
SGP,702071029,1.0,2.0,2.0,2.0,8.0,8.0,8.0,A religious person,8.0,Female,1967.0,52.0,Divorced,Full time
SGP,702071030,1.0,1.0,2.0,2.0,8.0,7.0,7.0,An atheist,5.0,Male,1997.0,22.0,Single,Student
SGP,702071031,1.0,1.0,1.0,2.0,8.0,8.0,8.0,Not a religious person,2.0,Female,1996.0,23.0,Single,Full time
SGP,702071032,1.0,1.0,2.0,1.0,6.0,8.0,6.0,Not a religious person,5.0,Female,1991.0,28.0,Married,Full time
SGP,702071033,1.0,1.0,2.0,2.0,6.0,7.0,6.0,A religious person,5.0,Male,1970.0,49.0,Married,Full time
SGP,702071034,1.0,1.0,1.0,1.0,10.0,10.0,6.0,A religious person,3.0,Female,1989.0,30.0,Married,Full time
SGP,702071035,1.0,2.0,2.0,2.0,5.0,9.0,7.0,A religious person,3.0,Female,1991.0,28.0,Single,Unemployed
SGP,702071036,1.0,2.0,1.0,2.0,8.0,10.0,8.0,A religious person,5.0,Female,1984.0,35.0,Married,Full time
SGP,702071037,1.0,3.0,2.0,1.0,7.0,6.0,8.0,Not a religious person,7.0,Female,1955.0,64.0,Widowed,Full time
SGP,702071038,2.0,1.0,2.0,2.0,6.0,6.0,4.0,Not a religious person,5.0,Male,1964.0,56.0,Divorced,Unemployed
SGP,702071039,1.0,1.0,2.0,2.0,10.0,10.0,4.0,A religious person,7.0,Female,1951.0,68.0,Married,Part time
SGP,702071040,1.0,2.0,2.0,2.0,7.0,9.0,9.0,An atheist,6.0,Male,1982.0,37.0,Married,Full time
SGP,702071041,2.0,1.0,1.0,1.0,5.0,4.0,2.0,Not a religious person,,Male,1997.0,23.0,Single,Student
SGP,702071042,1.0,1.0,3.0,1.0,7.0,5.0,6.0,A religious person,4.0,Female,1980.0,39.0,Married,Full time
SGP,702071043,1.0,2.0,3.0,2.0,8.0,9.0,8.0,A religious person,5.0,Female,1990.0,29.0,Married,Homemaker not otherwise employed
SGP,702071044,1.0,1.0,2.0,2.0,8.0,7.0,7.0,An atheist,5.0,Male,1987.0,32.0,Married,Full time
SGP,702071045,1.0,2.0,2.0,1.0,6.0,7.0,4.0,A religious person,8.0,Male,1974.0,45.0,Married,Full time
SGP,702071046,1.0,1.0,2.0,1.0,7.0,10.0,8.0,A religious person,6.0,Female,1979.0,40.0,Married,Part time
SGP,702071047,1.0,3.0,2.0,1.0,5.0,5.0,3.0,A religious person,5.0,Male,1969.0,50.0,Divorced,Full time
SGP,702071048,1.0,1.0,2.0,2.0,6.0,6.0,6.0,Not a religious person,6.0,Male,1982.0,37.0,Married,Full time
SGP,702071049,1.0,2.0,2.0,2.0,7.0,8.0,7.0,Not a religious person,6.0,Female,1978.0,41.0,Married,Self employed
SGP,702071050,1.0,1.0,1.0,1.0,8.0,8.0,7.0,A religious person,5.0,Male,1986.0,33.0,Married,Full time
SGP,702071051,1.0,2.0,3.0,1.0,8.0,8.0,5.0,A religious person,5.0,Male,1963.0,56.0,Married,Full time
SGP,702071052,1.0,1.0,3.0,1.0,7.0,6.0,4.0,Not a religious person,6.0,Male,1994.0,25.0,Single,Self employed
SGP,702071053,1.0,1.0,1.0,2.0,8.0,8.0,6.0,An atheist,3.0,Female,1996.0,23.0,Single,Full time
SGP,702071054,1.0,3.0,1.0,1.0,4.0,6.0,7.0,A religious person,5.0,Male,1984.0,35.0,Married,Full time
SGP,702071055,1.0,1.0,1.0,1.0,7.0,7.0,7.0,Not a religious person,5.0,Male,1971.0,48.0,Married,Full time
SGP,702071056,1.0,1.0,2.0,1.0,7.0,6.0,5.0,A religious person,8.0,Female,1950.0,69.0,Married,Part time
SGP,702071057,1.0,1.0,3.0,1.0,6.0,6.0,6.0,Not a religious person,,Male,1998.0,21.0,Single,Full time
SGP,702071058,1.0,2.0,2.0,1.0,6.0,4.0,4.0,A religious person,5.0,Female,1991.0,28.0,Married,Full time
SGP,702071059,1.0,2.0,1.0,1.0,6.0,5.0,4.0,Not a religious person,7.0,Female,1978.0,41.0,Married,Full time
SGP,702071060,1.0,1.0,1.0,2.0,5.0,6.0,8.0,A religious person,4.0,Male,1955.0,64.0,Married,Full time
SGP,702071061,1.0,2.0,2.0,2.0,10.0,10.0,5.0,A religious person,4.0,Female,1959.0,60.0,Married,Homemaker not otherwise employed
SGP,702071062,1.0,2.0,1.0,2.0,5.0,6.0,7.0,A religious person,2.0,Female,1970.0,49.0,Married,Homemaker not otherwise employed
SGP,702071063,1.0,1.0,2.0,2.0,5.0,8.0,6.0,A religious person,5.0,Female,1982.0,37.0,Married,Homemaker not otherwise employed
SGP,702071064,1.0,1.0,2.0,1.0,10.0,10.0,10.0,An atheist,5.0,Male,1976.0,43.0,Married,Full time
SGP,702071065,1.0,2.0,2.0,2.0,10.0,10.0,10.0,A religious person,2.0,Male,1941.0,78.0,Widowed,Retired/pensioned
SGP,702071066,2.0,2.0,2.0,2.0,8.0,7.0,8.0,A religious person,2.0,Male,1986.0,34.0,Single,Full time
SGP,702071067,1.0,1.0,2.0,2.0,9.0,8.0,8.0,A religious person,5.0,Female,1984.0,35.0,Married,Self employed
SGP,702071068,1.0,2.0,2.0,2.0,5.0,5.0,5.0,A religious person,5.0,Female,1976.0,43.0,Married,Full time
SGP,702071069,1.0,1.0,2.0,1.0,7.0,8.0,8.0,A religious person,5.0,Male,1989.0,30.0,Married,Full time
SGP,702071070,1.0,1.0,2.0,2.0,8.0,8.0,9.0,A religious person,5.0,Female,1971.0,49.0,Married,Homemaker not otherwise employed
SGP,702071071,2.0,2.0,3.0,2.0,5.0,6.0,3.0,Not a religious person,5.0,Male,1987.0,32.0,Single,Full time
SGP,702071072,1.0,1.0,2.0,1.0,6.0,10.0,6.0,A religious person,5.0,Male,1984.0,35.0,Married,Full time
SGP,702071073,1.0,2.0,3.0,2.0,8.0,9.0,7.0,Not a religious person,6.0,Male,1979.0,40.0,Married,Self employed
SGP,702071074,1.0,2.0,2.0,2.0,8.0,8.0,8.0,A religious person,3.0,Female,1973.0,46.0,Single,Full time
SGP,702071075,1.0,2.0,1.0,2.0,5.0,6.0,6.0,A religious person,5.0,Male,1975.0,44.0,Married,Full time
SGP,702071076,1.0,2.0,1.0,1.0,10.0,10.0,1.0,A religious person,6.0,Female,1978.0,41.0,Married,Part time
SGP,702071077,1.0,2.0,2.0,3.0,10.0,10.0,8.0,A religious person,5.0,Female,1972.0,47.0,Married,Homemaker not otherwise employed
SGP,702071078,1.0,2.0,3.0,3.0,10.0,6.0,10.0,A religious person,6.0,Female,1954.0,65.0,Married,Homemaker not otherwise employed
SGP,702071079,1.0,2.0,2.0,3.0,7.0,4.0,7.0,A religious person,5.0,Male,1974.0,45.0,Married,Full time
SGP,702071080,1.0,2.0,2.0,2.0,8.0,7.0,6.0,A religious person,3.0,Female,1985.0,34.0,Married,Part time
SGP,702071081,1.0,2.0,2.0,2.0,10.0,7.0,7.0,A religious person,5.0,Female,1984.0,35.0,Married,Homemaker not otherwise employed
SGP,702071082,1.0,2.0,2.0,2.0,6.0,9.0,10.0,Not a religious person,4.0,Female,1972.0,47.0,Married,Homemaker not otherwise employed
SGP,702071083,1.0,1.0,3.0,1.0,10.0,6.0,5.0,Not a religious person,5.0,Female,1988.0,31.0,Divorced,Full time
SGP,702071084,1.0,3.0,2.0,1.0,5.0,5.0,7.0,Not a religious person,6.0,Male,1987.0,32.0,Married,Full time
SGP,702071085,1.0,2.0,1.0,1.0,10.0,8.0,8.0,A religious person,5.0,Male,1980.0,39.0,Married,Full time
SGP,702071086,1.0,2.0,2.0,3.0,6.0,5.0,5.0,Not a religious person,5.0,Female,1980.0,39.0,Married,Unemployed
SGP,702071087,1.0,2.0,1.0,1.0,6.0,7.0,2.0,A religious person,5.0,Male,1966.0,53.0,Married,Full time
SGP,702071088,1.0,1.0,2.0,1.0,9.0,9.0,8.0,An atheist,8.0,Male,1982.0,37.0,Married,Full time
SGP,702071089,1.0,2.0,2.0,1.0,6.0,7.0,7.0,A religious person,3.0,Male,1964.0,55.0,Married,Full time
SGP,702071090,1.0,1.0,2.0,2.0,10.0,8.0,7.0,Not a religious person,7.0,Female,1988.0,31.0,Married,Full time
SGP,702071091,1.0,1.0,2.0,2.0,7.0,7.0,7.0,A religious person,5.0,Female,1972.0,48.0,Married,Full time
SGP,702071092,1.0,1.0,2.0,2.0,8.0,9.0,9.0,A religious person,6.0,Female,1981.0,38.0,Single,Full time
SGP,702071093,1.0,2.0,3.0,2.0,3.0,5.0,6.0,A religious person,,Female,1959.0,61.0,Divorced,Homemaker not otherwise employed
SGP,702071094,1.0,1.0,2.0,1.0,7.0,7.0,5.0,A religious person,,Female,1985.0,35.0,Married,Full time
SGP,702071095,1.0,3.0,3.0,1.0,5.0,5.0,1.0,A religious person,5.0,Female,1981.0,39.0,Married,Full time
SGP,702071096,1.0,1.0,2.0,2.0,6.0,6.0,7.0,A religious person,,Female,1965.0,55.0,Divorced,Full time
SGP,702071097,1.0,2.0,2.0,1.0,4.0,6.0,6.0,Not a religious person,,Female,1989.0,31.0,Married,Full time
SGP,702071098,1.0,1.0,2.0,1.0,8.0,8.0,7.0,Not a religious person,1.0,Female,1967.0,53.0,Married,Full time
SGP,702071099,1.0,1.0,1.0,2.0,5.0,4.0,7.0,Not a religious person,,Male,1998.0,22.0,Single,Other
SGP,702071100,1.0,3.0,2.0,2.0,6.0,8.0,8.0,Not a religious person,8.0,Male,1978.0,42.0,Married,Full time
SGP,702071101,1.0,1.0,1.0,3.0,4.0,8.0,6.0,Not a religious person,5.0,Female,1976.0,44.0,Married,Homemaker not otherwise employed
SGP,702071102,2.0,1.0,1.0,2.0,6.0,6.0,6.0,Not a religious person,,Male,1987.0,33.0,Divorced,Unemployed
SGP,702071103,2.0,3.0,3.0,3.0,3.0,3.0,3.0,Not a religious person,,Female,1944.0,76.0,Widowed,Unemployed
SGP,702071104,1.0,3.0,1.0,2.0,4.0,5.0,4.0,A religious person,4.0,Female,1954.0,66.0,Single,Part time
SGP,702071105,2.0,1.0,2.0,2.0,3.0,3.0,1.0,Not a religious person,5.0,Male,1960.0,60.0,Separated,Full time
SGP,702071106,1.0,2.0,2.0,1.0,7.0,7.0,7.0,An atheist,5.0,Male,1964.0,56.0,Married,Full time
SGP,702071107,2.0,2.0,1.0,3.0,6.0,6.0,8.0,A religious person,4.0,Female,1954.0,66.0,Married,Homemaker not otherwise employed
SGP,702071108,1.0,2.0,3.0,2.0,7.0,6.0,7.0,Not a religious person,5.0,Female,1987.0,33.0,Married,Unemployed
SGP,702071109,1.0,2.0,1.0,1.0,8.0,9.0,8.0,An atheist,2.0,Female,1965.0,55.0,Married,Full time
SGP,702071110,1.0,1.0,1.0,1.0,3.0,3.0,1.0,Not a religious person,4.0,Male,1970.0,50.0,Married,Unemployed
SGP,702071111,2.0,1.0,1.0,1.0,4.0,4.0,4.0,An atheist,4.0,Male,1993.0,27.0,Single,Unemployed
SGP,702071112,1.0,1.0,2.0,2.0,7.0,7.0,6.0,A religious person,2.0,Female,1990.0,30.0,Married,Full time
SGP,702071113,1.0,2.0,2.0,2.0,7.0,5.0,5.0,A religious person,3.0,Female,1997.0,23.0,Single,Student
SGP,702071114,1.0,2.0,1.0,1.0,4.0,7.0,5.0,Not a religious person,5.0,Female,1997.0,23.0,Single,Full time
SGP,702071115,1.0,2.0,2.0,1.0,7.0,8.0,7.0,A religious person,1.0,Female,1982.0,38.0,Married,Homemaker not otherwise employed
SGP,702071116,1.0,2.0,2.0,2.0,6.0,7.0,5.0,Not a religious person,5.0,Female,1978.0,42.0,Married,Homemaker not otherwise employed
SGP,702071117,1.0,2.0,2.0,2.0,4.0,7.0,6.0,A religious person,6.0,Male,1975.0,45.0,Married,Full time
SGP,702071118,1.0,2.0,2.0,2.0,8.0,8.0,8.0,A religious person,9.0,Male,1962.0,58.0,Married,Full time
SGP,702071119,1.0,2.0,2.0,4.0,4.0,7.0,7.0,A religious person,3.0,Female,1938.0,82.0,Married,Homemaker not otherwise employed
SGP,702071120,1.0,1.0,1.0,3.0,8.0,7.0,8.0,Not a religious person,3.0,Male,1999.0,21.0,Single,Other
SGP,702071121,1.0,2.0,2.0,4.0,6.0,6.0,6.0,A religious person,10.0,Female,1936.0,84.0,Single,Retired/pensioned
SGP,702071122,1.0,2.0,2.0,4.0,6.0,5.0,9.0,Not a religious person,5.0,Female,1945.0,75.0,Widowed,Homemaker not otherwise employed
SGP,702071123,1.0,1.0,1.0,1.0,7.0,9.0,9.0,A religious person,7.0,Male,1968.0,52.0,Married,Full time
SGP,702071124,1.0,1.0,1.0,3.0,5.0,8.0,8.0,Not a religious person,5.0,Female,1980.0,40.0,Married,Homemaker not otherwise employed
SGP,702071125,1.0,2.0,2.0,3.0,3.0,7.0,6.0,Not a religious person,,Female,1949.0,71.0,Married,Homemaker not otherwise employed
SGP,702071126,1.0,1.0,2.0,1.0,6.0,6.0,6.0,A religious person,6.0,Female,1981.0,39.0,Married,Full time
SGP,702071127,1.0,3.0,3.0,1.0,4.0,7.0,8.0,A religious person,5.0,Male,1972.0,48.0,Married,Full time
SGP,702071128,1.0,1.0,1.0,2.0,7.0,7.0,6.0,A religious person,5.0,Female,1989.0,31.0,Married,Full time
SGP,702071129,1.0,2.0,4.0,2.0,5.0,8.0,8.0,A religious person,2.0,Female,1983.0,37.0,Married,Full time
SGP,702071130,1.0,2.0,2.0,2.0,6.0,6.0,7.0,A religious person,,Female,1963.0,57.0,Married,Homemaker not otherwise employed
SGP,702071131,1.0,1.0,1.0,2.0,1.0,5.0,5.0,A religious person,5.0,Male,1969.0,51.0,Married,Unemployed
SGP,702071132,2.0,1.0,1.0,1.0,5.0,7.0,5.0,Not a religious person,4.0,Female,1978.0,42.0,Divorced,Unemployed
SGP,702071133,2.0,2.0,2.0,1.0,7.0,1.0,1.0,A religious person,,Female,1974.0,46.0,Married,Unemployed
SGP,702071134,1.0,2.0,2.0,1.0,10.0,9.0,9.0,A religious person,,Female,1979.0,41.0,Married,Homemaker not otherwise employed
SGP,702071135,1.0,1.0,2.0,2.0,7.0,7.0,7.0,Not a religious person,,Female,1972.0,48.0,Single,Full time
SGP,702071136,1.0,2.0,2.0,3.0,5.0,7.0,6.0,Not a religious person,,Female,1958.0,62.0,Married,Full time
SGP,702071137,2.0,2.0,3.0,2.0,3.0,3.0,2.0,Not a religious person,,Male,1958.0,62.0,Divorced,Unemployed
SGP,702071138,1.0,2.0,1.0,2.0,7.0,8.0,8.0,A religious person,7.0,Female,1988.0,31.0,Single,Full time
SGP,702071139,1.0,1.0,2.0,1.0,4.0,6.0,6.0,Not a religious person,6.0,Female,1996.0,24.0,Married,Part time
SGP,702071140,2.0,1.0,1.0,2.0,4.0,4.0,4.0,Not a religious person,5.0,Female,1994.0,26.0,Married,Full time
SGP,702071141,1.0,2.0,3.0,1.0,7.0,8.0,7.0,A religious person,2.0,Male,1976.0,43.0,Married,Full time
SGP,702071142,1.0,1.0,1.0,2.0,6.0,7.0,6.0,,3.0,Male,1995.0,24.0,Single,Student
SGP,702071143,1.0,2.0,1.0,1.0,8.0,10.0,8.0,Not a religious person,3.0,Male,1996.0,23.0,Single,Student
SGP,702071144,1.0,2.0,2.0,2.0,7.0,7.0,8.0,A religious person,,Female,1956.0,64.0,Married,Homemaker not otherwise employed
SGP,702071145,1.0,1.0,1.0,3.0,6.0,7.0,8.0,Not a religious person,4.0,Female,1977.0,43.0,Married,Homemaker not otherwise employed
SGP,702071146,1.0,1.0,2.0,1.0,4.0,10.0,10.0,A religious person,,Female,1979.0,41.0,Married,Full time
SGP,702071147,1.0,1.0,2.0,1.0,8.0,9.0,6.0,A religious person,4.0,Male,1990.0,29.0,Married,Full time
SGP,702071148,1.0,1.0,2.0,2.0,7.0,8.0,6.0,Not a religious person,4.0,Male,1995.0,25.0,Single,Student
SGP,702071149,1.0,2.0,1.0,4.0,6.0,7.0,7.0,Not a religious person,,Female,1987.0,33.0,Married,Homemaker not otherwise employed
SGP,702071150,1.0,3.0,2.0,2.0,7.0,8.0,7.0,Not a religious person,,Female,1987.0,33.0,Married,Full time
SGP,702071151,1.0,2.0,2.0,2.0,4.0,5.0,5.0,Not a religious person,7.0,Male,1956.0,64.0,Married,Retired/pensioned
SGP,702071152,1.0,1.0,1.0,2.0,4.0,6.0,4.0,Not a religious person,5.0,Female,1984.0,36.0,Living together as married,Full time
SGP,702071153,1.0,1.0,2.0,4.0,7.0,7.0,7.0,Not a religious person,2.0,Female,1972.0,48.0,Married,Homemaker not otherwise employed
SGP,702071154,1.0,2.0,2.0,2.0,7.0,8.0,8.0,A religious person,5.0,Male,1996.0,23.0,Living together as married,Student
SGP,702071155,1.0,2.0,1.0,3.0,9.0,8.0,9.0,Not a religious person,5.0,Male,1968.0,52.0,Married,Retired/pensioned
SGP,702071156,2.0,2.0,2.0,2.0,8.0,8.0,9.0,Not a religious person,3.0,Male,1996.0,23.0,Single,Student
SGP,702071157,2.0,1.0,1.0,4.0,5.0,5.0,5.0,Not a religious person,5.0,Female,1982.0,37.0,Single,Self employed
SGP,702071158,1.0,2.0,2.0,3.0,10.0,1.0,1.0,A religious person,5.0,Male,1948.0,72.0,Married,Other
SGP,702071159,1.0,2.0,1.0,3.0,7.0,7.0,7.0,A religious person,5.0,Female,1945.0,75.0,Widowed,Homemaker not otherwise employed
SGP,702071160,1.0,2.0,1.0,1.0,5.0,6.0,6.0,A religious person,8.0,Male,1967.0,53.0,Married,Unemployed
SGP,702071161,1.0,2.0,2.0,1.0,5.0,5.0,5.0,A religious person,5.0,Male,1959.0,61.0,Married,Retired/pensioned
SGP,702071162,1.0,1.0,2.0,1.0,5.0,5.0,5.0,,,Male,1998.0,22.0,Single,Student
SGP,702071163,1.0,1.0,1.0,1.0,5.0,5.0,5.0,Not a religious person,5.0,Female,1996.0,24.0,Single,Full time
SGP,702071164,1.0,1.0,2.0,3.0,8.0,8.0,8.0,A religious person,7.0,Male,1958.0,61.0,Married,Retired/pensioned
SGP,702071165,1.0,2.0,2.0,2.0,8.0,9.0,10.0,An atheist,5.0,Male,1982.0,38.0,Married,Full time
SGP,702071166,1.0,2.0,2.0,2.0,8.0,7.0,8.0,A religious person,5.0,Female,1941.0,79.0,Widowed,Retired/pensioned
SGP,702071167,1.0,1.0,1.0,2.0,8.0,7.0,5.0,Not a religious person,7.0,Female,1964.0,55.0,Married,Self employed
SGP,702071168,1.0,2.0,2.0,2.0,7.0,7.0,8.0,Not a religious person,3.0,Male,1983.0,36.0,Married,Full time
SGP,702071169,1.0,2.0,1.0,1.0,7.0,7.0,6.0,A religious person,2.0,Female,1963.0,57.0,Divorced,Homemaker not otherwise employed
SGP,702071170,1.0,2.0,3.0,1.0,7.0,7.0,7.0,A religious person,5.0,Female,1958.0,62.0,Widowed,Homemaker not otherwise employed
SGP,702071171,1.0,1.0,2.0,1.0,7.0,8.0,6.0,A religious person,2.0,Male,1988.0,32.0,Single,Full time
SGP,702071172,1.0,1.0,2.0,3.0,5.0,6.0,6.0,Not a religious person,5.0,Female,1970.0,49.0,Single,Unemployed
SGP,702071173,1.0,2.0,2.0,2.0,6.0,7.0,6.0,A religious person,6.0,Female,1967.0,53.0,Married,Full time
SGP,702071174,1.0,1.0,2.0,2.0,7.0,6.0,5.0,Not a religious person,3.0,Female,1996.0,24.0,Single,Student
SGP,702071175,1.0,1.0,2.0,1.0,5.0,5.0,7.0,A religious person,8.0,Male,1946.0,74.0,Married,Retired/pensioned
SGP,702071176,1.0,2.0,1.0,3.0,8.0,8.0,7.0,A religious person,5.0,Male,1954.0,66.0,Divorced,Part time
SGP,702071177,2.0,2.0,2.0,2.0,8.0,8.0,7.0,An atheist,,Female,1990.0,30.0,Single,Full time
SGP,702071178,1.0,2.0,2.0,3.0,5.0,8.0,5.0,A religious person,5.0,Female,1957.0,63.0,Married,Homemaker not otherwise employed
SGP,702071179,1.0,2.0,4.0,2.0,8.0,7.0,7.0,Not a religious person,7.0,Male,1968.0,52.0,Married,Full time
SGP,702071180,1.0,2.0,2.0,2.0,8.0,10.0,10.0,An atheist,,Male,1938.0,82.0,Married,Retired/pensioned
SGP,702071181,1.0,2.0,2.0,1.0,8.0,7.0,6.0,An atheist,-2.0,Male,1956.0,64.0,Married,Retired/pensioned
SGP,702071182,1.0,1.0,1.0,2.0,7.0,7.0,9.0,A religious person,6.0,Female,1973.0,47.0,Married,Homemaker not otherwise employed
SGP,702071183,1.0,3.0,1.0,1.0,1.0,4.0,1.0,A religious person,3.0,Male,1982.0,38.0,Married,Full time
SGP,702071184,1.0,2.0,2.0,3.0,10.0,8.0,7.0,A religious person,,Female,1985.0,35.0,Single,Self employed
SGP,702071185,1.0,1.0,2.0,2.0,7.0,8.0,8.0,A religious person,5.0,Female,1963.0,56.0,Married,Full time
SGP,702071186,1.0,2.0,2.0,1.0,5.0,5.0,6.0,Not a religious person,,Female,1981.0,39.0,Married,Self employed
SGP,702071187,1.0,2.0,1.0,2.0,8.0,6.0,6.0,A religious person,8.0,Female,1977.0,43.0,Single,Unemployed
SGP,702071188,2.0,2.0,2.0,2.0,9.0,8.0,9.0,Not a religious person,7.0,Male,1955.0,64.0,Single,Full time
SGP,702071189,1.0,1.0,2.0,1.0,5.0,5.0,5.0,A religious person,,Male,1991.0,29.0,Single,Self employed
SGP,702071190,3.0,2.0,3.0,3.0,4.0,5.0,3.0,A religious person,5.0,Female,1952.0,68.0,Widowed,Retired/pensioned
SGP,702071191,1.0,2.0,2.0,1.0,8.0,8.0,10.0,A religious person,3.0,Female,1973.0,46.0,Married,Full time
SGP,702071192,1.0,2.0,2.0,2.0,8.0,8.0,8.0,A religious person,8.0,Female,1967.0,52.0,Single,Self employed
SGP,702071193,1.0,2.0,2.0,2.0,7.0,7.0,6.0,Not a religious person,3.0,Female,1993.0,26.0,Married,Self employed
SGP,702071194,1.0,2.0,2.0,2.0,9.0,4.0,5.0,A religious person,8.0,Male,1963.0,56.0,Married,Self employed
SGP,702071195,3.0,1.0,1.0,1.0,5.0,4.0,8.0,A religious person,5.0,Female,1994.0,25.0,Single,Full time
SGP,702071196,1.0,1.0,2.0,1.0,5.0,5.0,5.0,A religious person,,Male,1995.0,25.0,Single,Full time
SGP,702071197,1.0,1.0,2.0,3.0,9.0,7.0,8.0,A religious person,3.0,Female,1984.0,35.0,Married,Full time
SGP,702071198,1.0,1.0,1.0,1.0,5.0,5.0,5.0,,,Female,1985.0,35.0,Married,Full time
SGP,702071199,2.0,2.0,1.0,2.0,9.0,8.0,7.0,An atheist,,Male,1992.0,27.0,Single,Self employed
SGP,702071200,1.0,2.0,2.0,2.0,5.0,5.0,1.0,A religious person,,Female,1973.0,46.0,Married,Part time
SGP,702071201,1.0,2.0,2.0,1.0,5.0,5.0,3.0,Not a religious person,2.0,Male,1980.0,39.0,Living together as married,Full time
SGP,702071202,1.0,1.0,1.0,1.0,5.0,5.0,5.0,Not a religious person,,Male,1990.0,30.0,Single,Full time
SGP,702071203,1.0,2.0,2.0,2.0,8.0,7.0,5.0,A religious person,5.0,Male,1984.0,35.0,Married,Full time
SGP,702071204,2.0,2.0,2.0,2.0,5.0,5.0,5.0,Not a religious person,5.0,Female,1951.0,68.0,Married,Homemaker not otherwise employed
SGP,702071205,1.0,1.0,2.0,1.0,8.0,8.0,8.0,A religious person,6.0,Female,1950.0,69.0,Married,Retired/pensioned
SGP,702071206,1.0,2.0,2.0,2.0,6.0,6.0,6.0,A religious person,2.0,Female,1984.0,35.0,Single,Full time
SGP,702071207,1.0,1.0,1.0,2.0,8.0,8.0,7.0,A religious person,9.0,Male,1991.0,29.0,Single,Full time
SGP,702071208,1.0,1.0,1.0,1.0,5.0,7.0,6.0,A religious person,8.0,Male,1962.0,58.0,Single,Full time
SGP,702071209,1.0,1.0,1.0,1.0,10.0,10.0,7.0,A religious person,5.0,Female,1975.0,45.0,Married,Homemaker not otherwise employed
SGP,702071210,1.0,2.0,2.0,1.0,8.0,6.0,4.0,Not a religious person,5.0,Male,1982.0,37.0,Single,Full time
SGP,702071211,1.0,1.0,1.0,1.0,6.0,10.0,10.0,A religious person,3.0,Female,1971.0,49.0,Married,Homemaker not otherwise employed
SGP,702071212,1.0,1.0,1.0,2.0,5.0,5.0,4.0,A religious person,4.0,Female,1971.0,49.0,Single,Unemployed
SGP,702071213,1.0,2.0,2.0,1.0,2.0,3.0,2.0,A religious person,2.0,Male,1979.0,40.0,Married,Full time
SGP,702071214,1.0,2.0,2.0,3.0,5.0,8.0,7.0,A religious person,6.0,Female,1953.0,66.0,Widowed,Homemaker not otherwise employed
SGP,702071215,1.0,2.0,2.0,1.0,9.0,9.0,8.0,A religious person,8.0,Female,1996.0,24.0,Single,Full time
SGP,702071216,1.0,2.0,3.0,2.0,5.0,8.0,8.0,A religious person,5.0,Female,1979.0,41.0,Married,Full time
SGP,702071217,1.0,2.0,2.0,2.0,7.0,7.0,8.0,A religious person,7.0,Male,1965.0,54.0,Married,Full time
SGP,702071218,1.0,2.0,2.0,1.0,10.0,9.0,9.0,A religious person,6.0,Male,1948.0,71.0,Living together as married,Retired/pensioned
SGP,702071219,1.0,2.0,2.0,2.0,6.0,5.0,6.0,A religious person,5.0,Female,1935.0,85.0,Widowed,Retired/pensioned
SGP,702071220,1.0,1.0,1.0,2.0,7.0,8.0,5.0,A religious person,5.0,Female,1978.0,41.0,Married,Homemaker not otherwise employed
SGP,702071221,1.0,2.0,2.0,1.0,8.0,5.0,5.0,A religious person,3.0,Female,1967.0,53.0,Divorced,Full time
SGP,702071222,1.0,2.0,2.0,1.0,7.0,1.0,2.0,A religious person,5.0,Female,1945.0,75.0,Married,Homemaker not otherwise employed
SGP,702071223,1.0,2.0,2.0,1.0,6.0,8.0,8.0,An atheist,5.0,Male,1985.0,34.0,Married,Full time
SGP,702071224,1.0,1.0,1.0,2.0,7.0,6.0,3.0,Not a religious person,5.0,Female,1970.0,50.0,Married,Full time
SGP,702071225,1.0,2.0,2.0,2.0,9.0,9.0,9.0,Not a religious person,7.0,Male,1982.0,37.0,Married,Full time
SGP,702071226,1.0,2.0,1.0,1.0,5.0,8.0,7.0,Not a religious person,6.0,Female,1970.0,50.0,Married,Full time
SGP,702071227,1.0,2.0,1.0,1.0,7.0,7.0,7.0,A religious person,5.0,Female,1984.0,36.0,Married,Full time
SGP,702071228,1.0,3.0,1.0,2.0,6.0,6.0,6.0,A religious person,6.0,Female,1966.0,54.0,Married,Part time
SGP,702071229,1.0,2.0,2.0,2.0,8.0,8.0,7.0,A religious person,4.0,Female,1980.0,40.0,Married,Homemaker not otherwise employed
SGP,702071230,1.0,1.0,1.0,1.0,6.0,9.0,10.0,A religious person,5.0,Male,1986.0,34.0,Married,Self employed
SGP,702071231,1.0,2.0,2.0,3.0,7.0,6.0,8.0,Not a religious person,5.0,Female,1993.0,27.0,Single,Full time
SGP,702071232,1.0,2.0,2.0,3.0,7.0,7.0,7.0,A religious person,6.0,Female,1961.0,59.0,Married,Homemaker not otherwise employed
SGP,702071233,1.0,1.0,2.0,4.0,7.0,8.0,9.0,A religious person,5.0,Female,1963.0,57.0,Married,Retired/pensioned
SGP,702071234,1.0,2.0,2.0,2.0,10.0,10.0,8.0,A religious person,2.0,Female,1997.0,23.0,Single,Student
SGP,702071235,1.0,2.0,2.0,3.0,8.0,8.0,8.0,A religious person,7.0,Female,1976.0,43.0,Married,Part time
SGP,702071236,1.0,2.0,2.0,1.0,10.0,7.0,9.0,A religious person,2.0,Male,1992.0,28.0,Single,Full time
SGP,702071237,1.0,1.0,2.0,2.0,8.0,9.0,9.0,An atheist,3.0,Female,1969.0,51.0,Married,Homemaker not otherwise employed
SGP,702071238,1.0,1.0,2.0,1.0,6.0,6.0,6.0,Not a religious person,7.0,Male,1979.0,41.0,Single,Full time
SGP,702071239,1.0,2.0,2.0,1.0,6.0,10.0,10.0,An atheist,7.0,Male,1980.0,40.0,Widowed,Full time
SGP,702071240,1.0,2.0,2.0,2.0,10.0,10.0,6.0,A religious person,4.0,Male,1963.0,57.0,Married,Self employed
SGP,702071241,1.0,2.0,1.0,1.0,2.0,6.0,3.0,A religious person,6.0,Male,1952.0,68.0,Married,Retired/pensioned
SGP,702071242,1.0,2.0,1.0,1.0,7.0,8.0,7.0,A religious person,1.0,Female,1971.0,49.0,Married,Full time
SGP,702071243,1.0,1.0,1.0,2.0,8.0,8.0,8.0,,6.0,Female,1955.0,65.0,Married,Retired/pensioned
SGP,702071244,1.0,1.0,1.0,1.0,6.0,5.0,5.0,An atheist,2.0,Male,1990.0,29.0,Single,Full time
SGP,702071245,1.0,2.0,2.0,1.0,6.0,8.0,8.0,A religious person,2.0,Male,1984.0,36.0,Married,Full time
SGP,702071246,1.0,1.0,1.0,3.0,10.0,8.0,7.0,An atheist,5.0,Female,1986.0,34.0,Single,Full time
SGP,702071247,1.0,2.0,2.0,2.0,7.0,10.0,8.0,A religious person,8.0,Female,1947.0,72.0,Married,Retired/pensioned
SGP,702071248,1.0,2.0,2.0,3.0,8.0,8.0,10.0,A religious person,3.0,Male,1938.0,81.0,Married,Retired/pensioned
SGP,702071249,1.0,1.0,2.0,1.0,8.0,10.0,7.0,A religious person,3.0,Female,1962.0,57.0,Married,Retired/pensioned
SGP,702071250,1.0,1.0,3.0,1.0,1.0,5.0,2.0,A religious person,5.0,Male,1952.0,68.0,Married,Full time
SGP,702071251,1.0,1.0,1.0,1.0,7.0,7.0,6.0,Not a religious person,1.0,Female,1981.0,39.0,Single,Full time
SGP,702071252,1.0,2.0,2.0,1.0,8.0,8.0,8.0,Not a religious person,4.0,Female,1988.0,32.0,Single,Unemployed
SGP,702071253,1.0,2.0,3.0,1.0,5.0,5.0,1.0,A religious person,1.0,Male,1967.0,53.0,Single,Unemployed
SGP,702071254,1.0,3.0,2.0,2.0,7.0,8.0,5.0,An atheist,4.0,Male,1972.0,47.0,Married,Full time
SGP,702071255,1.0,1.0,1.0,1.0,9.0,8.0,7.0,An atheist,7.0,Male,1988.0,32.0,Married,Self employed
SGP,702071256,1.0,1.0,1.0,1.0,7.0,7.0,8.0,Not a religious person,3.0,Male,1993.0,27.0,Single,Full time
SGP,702071257,1.0,2.0,2.0,2.0,10.0,9.0,8.0,Not a religious person,2.0,Male,1992.0,28.0,Married,Full time
SGP,702071258,1.0,2.0,2.0,2.0,6.0,5.0,5.0,A religious person,8.0,Female,1948.0,72.0,Married,Homemaker not otherwise employed
SGP,702071259,1.0,2.0,2.0,2.0,9.0,7.0,5.0,An atheist,1.0,Female,1993.0,27.0,Married,Homemaker not otherwise employed
SGP,702071260,1.0,2.0,3.0,2.0,10.0,7.0,7.0,Not a religious person,1.0,Female,1974.0,46.0,Married,Full time
SGP,702071261,1.0,1.0,1.0,1.0,10.0,10.0,10.0,A religious person,6.0,Female,1977.0,43.0,Married,Homemaker not otherwise employed
SGP,702071262,1.0,3.0,2.0,1.0,10.0,10.0,10.0,Not a religious person,1.0,Male,1975.0,45.0,Married,Full time
SGP,702071263,3.0,2.0,2.0,2.0,8.0,8.0,3.0,A religious person,8.0,Male,1952.0,68.0,Divorced,Full time
SGP,702071264,1.0,3.0,2.0,1.0,7.0,10.0,8.0,Not a religious person,1.0,Male,1972.0,47.0,Married,Full time
SGP,702071265,1.0,1.0,1.0,2.0,7.0,8.0,8.0,Not a religious person,3.0,Female,1995.0,24.0,Single,Full time
SGP,702071266,1.0,2.0,2.0,2.0,6.0,7.0,7.0,A religious person,6.0,Male,1952.0,67.0,Married,Full time
SGP,702071267,1.0,2.0,3.0,2.0,10.0,9.0,7.0,A religious person,3.0,Male,1991.0,28.0,Married,Full time
SGP,702071268,1.0,2.0,2.0,1.0,10.0,10.0,10.0,A religious person,,Female,1948.0,71.0,Widowed,Retired/pensioned
SGP,702071269,1.0,1.0,2.0,2.0,4.0,4.0,4.0,A religious person,5.0,Male,1965.0,54.0,Married,Full time
SGP,702071270,1.0,2.0,3.0,1.0,7.0,8.0,5.0,A religious person,6.0,Female,1949.0,70.0,Married,Retired/pensioned
SGP,702071271,1.0,2.0,1.0,3.0,5.0,3.0,3.0,A religious person,5.0,Female,1969.0,50.0,Married,Part time
SGP,702071272,1.0,2.0,2.0,1.0,5.0,7.0,8.0,A religious person,5.0,Female,1950.0,69.0,Married,Homemaker not otherwise employed
SGP,702071273,1.0,1.0,1.0,1.0,4.0,4.0,4.0,An atheist,5.0,Male,1990.0,30.0,Single,Full time
SGP,702071274,1.0,2.0,2.0,2.0,5.0,6.0,6.0,Not a religious person,4.0,Female,1969.0,50.0,Married,Full time
SGP,702071275,1.0,1.0,2.0,2.0,10.0,9.0,8.0,Not a religious person,2.0,Female,1987.0,33.0,Married,Student
SGP,702071276,1.0,3.0,2.0,2.0,6.0,6.0,6.0,A religious person,3.0,Female,1963.0,57.0,Married,Homemaker not otherwise employed
SGP,702071277,1.0,3.0,1.0,1.0,5.0,7.0,5.0,Not a religious person,10.0,Female,1989.0,31.0,Married,Full time
SGP,702071278,1.0,1.0,1.0,1.0,6.0,10.0,3.0,Not a religious person,6.0,Female,1978.0,42.0,Divorced,Full time
SGP,702071279,1.0,2.0,2.0,2.0,9.0,9.0,9.0,Not a religious person,3.0,Female,1959.0,61.0,Married,Homemaker not otherwise employed
SGP,702071280,1.0,1.0,1.0,3.0,7.0,8.0,8.0,A religious person,3.0,Female,1969.0,51.0,Married,Full time
SGP,702071281,1.0,2.0,2.0,1.0,7.0,10.0,7.0,A religious person,5.0,Female,1984.0,36.0,Married,Full time
SGP,702071282,1.0,2.0,3.0,1.0,4.0,10.0,2.0,Not a religious person,5.0,Male,1984.0,36.0,Married,Unemployed
SGP,702071283,1.0,1.0,1.0,1.0,8.0,8.0,9.0,A religious person,10.0,Male,1976.0,44.0,Married,Full time
SGP,702071284,1.0,2.0,2.0,2.0,1.0,2.0,10.0,A religious person,1.0,Male,1966.0,53.0,Married,Full time
SGP,702071285,1.0,2.0,1.0,2.0,7.0,4.0,4.0,Not a religious person,5.0,Male,1997.0,23.0,Single,Part time
SGP,702071286,1.0,2.0,2.0,3.0,6.0,6.0,6.0,A religious person,6.0,Male,1952.0,68.0,Married,Retired/pensioned
SGP,702071287,1.0,1.0,1.0,2.0,8.0,8.0,7.0,A religious person,6.0,Female,1998.0,22.0,Single,Full time
SGP,702071288,1.0,2.0,2.0,2.0,9.0,8.0,7.0,A religious person,8.0,Male,1989.0,31.0,Married,Full time
SGP,702071289,1.0,2.0,2.0,2.0,8.0,7.0,7.0,Not a religious person,1.0,Male,1987.0,33.0,Married,Self employed
SGP,702071290,1.0,2.0,2.0,2.0,8.0,8.0,10.0,A religious person,6.0,Male,1961.0,59.0,Married,Self employed
SGP,702071291,1.0,2.0,1.0,2.0,7.0,8.0,9.0,A religious person,6.0,Female,1993.0,27.0,Single,Full time
SGP,702071292,1.0,2.0,2.0,2.0,4.0,5.0,5.0,A religious person,3.0,Female,1963.0,57.0,Divorced,Retired/pensioned
SGP,702071293,1.0,2.0,2.0,3.0,10.0,10.0,10.0,An atheist,,Male,1949.0,70.0,Married,Part time
SGP,702071294,1.0,2.0,1.0,1.0,6.0,7.0,5.0,,8.0,Female,1975.0,45.0,Married,Full time
SGP,702071295,1.0,2.0,2.0,2.0,6.0,7.0,8.0,Not a religious person,6.0,Male,1975.0,44.0,Married,Full time
SGP,702071296,1.0,2.0,4.0,1.0,7.0,4.0,4.0,Not a religious person,5.0,Male,1973.0,46.0,Married,Unemployed
SGP,702071297,1.0,2.0,2.0,4.0,2.0,4.0,5.0,An atheist,,Female,1945.0,74.0,Married,Retired/pensioned
SGP,702071298,1.0,1.0,1.0,2.0,8.0,8.0,7.0,An atheist,5.0,Male,1970.0,50.0,Married,Full time
SGP,702071299,1.0,2.0,2.0,2.0,6.0,6.0,6.0,A religious person,5.0,Female,1976.0,44.0,Married,Full time
SGP,702071300,1.0,2.0,1.0,2.0,6.0,7.0,6.0,An atheist,6.0,Female,1988.0,31.0,Single,Full time
SGP,702071301,2.0,1.0,2.0,2.0,7.0,9.0,10.0,An atheist,5.0,Male,1995.0,25.0,Single,Unemployed
SGP,702071302,1.0,1.0,1.0,1.0,3.0,8.0,6.0,A religious person,5.0,Female,1953.0,67.0,Single,Retired/pensioned
SGP,702071303,1.0,2.0,2.0,2.0,7.0,5.0,5.0,A religious person,,Female,1987.0,33.0,Single,Unemployed
SGP,702071304,1.0,2.0,1.0,1.0,8.0,4.0,4.0,An atheist,5.0,Male,1974.0,46.0,Married,Full time
SGP,702071305,1.0,2.0,2.0,4.0,2.0,9.0,8.0,A religious person,8.0,Male,1939.0,81.0,Married,Retired/pensioned
SGP,702071306,1.0,1.0,1.0,,8.0,8.0,8.0,A religious person,5.0,Male,1948.0,72.0,Married,Retired/pensioned
SGP,702071307,1.0,1.0,2.0,2.0,7.0,8.0,8.0,,-2.0,Female,1983.0,37.0,Single,Full time
SGP,702071308,1.0,1.0,2.0,1.0,7.0,9.0,9.0,Not a religious person,7.0,Male,1960.0,60.0,Married,Full time
SGP,702071309,2.0,3.0,3.0,,6.0,6.0,6.0,,,Female,1955.0,65.0,Married,Retired/pensioned
SGP,702071310,1.0,1.0,3.0,1.0,8.0,10.0,8.0,A religious person,9.0,Male,1978.0,42.0,Married,Full time
SGP,702071311,1.0,2.0,2.0,4.0,7.0,8.0,8.0,Not a religious person,5.0,Female,1957.0,63.0,Married,Retired/pensioned
SGP,702071312,1.0,2.0,4.0,1.0,8.0,8.0,6.0,A religious person,7.0,Female,1996.0,24.0,Single,Student
SGP,702071313,1.0,2.0,2.0,2.0,8.0,8.0,8.0,A religious person,5.0,Male,1969.0,51.0,Married,Full time
SGP,702071314,1.0,1.0,1.0,3.0,2.0,8.0,5.0,A religious person,8.0,Male,1967.0,53.0,Married,Full time
SGP,702071315,1.0,2.0,2.0,2.0,6.0,8.0,8.0,Not a religious person,5.0,Female,1974.0,45.0,Married,Homemaker not otherwise employed
SGP,702071316,1.0,1.0,1.0,2.0,8.0,8.0,8.0,Not a religious person,5.0,Male,1996.0,23.0,Single,Student
SGP,702071317,2.0,2.0,2.0,2.0,7.0,6.0,6.0,Not a religious person,6.0,Male,1973.0,47.0,Single,Full time
SGP,702071318,1.0,3.0,4.0,3.0,6.0,5.0,2.0,Not a religious person,,Female,1964.0,56.0,Divorced,Homemaker not otherwise employed
SGP,702071319,1.0,2.0,1.0,2.0,8.0,8.0,7.0,Not a religious person,3.0,Male,1988.0,32.0,Single,Full time
SGP,702071320,1.0,2.0,1.0,1.0,4.0,7.0,7.0,A religious person,4.0,Female,1983.0,37.0,Married,Full time
SGP,702071321,1.0,2.0,2.0,1.0,8.0,8.0,8.0,A religious person,6.0,Male,1982.0,38.0,Married,Full time
SGP,702071322,1.0,3.0,3.0,1.0,7.0,8.0,6.0,Not a religious person,7.0,Female,1960.0,60.0,Married,Homemaker not otherwise employed
SGP,702071323,1.0,1.0,2.0,1.0,8.0,7.0,7.0,Not a religious person,3.0,Female,1996.0,24.0,Single,Student
SGP,702071324,1.0,2.0,2.0,2.0,5.0,6.0,6.0,A religious person,7.0,Female,1964.0,56.0,Married,Full time
SGP,702071325,1.0,1.0,1.0,2.0,7.0,4.0,5.0,A religious person,5.0,Female,1975.0,44.0,Married,Full time
SGP,702071326,1.0,1.0,1.0,1.0,8.0,8.0,7.0,A religious person,6.0,Female,1962.0,58.0,Married,Part time
SGP,702071327,1.0,2.0,2.0,2.0,9.0,9.0,7.0,A religious person,1.0,Male,1982.0,37.0,Married,Self employed
SGP,702071328,1.0,1.0,1.0,1.0,8.0,9.0,8.0,A religious person,5.0,Female,1990.0,29.0,Married,Homemaker not otherwise employed
SGP,702071329,1.0,1.0,1.0,2.0,8.0,5.0,5.0,A religious person,1.0,Female,1983.0,36.0,Divorced,Full time
SGP,702071330,1.0,2.0,2.0,1.0,8.0,8.0,6.0,A religious person,5.0,Female,1967.0,53.0,Married,Full time
SGP,702071331,1.0,1.0,2.0,2.0,8.0,8.0,8.0,A religious person,5.0,Male,1959.0,61.0,Married,Retired/pensioned
SGP,702071332,1.0,1.0,1.0,2.0,7.0,7.0,7.0,Not a religious person,3.0,Female,1998.0,22.0,Single,Student
SGP,702071333,1.0,2.0,1.0,3.0,2.0,4.0,4.0,A religious person,5.0,Male,1998.0,22.0,Single,Student
SGP,702071334,1.0,2.0,1.0,1.0,5.0,5.0,4.0,A religious person,1.0,Male,1987.0,33.0,Married,Full time
SGP,702071335,1.0,2.0,2.0,1.0,10.0,9.0,8.0,Not a religious person,1.0,Male,1992.0,27.0,Single,Unemployed
SGP,702071336,1.0,3.0,3.0,2.0,8.0,10.0,10.0,A religious person,6.0,Female,1989.0,30.0,Married,Homemaker not otherwise employed
SGP,702071337,1.0,1.0,1.0,1.0,5.0,5.0,5.0,A religious person,5.0,Female,1981.0,38.0,Married,Full time
SGP,702071338,1.0,2.0,1.0,1.0,7.0,7.0,6.0,A religious person,6.0,Female,1963.0,56.0,Widowed,Full time
SGP,702071339,1.0,2.0,1.0,3.0,8.0,8.0,7.0,A religious person,2.0,Female,1957.0,63.0,Married,Homemaker not otherwise employed
SGP,702071340,1.0,1.0,2.0,2.0,8.0,7.0,7.0,Not a religious person,5.0,Female,1997.0,23.0,Single,Student
SGP,702071341,1.0,1.0,2.0,2.0,10.0,8.0,8.0,A religious person,5.0,Female,1955.0,65.0,Married,Full time
SGP,702071342,1.0,1.0,1.0,2.0,10.0,9.0,5.0,Not a religious person,6.0,Female,1989.0,31.0,Single,Full time
SGP,702071343,1.0,2.0,1.0,2.0,7.0,7.0,7.0,,5.0,Male,1973.0,47.0,Married,Full time
SGP,702071344,1.0,1.0,1.0,1.0,10.0,10.0,6.0,A religious person,8.0,Male,1964.0,56.0,Married,Self employed
SGP,702071345,1.0,2.0,3.0,1.0,10.0,10.0,10.0,A religious person,3.0,Female,1962.0,58.0,Married,Other
SGP,702071346,1.0,1.0,1.0,1.0,8.0,7.0,5.0,A religious person,1.0,Male,1962.0,58.0,Married,Full time
SGP,702071347,1.0,2.0,1.0,3.0,7.0,10.0,6.0,A religious person,1.0,Female,1951.0,69.0,Married,Homemaker not otherwise employed
SGP,702071348,1.0,2.0,1.0,2.0,10.0,9.0,10.0,A religious person,3.0,Female,1947.0,73.0,Married,Retired/pensioned
SGP,702071349,1.0,2.0,2.0,2.0,7.0,7.0,5.0,A religious person,6.0,Female,1948.0,71.0,Married,Homemaker not otherwise employed
SGP,702071350,1.0,1.0,2.0,3.0,10.0,10.0,6.0,An atheist,6.0,Male,1953.0,66.0,Married,Retired/pensioned
SGP,702071351,1.0,1.0,1.0,2.0,7.0,7.0,6.0,Not a religious person,4.0,Female,1975.0,44.0,Married,Homemaker not otherwise employed
SGP,702071352,1.0,3.0,2.0,3.0,10.0,10.0,10.0,Not a religious person,9.0,Female,1954.0,66.0,Married,Homemaker not otherwise employed
SGP,702071353,1.0,3.0,2.0,3.0,6.0,6.0,9.0,Not a religious person,6.0,Male,1946.0,73.0,Married,Retired/pensioned
SGP,702071354,1.0,2.0,2.0,2.0,6.0,5.0,7.0,Not a religious person,5.0,Male,1982.0,38.0,Single,Full time
SGP,702071355,1.0,1.0,1.0,1.0,5.0,5.0,5.0,A religious person,6.0,Female,1957.0,62.0,Divorced,Homemaker not otherwise employed
SGP,702071356,1.0,2.0,1.0,1.0,8.0,8.0,8.0,A religious person,1.0,Female,1980.0,40.0,Married,Homemaker not otherwise employed
SGP,702071357,1.0,2.0,1.0,2.0,5.0,10.0,6.0,A religious person,6.0,Female,1958.0,61.0,Married,Homemaker not otherwise employed
SGP,702071358,1.0,2.0,2.0,2.0,6.0,8.0,10.0,A religious person,1.0,Female,1953.0,67.0,Single,Retired/pensioned
SGP,702071359,1.0,2.0,2.0,2.0,8.0,8.0,4.0,A religious person,6.0,Female,1973.0,47.0,Married,Part time
SGP,702071360,1.0,3.0,2.0,2.0,1.0,3.0,3.0,A religious person,6.0,Male,1969.0,51.0,Married,Full time
SGP,702071361,1.0,2.0,2.0,4.0,8.0,8.0,8.0,A religious person,,Male,1951.0,69.0,Married,Full time
SGP,702071362,1.0,2.0,2.0,2.0,8.0,8.0,8.0,Not a religious person,5.0,Female,1973.0,47.0,Married,Full time
SGP,702071363,1.0,1.0,2.0,2.0,7.0,6.0,7.0,A religious person,3.0,Male,1982.0,37.0,Married,Full time
SGP,702071364,1.0,2.0,2.0,1.0,8.0,7.0,4.0,An atheist,3.0,Male,1974.0,46.0,Married,Full time
SGP,702071365,1.0,1.0,1.0,1.0,7.0,6.0,4.0,Not a religious person,4.0,Female,1983.0,37.0,Single,Self employed
SGP,702071366,1.0,2.0,2.0,2.0,7.0,8.0,9.0,Not a religious person,7.0,Male,1972.0,47.0,Single,Full time
SGP,702071367,1.0,2.0,2.0,2.0,9.0,9.0,9.0,Not a religious person,6.0,Male,1958.0,61.0,Married,Part time
SGP,702071368,1.0,1.0,1.0,2.0,10.0,6.0,6.0,Not a religious person,1.0,Male,1973.0,47.0,Married,Full time
SGP,702071369,1.0,2.0,2.0,2.0,10.0,10.0,10.0,A religious person,2.0,Male,1952.0,68.0,Married,Retired/pensioned
SGP,702071370,1.0,3.0,2.0,2.0,7.0,7.0,6.0,Not a religious person,8.0,Male,1965.0,55.0,Married,Full time
SGP,702071371,1.0,2.0,3.0,2.0,5.0,5.0,4.0,Not a religious person,5.0,Male,1971.0,49.0,Married,Full time
SGP,702071372,1.0,1.0,2.0,2.0,8.0,8.0,8.0,Not a religious person,6.0,Female,1976.0,44.0,Married,Homemaker not otherwise employed
SGP,702071373,1.0,2.0,4.0,4.0,6.0,7.0,4.0,Not a religious person,4.0,Female,1967.0,53.0,Married,Full time
SGP,702071374,1.0,2.0,2.0,3.0,10.0,8.0,8.0,An atheist,1.0,Male,1943.0,77.0,Widowed,Retired/pensioned
SGP,702071375,1.0,2.0,1.0,2.0,10.0,10.0,8.0,A religious person,6.0,Female,1966.0,54.0,Married,Homemaker not otherwise employed
SGP,702071376,1.0,1.0,2.0,2.0,10.0,5.0,5.0,A religious person,5.0,Male,1950.0,70.0,Married,Retired/pensioned
SGP,702071377,1.0,2.0,2.0,2.0,10.0,9.0,10.0,A religious person,6.0,Female,1952.0,68.0,Married,Part time
SGP,702071378,1.0,2.0,2.0,1.0,1.0,10.0,10.0,A religious person,10.0,Male,1948.0,72.0,Married,Retired/pensioned
SGP,702071379,1.0,1.0,2.0,2.0,8.0,8.0,6.0,A religious person,2.0,Female,1982.0,38.0,Single,Full time
SGP,702071380,2.0,2.0,2.0,2.0,9.0,10.0,8.0,An atheist,2.0,Female,1992.0,28.0,Single,Full time
SGP,702071381,1.0,1.0,1.0,1.0,4.0,4.0,5.0,An atheist,3.0,Female,1972.0,48.0,Married,Unemployed
SGP,702071382,1.0,2.0,1.0,2.0,10.0,10.0,7.0,A religious person,2.0,Female,1967.0,53.0,Married,Homemaker not otherwise employed
SGP,702071383,1.0,1.0,1.0,2.0,8.0,7.0,5.0,An atheist,5.0,Female,1970.0,50.0,Married,Part time
SGP,702071384,1.0,3.0,3.0,1.0,10.0,8.0,8.0,A religious person,4.0,Male,1979.0,41.0,Married,Full time
SGP,702071385,1.0,1.0,1.0,2.0,8.0,8.0,8.0,Not a religious person,5.0,Male,1947.0,73.0,Married,Retired/pensioned
SGP,702071386,1.0,1.0,1.0,1.0,10.0,10.0,10.0,A religious person,1.0,Male,1969.0,51.0,Married,Full time
SGP,702071387,1.0,3.0,2.0,1.0,6.0,6.0,6.0,Not a religious person,6.0,Female,1959.0,61.0,Divorced,Part time
SGP,702071388,1.0,2.0,2.0,3.0,5.0,8.0,1.0,A religious person,1.0,Male,1944.0,76.0,Married,Retired/pensioned
SGP,702071389,1.0,1.0,2.0,1.0,8.0,8.0,8.0,Not a religious person,1.0,Male,1972.0,48.0,Married,Full time
SGP,702071390,1.0,1.0,1.0,1.0,7.0,7.0,5.0,Not a religious person,3.0,Male,1992.0,28.0,Single,Full time
SGP,702071391,1.0,2.0,2.0,2.0,5.0,5.0,3.0,A religious person,5.0,Male,1968.0,52.0,Married,Full time
SGP,702071392,1.0,2.0,2.0,2.0,8.0,8.0,8.0,A religious person,1.0,Female,1995.0,25.0,Single,Student
SGP,702071393,1.0,1.0,2.0,2.0,8.0,8.0,9.0,Not a religious person,2.0,Male,1995.0,25.0,Single,Student
SGP,702071394,1.0,2.0,2.0,3.0,10.0,9.0,7.0,A religious person,6.0,Male,1957.0,63.0,Single,Retired/pensioned
SGP,702071395,1.0,2.0,2.0,2.0,10.0,7.0,8.0,Not a religious person,8.0,Female,1957.0,63.0,Married,Part time
SGP,702071396,1.0,2.0,1.0,3.0,8.0,9.0,6.0,Not a religious person,4.0,Female,1990.0,30.0,Single,Full time
SGP,702071397,2.0,2.0,1.0,2.0,7.0,6.0,6.0,An atheist,1.0,Female,1949.0,71.0,Widowed,Retired/pensioned
SGP,702071398,1.0,2.0,2.0,2.0,7.0,8.0,8.0,Not a religious person,1.0,Male,1960.0,60.0,Married,Full time
SGP,702071399,1.0,2.0,2.0,2.0,10.0,8.0,6.0,A religious person,,Female,1964.0,56.0,Single,Part time
SGP,702071400,1.0,1.0,1.0,1.0,6.0,6.0,5.0,A religious person,5.0,Male,1960.0,59.0,Single,Full time
SGP,702071401,1.0,1.0,1.0,3.0,10.0,7.0,6.0,A religious person,6.0,Female,1952.0,67.0,Widowed,Unemployed
SGP,702071402,1.0,2.0,2.0,2.0,9.0,9.0,9.0,A religious person,4.0,Female,1989.0,30.0,Married,Full time
SGP,702071403,1.0,2.0,2.0,2.0,9.0,9.0,8.0,A religious person,5.0,Male,1960.0,59.0,Married,Full time
SGP,702071404,2.0,3.0,2.0,1.0,7.0,7.0,5.0,An atheist,6.0,Male,1978.0,42.0,Single,Full time
SGP,702071405,3.0,2.0,3.0,3.0,6.0,5.0,6.0,Not a religious person,,Female,1972.0,48.0,Married,Part time
SGP,702071406,1.0,2.0,2.0,2.0,8.0,8.0,7.0,A religious person,7.0,Male,1995.0,25.0,Married,Full time
SGP,702071407,1.0,2.0,2.0,3.0,4.0,3.0,4.0,Not a religious person,4.0,Male,1951.0,69.0,Married,Retired/pensioned
SGP,702071408,1.0,2.0,1.0,1.0,7.0,7.0,7.0,A religious person,3.0,Male,1973.0,47.0,Married,Full time
SGP,702071409,1.0,2.0,2.0,1.0,5.0,7.0,5.0,Not a religious person,5.0,Male,1983.0,37.0,Married,Full time
SGP,702071410,1.0,2.0,2.0,2.0,7.0,7.0,7.0,Not a religious person,,Female,1995.0,25.0,Single,Full time
SGP,702071411,1.0,2.0,2.0,2.0,5.0,4.0,3.0,A religious person,8.0,Male,1971.0,49.0,Married,Full time
SGP,702071412,1.0,2.0,2.0,2.0,1.0,1.0,1.0,Not a religious person,1.0,Female,1967.0,53.0,Married,Full time
SGP,702071413,2.0,2.0,2.0,2.0,7.0,5.0,5.0,A religious person,,Male,1961.0,59.0,Single,Student
SGP,702071414,1.0,3.0,2.0,1.0,7.0,6.0,4.0,Not a religious person,,Female,1999.0,21.0,Married,Full time
SGP,702071415,1.0,1.0,2.0,2.0,7.0,7.0,6.0,A religious person,5.0,Male,1974.0,45.0,Married,Full time
SGP,702071416,1.0,2.0,2.0,2.0,5.0,5.0,5.0,,5.0,Female,1986.0,34.0,Single,Full time
SGP,702071417,1.0,1.0,1.0,1.0,1.0,5.0,3.0,Not a religious person,,Female,1985.0,34.0,Widowed,Full time
SGP,702071418,1.0,3.0,1.0,1.0,1.0,2.0,3.0,An atheist,-2.0,Female,1980.0,40.0,Single,Homemaker not otherwise employed
SGP,702071419,1.0,2.0,3.0,2.0,8.0,8.0,8.0,Not a religious person,4.0,Male,1982.0,37.0,Married,Full time
SGP,702071420,1.0,1.0,2.0,2.0,7.0,10.0,7.0,A religious person,3.0,Female,1971.0,49.0,Divorced,Full time
SGP,702071421,1.0,2.0,2.0,4.0,5.0,7.0,7.0,A religious person,5.0,Female,1952.0,67.0,Single,Part time
SGP,702071422,1.0,2.0,2.0,2.0,8.0,8.0,7.0,Not a religious person,3.0,Male,1958.0,62.0,Married,Full time
SGP,702071423,1.0,3.0,3.0,2.0,6.0,5.0,5.0,A religious person,6.0,Male,1953.0,67.0,Living together as married,Retired/pensioned
SGP,702071424,1.0,2.0,2.0,3.0,7.0,6.0,3.0,A religious person,8.0,Male,1951.0,69.0,Married,Retired/pensioned
SGP,702071425,1.0,1.0,1.0,1.0,7.0,8.0,9.0,A religious person,5.0,Male,1997.0,22.0,Single,Unemployed
SGP,702071426,1.0,2.0,1.0,2.0,6.0,6.0,5.0,A religious person,5.0,Female,1993.0,27.0,Single,Full time
SGP,702071427,1.0,2.0,3.0,2.0,3.0,5.0,5.0,An atheist,2.0,Male,1975.0,44.0,Married,Full time
SGP,702071428,1.0,1.0,2.0,2.0,6.0,7.0,7.0,Not a religious person,,Female,1995.0,25.0,Single,Student
SGP,702071429,1.0,2.0,1.0,1.0,8.0,8.0,8.0,Not a religious person,5.0,Male,1977.0,42.0,Single,Full time
SGP,702071430,1.0,1.0,2.0,2.0,7.0,7.0,7.0,A religious person,5.0,Female,1971.0,49.0,Married,Full time
SGP,702071431,1.0,2.0,2.0,2.0,8.0,8.0,8.0,A religious person,5.0,Female,1944.0,76.0,Single,Retired/pensioned
SGP,702071432,1.0,2.0,2.0,2.0,5.0,6.0,4.0,Not a religious person,4.0,Male,1976.0,43.0,Married,Full time
SGP,702071433,1.0,2.0,2.0,4.0,7.0,7.0,7.0,A religious person,2.0,Female,1948.0,71.0,Married,Retired/pensioned
SGP,702071434,1.0,2.0,2.0,2.0,6.0,6.0,6.0,A religious person,5.0,Female,1962.0,58.0,Married,Full time
SGP,702071435,1.0,2.0,2.0,1.0,8.0,7.0,5.0,Not a religious person,7.0,Male,1999.0,21.0,Single,Full time
SGP,702071436,1.0,2.0,1.0,1.0,7.0,9.0,7.0,A religious person,10.0,Male,1977.0,43.0,Married,Student
SGP,702071437,2.0,2.0,1.0,1.0,7.0,7.0,7.0,Not a religious person,3.0,Male,1976.0,44.0,Single,Full time
SGP,702071438,1.0,1.0,1.0,1.0,5.0,10.0,8.0,A religious person,-2.0,Male,1977.0,43.0,Married,Full time
SGP,702071439,1.0,1.0,2.0,1.0,3.0,4.0,2.0,Not a religious person,3.0,Male,1969.0,51.0,Married,Full time
SGP,702071440,1.0,1.0,3.0,3.0,2.0,6.0,5.0,,5.0,Female,1993.0,27.0,Single,Student
SGP,702071441,1.0,2.0,2.0,2.0,5.0,5.0,5.0,Not a religious person,4.0,Male,1988.0,32.0,Single,Full time
SGP,702071442,1.0,2.0,2.0,2.0,7.0,4.0,3.0,Not a religious person,4.0,Male,1978.0,42.0,Married,Self employed
SGP,702071443,1.0,1.0,2.0,2.0,7.0,8.0,7.0,Not a religious person,2.0,Male,1976.0,44.0,Married,Full time
SGP,702071444,1.0,2.0,2.0,2.0,5.0,5.0,5.0,Not a religious person,5.0,Female,1968.0,52.0,Married,Full time
SGP,702071445,1.0,3.0,3.0,1.0,5.0,6.0,5.0,A religious person,5.0,Female,1977.0,43.0,Single,Part time
SGP,702071446,1.0,2.0,2.0,2.0,6.0,6.0,4.0,Not a religious person,5.0,Female,1980.0,40.0,Married,Full time
SGP,702071447,1.0,2.0,3.0,1.0,8.0,8.0,7.0,Not a religious person,3.0,Female,1982.0,38.0,Married,Full time
SGP,702071448,1.0,1.0,1.0,1.0,10.0,9.0,9.0,A religious person,8.0,Male,1983.0,37.0,Married,Full time
SGP,702071449,1.0,2.0,2.0,2.0,8.0,6.0,6.0,An atheist,6.0,Male,1988.0,32.0,Married,Full time
SGP,702071450,1.0,2.0,3.0,2.0,8.0,8.0,7.0,Not a religious person,4.0,Female,1978.0,42.0,Married,Full time
SGP,702071451,1.0,1.0,1.0,2.0,7.0,7.0,7.0,Not a religious person,7.0,Female,1988.0,32.0,Single,Full time
SGP,702071452,1.0,1.0,2.0,1.0,8.0,7.0,5.0,A religious person,5.0,Male,1982.0,38.0,Married,Full time
SGP,702071453,1.0,2.0,2.0,2.0,5.0,5.0,5.0,A religious person,5.0,Female,1984.0,35.0,Married,Full time
SGP,702071454,1.0,2.0,2.0,2.0,3.0,6.0,4.0,A religious person,,Female,1981.0,39.0,Single,Unemployed
SGP,702071455,1.0,2.0,3.0,2.0,7.0,7.0,7.0,Not a religious person,8.0,Male,1983.0,37.0,Single,Full time
SGP,702071456,1.0,2.0,2.0,2.0,6.0,8.0,6.0,A religious person,5.0,Male,1958.0,61.0,Married,Full time
SGP,702071457,1.0,3.0,3.0,3.0,4.0,7.0,7.0,A religious person,5.0,Female,1946.0,73.0,Married,Part time
SGP,702071458,1.0,1.0,1.0,1.0,8.0,8.0,6.0,Not a religious person,5.0,Male,1976.0,44.0,Married,Full time
SGP,702071459,1.0,2.0,3.0,2.0,6.0,7.0,7.0,A religious person,5.0,Female,1994.0,25.0,Single,Full time
SGP,702071460,1.0,3.0,3.0,2.0,5.0,4.0,4.0,Not a religious person,5.0,Male,1978.0,42.0,Married,Self employed
SGP,702071461,1.0,1.0,2.0,1.0,8.0,10.0,8.0,Not a religious person,2.0,Female,1997.0,23.0,Single,Student
SGP,702071462,1.0,1.0,1.0,1.0,8.0,8.0,6.0,Not a religious person,,Female,1971.0,49.0,Married,Full time
SGP,702071463,1.0,2.0,2.0,2.0,7.0,8.0,7.0,A religious person,5.0,Female,1966.0,54.0,Married,Retired/pensioned
SGP,702071464,1.0,2.0,3.0,3.0,6.0,7.0,7.0,A religious person,5.0,Male,1951.0,69.0,Married,Part time
SGP,702071465,1.0,1.0,2.0,1.0,8.0,6.0,3.0,Not a religious person,3.0,Male,1984.0,36.0,Living together as married,Full time
SGP,702071466,1.0,2.0,3.0,1.0,5.0,5.0,5.0,Not a religious person,5.0,Male,1974.0,46.0,Separated,Full time
SGP,702071467,1.0,2.0,3.0,3.0,6.0,7.0,7.0,A religious person,4.0,Female,1977.0,42.0,Married,Full time
SGP,702071468,1.0,1.0,1.0,1.0,7.0,7.0,7.0,Not a religious person,8.0,Male,1988.0,31.0,Single,Full time
SGP,702071469,1.0,2.0,2.0,2.0,8.0,8.0,7.0,Not a religious person,6.0,Female,1996.0,24.0,Widowed,Self employed
SGP,702071470,1.0,2.0,2.0,1.0,5.0,7.0,5.0,A religious person,5.0,Female,1994.0,25.0,Separated,Homemaker not otherwise employed
SGP,702071471,1.0,1.0,2.0,1.0,5.0,7.0,5.0,A religious person,5.0,Female,1963.0,57.0,Divorced,Full time
SGP,702071472,1.0,2.0,3.0,1.0,3.0,3.0,3.0,An atheist,5.0,Male,1976.0,43.0,Divorced,Full time
SGP,702071473,1.0,2.0,3.0,1.0,6.0,6.0,6.0,A religious person,7.0,Male,1985.0,35.0,Married,Full time
SGP,702071474,1.0,2.0,3.0,1.0,5.0,6.0,4.0,A religious person,5.0,Male,1941.0,78.0,Widowed,Unemployed
SGP,702071475,1.0,2.0,2.0,1.0,5.0,5.0,5.0,A religious person,5.0,Male,1956.0,64.0,Married,Full time
SGP,702071476,1.0,1.0,3.0,1.0,6.0,6.0,5.0,Not a religious person,6.0,Female,1982.0,37.0,Single,Full time
SGP,702071477,1.0,1.0,2.0,2.0,6.0,4.0,8.0,Not a religious person,-2.0,Male,1977.0,43.0,Married,Full time
SGP,702071478,1.0,1.0,2.0,1.0,8.0,8.0,6.0,A religious person,3.0,Female,1985.0,34.0,Married,Unemployed
SGP,702071479,1.0,2.0,2.0,3.0,7.0,5.0,6.0,A religious person,,Female,1954.0,66.0,Married,Retired/pensioned
SGP,702071480,1.0,1.0,1.0,1.0,5.0,8.0,5.0,A religious person,5.0,Female,1960.0,59.0,Widowed,Full time
SGP,702071481,3.0,3.0,2.0,3.0,6.0,8.0,6.0,A religious person,,Male,1946.0,74.0,Single,Retired/pensioned
SGP,702071482,1.0,2.0,2.0,4.0,8.0,8.0,7.0,A religious person,5.0,Female,1949.0,71.0,Married,Retired/pensioned
SGP,702071483,1.0,1.0,1.0,1.0,5.0,5.0,5.0,An atheist,6.0,Female,1987.0,33.0,Married,Full time
SGP,702071484,1.0,3.0,3.0,2.0,8.0,9.0,10.0,Not a religious person,5.0,Male,1966.0,54.0,Married,Full time
SGP,702071485,1.0,3.0,3.0,2.0,3.0,7.0,3.0,Not a religious person,5.0,Male,1972.0,48.0,Married,Full time
SGP,702071486,1.0,2.0,2.0,1.0,7.0,7.0,7.0,A religious person,3.0,Male,1980.0,40.0,Married,Full time
SGP,702071487,2.0,2.0,2.0,2.0,7.0,8.0,8.0,Not a religious person,4.0,Male,1984.0,36.0,Married,Full time
SGP,702071488,3.0,3.0,2.0,3.0,9.0,10.0,10.0,A religious person,,Female,1997.0,23.0,Single,Full time
SGP,702071489,1.0,1.0,1.0,2.0,6.0,7.0,7.0,A religious person,4.0,Male,1964.0,56.0,Married,Full time
SGP,702071490,1.0,2.0,2.0,2.0,8.0,8.0,8.0,A religious person,,Female,1972.0,48.0,Single,Full time
SGP,702071491,1.0,1.0,2.0,1.0,10.0,10.0,7.0,A religious person,-2.0,Male,1975.0,45.0,Married,Full time
SGP,702071492,1.0,2.0,2.0,2.0,7.0,10.0,10.0,A religious person,8.0,Female,1945.0,75.0,Married,Retired/pensioned
SGP,702071493,1.0,1.0,1.0,4.0,5.0,5.0,5.0,Not a religious person,1.0,Female,1948.0,71.0,Widowed,Retired/pensioned
SGP,702071494,1.0,2.0,2.0,2.0,7.0,7.0,7.0,A religious person,-2.0,Female,1956.0,64.0,Married,Homemaker not otherwise employed
SGP,702071495,1.0,2.0,2.0,3.0,9.0,9.0,9.0,Not a religious person,7.0,Male,1954.0,66.0,Married,Retired/pensioned
SGP,702071496,1.0,2.0,3.0,2.0,7.0,5.0,5.0,,6.0,Female,1960.0,60.0,Married,Retired/pensioned
SGP,702071497,1.0,1.0,2.0,1.0,5.0,10.0,10.0,Not a religious person,5.0,Male,1948.0,72.0,Married,Retired/pensioned
SGP,702071498,1.0,1.0,2.0,2.0,7.0,9.0,10.0,Not a religious person,5.0,Female,1961.0,58.0,Married,Part time
SGP,702071499,1.0,1.0,2.0,2.0,8.0,7.0,7.0,An atheist,5.0,Female,1997.0,23.0,Single,Unemployed
SGP,702071500,1.0,2.0,2.0,4.0,5.0,6.0,5.0,Not a religious person,,Female,1943.0,76.0,Married,Retired/pensioned
SGP,702071501,1.0,2.0,2.0,2.0,7.0,5.0,5.0,A religious person,5.0,Male,1968.0,52.0,Married,Full time
SGP,702071502,1.0,2.0,2.0,2.0,4.0,4.0,5.0,Not a religious person,,Female,1986.0,34.0,Single,Full time
SGP,702071503,1.0,2.0,1.0,1.0,10.0,10.0,10.0,A religious person,5.0,Male,1949.0,71.0,Married,Self employed
SGP,702071504,1.0,2.0,2.0,1.0,8.0,8.0,8.0,A religious person,6.0,Male,1972.0,48.0,Married,Full time
SGP,702071505,1.0,2.0,1.0,3.0,8.0,8.0,8.0,Not a religious person,3.0,Female,1982.0,38.0,Married,Self employed
SGP,702071506,1.0,2.0,2.0,2.0,7.0,7.0,7.0,A religious person,6.0,Female,1981.0,38.0,Single,Full time
SGP,702071507,1.0,1.0,1.0,2.0,8.0,7.0,6.0,A religious person,5.0,Female,1994.0,26.0,Single,Full time
SGP,702071508,1.0,2.0,2.0,1.0,6.0,6.0,4.0,A religious person,,Male,1998.0,21.0,Single,Part time
SGP,702071509,1.0,2.0,3.0,3.0,5.0,6.0,6.0,A religious person,6.0,Male,1980.0,40.0,Single,Full time
SGP,702071510,1.0,2.0,2.0,2.0,8.0,7.0,5.0,A religious person,4.0,Male,1985.0,34.0,Single,Full time
SGP,702071511,1.0,1.0,2.0,1.0,5.0,5.0,3.0,A religious person,5.0,Female,1980.0,40.0,Married,Full time
SGP,702071512,1.0,2.0,1.0,2.0,8.0,9.0,9.0,A religious person,3.0,Female,1998.0,21.0,Single,Student
SGP,702071513,1.0,1.0,1.0,2.0,10.0,9.0,10.0,Not a religious person,1.0,Female,1953.0,66.0,Married,Homemaker not otherwise employed
SGP,702071514,1.0,3.0,3.0,2.0,5.0,6.0,4.0,Not a religious person,5.0,Female,1974.0,46.0,Divorced,Part time
SGP,702071515,1.0,1.0,2.0,3.0,6.0,6.0,9.0,A religious person,10.0,Female,1954.0,65.0,Married,Retired/pensioned
SGP,702071516,1.0,2.0,2.0,2.0,5.0,6.0,5.0,A religious person,5.0,Male,1995.0,24.0,Married,Full time
SGP,702071517,1.0,1.0,2.0,3.0,10.0,10.0,10.0,A religious person,,Female,1952.0,67.0,Married,Homemaker not otherwise employed
SGP,702071518,1.0,3.0,1.0,1.0,10.0,8.0,6.0,A religious person,6.0,Female,1959.0,60.0,Married,Retired/pensioned
SGP,702071519,1.0,1.0,3.0,1.0,10.0,7.0,8.0,A religious person,,Female,1992.0,28.0,Married,Self employed
SGP,702071520,1.0,2.0,1.0,2.0,8.0,9.0,5.0,A religious person,6.0,Female,1989.0,31.0,Married,Full time
SGP,702071521,1.0,2.0,3.0,3.0,10.0,10.0,10.0,A religious person,5.0,Female,1960.0,60.0,Married,Retired/pensioned
SGP,702071522,1.0,2.0,2.0,2.0,5.0,6.0,5.0,Not a religious person,5.0,Male,1957.0,62.0,Married,Part time
SGP,702071523,1.0,1.0,1.0,2.0,7.0,6.0,7.0,A religious person,4.0,Male,1998.0,21.0,Single,Other
SGP,702071524,1.0,2.0,1.0,1.0,6.0,6.0,6.0,A religious person,6.0,Male,1967.0,52.0,Married,Full time
SGP,702071525,1.0,2.0,3.0,3.0,10.0,8.0,8.0,Not a religious person,2.0,Male,1972.0,47.0,Divorced,Full time
SGP,702071526,1.0,2.0,2.0,2.0,1.0,9.0,9.0,A religious person,5.0,Female,1974.0,45.0,Married,Homemaker not otherwise employed
SGP,702071527,2.0,2.0,2.0,1.0,5.0,5.0,5.0,Not a religious person,5.0,Female,1958.0,61.0,Married,Full time
SGP,702071528,1.0,3.0,2.0,1.0,7.0,8.0,8.0,Not a religious person,5.0,Female,1989.0,30.0,Married,Full time
SGP,702071529,2.0,2.0,2.0,2.0,6.0,7.0,8.0,A religious person,4.0,Male,1983.0,36.0,Single,Full time
SGP,702071530,1.0,2.0,2.0,1.0,7.0,8.0,8.0,Not a religious person,8.0,Male,1985.0,34.0,Married,Full time
SGP,702071531,1.0,1.0,2.0,1.0,7.0,7.0,7.0,Not a religious person,6.0,Male,1971.0,48.0,Single,Unemployed
SGP,702071532,1.0,2.0,1.0,2.0,5.0,5.0,5.0,A religious person,8.0,Female,1979.0,40.0,Married,Homemaker not otherwise employed
SGP,702071533,1.0,2.0,2.0,1.0,5.0,3.0,3.0,Not a religious person,5.0,Female,1980.0,40.0,Single,Full time
SGP,702071534,1.0,1.0,2.0,1.0,2.0,9.0,2.0,A religious person,6.0,Female,1969.0,50.0,Single,Full time
SGP,702071535,1.0,1.0,2.0,1.0,5.0,6.0,5.0,A religious person,8.0,Male,1976.0,43.0,Married,Full time
SGP,702071536,1.0,2.0,2.0,1.0,5.0,5.0,2.0,Not a religious person,3.0,Female,1995.0,25.0,Married,Full time
SGP,702071537,1.0,2.0,2.0,2.0,8.0,7.0,7.0,A religious person,5.0,Female,1980.0,40.0,Married,Part time
SGP,702071538,1.0,1.0,2.0,1.0,9.0,6.0,6.0,A religious person,6.0,Female,1965.0,54.0,Single,Self employed
SGP,702071539,1.0,1.0,2.0,1.0,10.0,10.0,10.0,A religious person,5.0,Male,1988.0,31.0,Single,Self employed
SGP,702071540,1.0,1.0,2.0,1.0,10.0,7.0,5.0,Not a religious person,3.0,Male,1993.0,27.0,Single,Self employed
SGP,702071541,2.0,2.0,2.0,2.0,7.0,7.0,6.0,An atheist,5.0,Male,1993.0,27.0,Single,Student
SGP,702071542,1.0,2.0,2.0,1.0,7.0,7.0,7.0,Not a religious person,7.0,Male,1978.0,41.0,Married,Full time
SGP,702071543,1.0,3.0,2.0,1.0,1.0,1.0,1.0,A religious person,1.0,Female,1963.0,56.0,Single,Unemployed
SGP,702071544,1.0,2.0,2.0,3.0,5.0,5.0,5.0,A religious person,5.0,Female,1972.0,47.0,Married,Full time
SGP,702071545,1.0,1.0,1.0,2.0,5.0,5.0,5.0,A religious person,6.0,Male,1950.0,69.0,Married,Retired/pensioned
SGP,702071546,1.0,3.0,3.0,3.0,5.0,7.0,3.0,Not a religious person,3.0,Male,1952.0,68.0,Married,Self employed
SGP,702071547,1.0,2.0,2.0,2.0,6.0,7.0,7.0,Not a religious person,5.0,Male,1967.0,52.0,Married,Full time
SGP,702071548,1.0,1.0,2.0,1.0,7.0,7.0,7.0,A religious person,5.0,Female,1980.0,39.0,Single,Full time
SGP,702071549,2.0,3.0,1.0,1.0,5.0,5.0,3.0,A religious person,5.0,Male,1942.0,77.0,Widowed,Retired/pensioned
SGP,702071550,1.0,1.0,1.0,2.0,7.0,7.0,4.0,A religious person,4.0,Female,1999.0,21.0,Single,Unemployed
SGP,702071551,1.0,2.0,1.0,1.0,5.0,5.0,3.0,A religious person,5.0,Male,1989.0,30.0,Married,Full time
SGP,702071552,1.0,1.0,1.0,1.0,7.0,8.0,7.0,A religious person,5.0,Female,1986.0,33.0,Married,Homemaker not otherwise employed
SGP,702071553,1.0,3.0,2.0,2.0,5.0,5.0,5.0,A religious person,2.0,Male,1964.0,55.0,Married,Self employed
SGP,702071554,1.0,1.0,2.0,1.0,9.0,8.0,8.0,Not a religious person,5.0,Female,1952.0,68.0,Widowed,Retired/pensioned
SGP,702071555,1.0,1.0,2.0,2.0,7.0,7.0,6.0,A religious person,5.0,Male,1969.0,50.0,Married,Full time
SGP,702071556,1.0,2.0,2.0,1.0,7.0,7.0,6.0,A religious person,2.0,Female,1987.0,32.0,Married,Full time
SGP,702071557,1.0,2.0,2.0,2.0,6.0,7.0,7.0,Not a religious person,6.0,Female,1981.0,38.0,Married,Full time
SGP,702071558,1.0,2.0,2.0,1.0,7.0,3.0,6.0,A religious person,5.0,Male,1958.0,61.0,Married,Unemployed
SGP,702071559,1.0,2.0,2.0,1.0,7.0,10.0,10.0,A religious person,4.0,Female,1958.0,61.0,Married,Homemaker not otherwise employed
SGP,702071560,1.0,2.0,3.0,2.0,10.0,9.0,8.0,A religious person,3.0,Female,1980.0,39.0,Married,Full time
SGP,702071561,1.0,2.0,2.0,1.0,8.0,8.0,7.0,A religious person,6.0,Female,1970.0,49.0,Married,Part time
SGP,702071562,1.0,2.0,3.0,2.0,10.0,9.0,9.0,An atheist,7.0,Male,1980.0,39.0,Married,Self employed
SGP,702071563,1.0,2.0,1.0,2.0,7.0,7.0,7.0,An atheist,2.0,Female,1999.0,21.0,Single,Student
SGP,702071564,1.0,2.0,1.0,1.0,8.0,9.0,9.0,A religious person,5.0,Male,1963.0,56.0,Married,Unemployed
SGP,702071565,1.0,2.0,3.0,1.0,8.0,6.0,2.0,A religious person,5.0,Male,1976.0,43.0,Married,Full time
SGP,702071566,1.0,2.0,2.0,1.0,7.0,10.0,6.0,A religious person,5.0,Female,1996.0,24.0,Married,Homemaker not otherwise employed
SGP,702071567,1.0,3.0,3.0,1.0,5.0,4.0,4.0,A religious person,5.0,Male,1960.0,59.0,Divorced,Unemployed
SGP,702071568,1.0,2.0,2.0,1.0,6.0,6.0,4.0,A religious person,,Male,1962.0,58.0,Single,Full time
SGP,702071569,1.0,1.0,1.0,2.0,8.0,8.0,7.0,Not a religious person,5.0,Male,1994.0,25.0,Single,Full time
SGP,702071570,1.0,2.0,1.0,1.0,2.0,4.0,4.0,A religious person,8.0,Male,1952.0,67.0,Married,Retired/pensioned
SGP,702071571,1.0,2.0,1.0,1.0,5.0,8.0,10.0,A religious person,1.0,Female,1947.0,72.0,Married,Part time
SGP,702071572,2.0,2.0,2.0,1.0,8.0,9.0,8.0,Not a religious person,8.0,Male,1937.0,82.0,Married,Retired/pensioned
SGP,702071573,1.0,2.0,2.0,1.0,8.0,7.0,5.0,A religious person,6.0,Male,1959.0,60.0,Married,Full time
SGP,702071574,1.0,2.0,2.0,2.0,8.0,8.0,7.0,A religious person,4.0,Male,1992.0,27.0,Married,Full time
SGP,702071575,1.0,2.0,2.0,4.0,8.0,10.0,7.0,Not a religious person,,Male,1995.0,25.0,Single,Full time
SGP,702071576,1.0,2.0,3.0,1.0,10.0,10.0,8.0,Not a religious person,5.0,Male,1992.0,27.0,Married,Full time
SGP,702071577,1.0,2.0,3.0,1.0,5.0,5.0,5.0,Not a religious person,5.0,Female,1964.0,56.0,Married,Homemaker not otherwise employed
SGP,702071578,1.0,3.0,2.0,1.0,5.0,2.0,4.0,Not a religious person,5.0,Female,1964.0,55.0,Married,Homemaker not otherwise employed
SGP,702071579,1.0,2.0,2.0,1.0,6.0,6.0,5.0,An atheist,5.0,Male,1972.0,47.0,Single,Full time
SGP,702071580,1.0,2.0,2.0,1.0,7.0,7.0,7.0,A religious person,7.0,Male,1954.0,65.0,Divorced,Retired/pensioned
SGP,702071581,1.0,3.0,4.0,1.0,8.0,10.0,9.0,A religious person,5.0,Female,1967.0,52.0,Married,Homemaker not otherwise employed
SGP,702071582,1.0,2.0,2.0,2.0,5.0,6.0,5.0,Not a religious person,5.0,Male,1975.0,44.0,Married,Full time
SGP,702071583,1.0,2.0,2.0,1.0,5.0,8.0,5.0,A religious person,5.0,Female,1957.0,62.0,Separated,Full time
SGP,702071584,1.0,1.0,2.0,2.0,7.0,8.0,5.0,A religious person,5.0,Female,1977.0,42.0,Single,Full time
SGP,702071585,1.0,2.0,2.0,1.0,7.0,6.0,1.0,Not a religious person,3.0,Female,1967.0,52.0,Married,Part time
SGP,702071586,2.0,1.0,2.0,2.0,7.0,7.0,7.0,Not a religious person,2.0,Male,1996.0,23.0,Single,Full time
SGP,702071587,1.0,2.0,2.0,2.0,7.0,7.0,8.0,Not a religious person,5.0,Female,1980.0,39.0,Married,Full time
SGP,702071588,1.0,2.0,2.0,2.0,7.0,7.0,7.0,Not a religious person,5.0,Female,1982.0,38.0,Married,Homemaker not otherwise employed
SGP,702071589,1.0,1.0,1.0,2.0,8.0,8.0,8.0,A religious person,5.0,Male,1992.0,27.0,Single,Full time
SGP,702071590,1.0,2.0,2.0,1.0,7.0,7.0,7.0,Not a religious person,5.0,Male,1993.0,27.0,Single,Full time
SGP,702071591,1.0,1.0,1.0,1.0,3.0,2.0,7.0,A religious person,1.0,Female,1993.0,26.0,Married,Homemaker not otherwise employed
SGP,702071592,1.0,1.0,1.0,1.0,5.0,6.0,1.0,A religious person,5.0,Male,1997.0,23.0,Single,Unemployed
SGP,702071593,1.0,2.0,1.0,1.0,9.0,10.0,8.0,A religious person,4.0,Male,1955.0,65.0,Married,Full time
SGP,702071594,1.0,1.0,2.0,1.0,5.0,6.0,6.0,A religious person,7.0,Female,1981.0,39.0,Married,Homemaker not otherwise employed
SGP,702071595,1.0,2.0,2.0,2.0,4.0,4.0,2.0,Not a religious person,,Female,1970.0,49.0,Married,Full time
SGP,702071596,2.0,1.0,1.0,2.0,6.0,6.0,4.0,Not a religious person,,Female,1996.0,24.0,Single,Student
SGP,702071597,2.0,1.0,1.0,2.0,6.0,6.0,5.0,Not a religious person,5.0,Male,1996.0,24.0,Single,Other
SGP,702071598,1.0,1.0,1.0,2.0,6.0,7.0,5.0,Not a religious person,,Female,1990.0,29.0,Married,Homemaker not otherwise employed
SGP,702071599,1.0,2.0,2.0,2.0,5.0,5.0,5.0,,,Female,1988.0,31.0,Single,Full time
SGP,702071600,1.0,1.0,1.0,3.0,6.0,6.0,6.0,A religious person,6.0,Female,1952.0,67.0,Married,Retired/pensioned
SGP,702071601,1.0,1.0,1.0,2.0,2.0,2.0,2.0,Not a religious person,5.0,Male,1981.0,39.0,Divorced,Unemployed
SGP,702071602,1.0,1.0,1.0,2.0,7.0,8.0,7.0,Not a religious person,7.0,Female,1969.0,51.0,Married,Part time
SGP,702071603,1.0,1.0,1.0,2.0,8.0,7.0,7.0,A religious person,7.0,Male,1997.0,22.0,Single,Part time
SGP,702071604,2.0,1.0,2.0,2.0,6.0,6.0,6.0,Not a religious person,5.0,Male,1998.0,21.0,Single,Part time
SGP,702071605,1.0,2.0,1.0,2.0,5.0,6.0,6.0,A religious person,5.0,Female,1988.0,31.0,Married,Full time
SGP,702071606,2.0,1.0,1.0,2.0,6.0,7.0,6.0,Not a religious person,6.0,Male,1993.0,26.0,Single,Student
SGP,702071607,2.0,1.0,1.0,2.0,7.0,7.0,6.0,Not a religious person,6.0,Male,1998.0,21.0,Single,Student
SGP,702071608,2.0,2.0,2.0,2.0,7.0,8.0,7.0,Not a religious person,-2.0,Male,1988.0,31.0,Single,Full time
SGP,702071609,1.0,2.0,2.0,1.0,5.0,5.0,5.0,A religious person,,Male,1996.0,24.0,Single,Full time
SGP,702071610,1.0,2.0,2.0,2.0,,,5.0,Not a religious person,,Female,1997.0,23.0,Single,Full time
SGP,702071611,1.0,2.0,2.0,3.0,8.0,8.0,7.0,Not a religious person,,Male,1974.0,46.0,Married,Full time
SGP,702071612,1.0,1.0,1.0,1.0,5.0,5.0,5.0,A religious person,,Male,1959.0,61.0,Married,Retired/pensioned
SGP,702071613,1.0,2.0,2.0,1.0,7.0,7.0,7.0,A religious person,2.0,Female,1982.0,37.0,Married,Part time
SGP,702071614,1.0,2.0,1.0,1.0,7.0,8.0,7.0,A religious person,7.0,Male,1971.0,48.0,Married,Unemployed
SGP,702071615,1.0,1.0,1.0,1.0,7.0,6.0,5.0,Not a religious person,8.0,Female,1981.0,38.0,Single,Full time
SGP,702071616,1.0,2.0,3.0,1.0,5.0,5.0,5.0,A religious person,6.0,Female,1987.0,32.0,Married,Part time
SGP,702071617,2.0,2.0,2.0,2.0,6.0,6.0,6.0,Not a religious person,6.0,Male,1949.0,71.0,Married,Retired/pensioned
SGP,702071618,1.0,1.0,2.0,1.0,7.0,7.0,7.0,Not a religious person,7.0,Female,1998.0,21.0,Single,Full time
SGP,702071619,1.0,1.0,1.0,2.0,6.0,6.0,4.0,A religious person,-2.0,Female,1995.0,24.0,Single,Full time
SGP,702071620,1.0,2.0,2.0,2.0,8.0,8.0,8.0,A religious person,2.0,Female,1982.0,37.0,Married,Self employed
SGP,702071621,1.0,1.0,2.0,1.0,7.0,7.0,5.0,Not a religious person,3.0,Male,1997.0,22.0,Single,Student
SGP,702071622,1.0,1.0,2.0,2.0,8.0,8.0,8.0,An atheist,4.0,Female,1984.0,36.0,Married,Self employed
SGP,702071623,1.0,2.0,2.0,2.0,8.0,6.0,7.0,A religious person,5.0,Female,1993.0,26.0,Single,Unemployed
SGP,702071624,1.0,1.0,1.0,2.0,8.0,8.0,8.0,A religious person,8.0,Female,1959.0,60.0,Divorced,Full time
SGP,702071625,1.0,1.0,1.0,1.0,5.0,6.0,6.0,Not a religious person,,Male,1991.0,28.0,Single,Full time
SGP,702071626,1.0,1.0,2.0,1.0,6.0,7.0,6.0,Not a religious person,5.0,Male,1964.0,55.0,Married,Full time
SGP,702071627,1.0,2.0,2.0,2.0,6.0,6.0,5.0,Not a religious person,5.0,Female,1993.0,26.0,Single,Full time
SGP,702071628,1.0,2.0,2.0,1.0,8.0,8.0,8.0,A religious person,5.0,Female,1948.0,72.0,Married,Homemaker not otherwise employed
SGP,702071629,1.0,1.0,1.0,2.0,8.0,8.0,8.0,Not a religious person,5.0,Female,1975.0,44.0,Married,Homemaker not otherwise employed
SGP,702071630,2.0,2.0,1.0,3.0,7.0,7.0,7.0,Not a religious person,6.0,Male,1993.0,26.0,Single,Full time
SGP,702071631,1.0,2.0,2.0,1.0,8.0,8.0,7.0,A religious person,7.0,Female,1990.0,29.0,Single,Self employed
SGP,702071632,1.0,1.0,2.0,2.0,4.0,8.0,7.0,A religious person,5.0,Male,1991.0,28.0,Married,Self employed
SGP,702071633,1.0,2.0,2.0,2.0,7.0,7.0,6.0,A religious person,4.0,Male,1968.0,52.0,Married,Full time
SGP,702071634,1.0,2.0,2.0,2.0,6.0,6.0,6.0,Not a religious person,5.0,Female,1982.0,38.0,Single,Full time
SGP,702071635,1.0,1.0,2.0,3.0,6.0,4.0,10.0,Not a religious person,,Male,1997.0,22.0,Single,Other
SGP,702071636,1.0,1.0,2.0,3.0,5.0,5.0,5.0,Not a religious person,4.0,Male,1996.0,23.0,Single,Student
SGP,702071637,1.0,2.0,2.0,1.0,8.0,8.0,6.0,A religious person,,Male,1998.0,21.0,Single,Student
SGP,702071638,1.0,1.0,1.0,2.0,6.0,6.0,5.0,Not a religious person,5.0,Female,1997.0,22.0,Single,Full time
SGP,702071639,1.0,2.0,1.0,1.0,5.0,6.0,5.0,A religious person,6.0,Male,1997.0,22.0,Single,Part time
SGP,702071640,1.0,1.0,2.0,2.0,8.0,8.0,8.0,Not a religious person,8.0,Male,1993.0,27.0,Married,Full time
SGP,702071641,1.0,1.0,2.0,2.0,7.0,7.0,6.0,Not a religious person,5.0,Female,1999.0,21.0,Single,Student
SGP,702071642,1.0,2.0,2.0,3.0,7.0,8.0,7.0,A religious person,5.0,Female,1968.0,52.0,Married,Part time
SGP,702071643,1.0,2.0,2.0,2.0,6.0,6.0,4.0,A religious person,,Female,1996.0,23.0,Single,Full time
SGP,702071644,1.0,2.0,3.0,1.0,5.0,10.0,6.0,Not a religious person,6.0,Female,1993.0,26.0,Single,Part time
SGP,702071645,2.0,2.0,2.0,2.0,6.0,5.0,5.0,An atheist,1.0,Male,1993.0,26.0,Single,Full time
SGP,702071646,1.0,2.0,1.0,1.0,6.0,5.0,6.0,A religious person,6.0,Female,1985.0,34.0,Married,Homemaker not otherwise employed
SGP,702071647,1.0,1.0,2.0,1.0,4.0,9.0,8.0,Not a religious person,7.0,Male,1997.0,22.0,Single,Part time
SGP,702071648,1.0,2.0,2.0,3.0,6.0,6.0,4.0,Not a religious person,,Male,1997.0,22.0,Single,Student
SGP,702071649,3.0,1.0,2.0,1.0,6.0,3.0,1.0,A religious person,5.0,Male,1952.0,67.0,Married,Full time
SGP,702071650,1.0,1.0,1.0,1.0,7.0,8.0,7.0,A religious person,4.0,Male,1965.0,54.0,Married,Full time
SGP,702071651,2.0,3.0,1.0,3.0,9.0,9.0,6.0,Not a religious person,8.0,Female,1979.0,40.0,Married,Self employed
SGP,702071652,1.0,1.0,2.0,1.0,7.0,7.0,7.0,Not a religious person,4.0,Male,1993.0,26.0,Married,Full time
SGP,702071653,1.0,1.0,2.0,1.0,6.0,6.0,6.0,Not a religious person,5.0,Male,1956.0,63.0,Married,Part time
SGP,702071654,1.0,2.0,1.0,1.0,6.0,10.0,8.0,A religious person,5.0,Male,1983.0,37.0,Married,Full time
SGP,702071655,2.0,2.0,1.0,2.0,8.0,7.0,7.0,An atheist,3.0,Male,1993.0,26.0,Single,Student
SGP,702071656,1.0,2.0,2.0,1.0,7.0,6.0,6.0,A religious person,5.0,Male,1977.0,42.0,Married,Full time
SGP,702071657,1.0,1.0,1.0,2.0,7.0,7.0,7.0,A religious person,3.0,Female,1984.0,35.0,Married,Full time
SGP,702071658,1.0,1.0,2.0,2.0,5.0,5.0,5.0,A religious person,6.0,Female,1975.0,45.0,Married,Self employed
SGP,702071659,1.0,1.0,2.0,1.0,8.0,8.0,7.0,A religious person,5.0,Male,1997.0,22.0,Single,Self employed
SGP,702071660,1.0,1.0,1.0,1.0,9.0,9.0,8.0,Not a religious person,5.0,Female,1978.0,41.0,Married,Full time
SGP,702071661,1.0,2.0,3.0,2.0,10.0,10.0,9.0,A religious person,2.0,Female,1953.0,66.0,Married,Retired/pensioned
SGP,702071662,1.0,2.0,2.0,2.0,6.0,8.0,6.0,A religious person,,Female,1955.0,64.0,Married,Part time
SGP,702071663,1.0,1.0,1.0,1.0,9.0,9.0,8.0,A religious person,4.0,Female,1976.0,43.0,Married,Full time
SGP,702071664,1.0,1.0,2.0,1.0,8.0,9.0,9.0,Not a religious person,3.0,Female,1991.0,29.0,Married,Full time
SGP,702071665,1.0,2.0,2.0,1.0,5.0,5.0,5.0,Not a religious person,7.0,Female,1955.0,64.0,Married,Retired/pensioned
SGP,702071666,1.0,1.0,1.0,1.0,5.0,7.0,5.0,Not a religious person,3.0,Female,1999.0,21.0,Single,Student
SGP,702071667,1.0,1.0,1.0,1.0,6.0,3.0,7.0,Not a religious person,3.0,Female,1996.0,23.0,Single,Student
SGP,702071668,1.0,2.0,2.0,1.0,7.0,7.0,4.0,A religious person,4.0,Female,1991.0,28.0,Single,Full time
SGP,702071669,1.0,1.0,2.0,2.0,5.0,5.0,5.0,Not a religious person,,Male,1998.0,22.0,Single,Student
SGP,702071670,1.0,2.0,2.0,2.0,6.0,9.0,9.0,A religious person,5.0,Female,1959.0,61.0,Married,Retired/pensioned
SGP,702071671,1.0,1.0,2.0,1.0,5.0,5.0,5.0,Not a religious person,5.0,Male,1973.0,47.0,Married,Full time
SGP,702071672,1.0,1.0,4.0,1.0,10.0,10.0,10.0,A religious person,5.0,Female,1963.0,57.0,Married,Full time
SGP,702071673,1.0,1.0,1.0,1.0,7.0,8.0,7.0,Not a religious person,5.0,Male,1958.0,62.0,Married,Self employed
SGP,702071674,1.0,1.0,1.0,2.0,3.0,2.0,1.0,A religious person,,Male,1955.0,65.0,Single,Unemployed
SGP,702071675,2.0,2.0,2.0,2.0,5.0,8.0,7.0,An atheist,8.0,Female,1957.0,63.0,Widowed,Homemaker not otherwise employed
SGP,702071676,1.0,2.0,1.0,1.0,10.0,10.0,10.0,A religious person,8.0,Female,1966.0,54.0,Married,Part time
SGP,702071677,1.0,2.0,2.0,3.0,8.0,8.0,6.0,An atheist,5.0,Female,1956.0,64.0,Single,Retired/pensioned
SGP,702071678,1.0,1.0,2.0,3.0,8.0,7.0,4.0,Not a religious person,,Female,1987.0,33.0,Single,Part time
SGP,702071679,1.0,2.0,3.0,1.0,5.0,6.0,6.0,Not a religious person,5.0,Male,1975.0,45.0,Married,Self employed
SGP,702071680,1.0,2.0,2.0,1.0,6.0,5.0,5.0,,7.0,Female,1994.0,26.0,Married,Full time
SGP,702071681,1.0,2.0,2.0,1.0,8.0,5.0,10.0,,7.0,Female,1960.0,60.0,Married,Unemployed
SGP,702071682,1.0,1.0,1.0,1.0,7.0,7.0,5.0,,7.0,Female,1965.0,55.0,Single,Full time
SGP,702071683,1.0,2.0,2.0,3.0,8.0,8.0,8.0,A religious person,5.0,Female,1993.0,27.0,Single,Full time
SGP,702071684,1.0,2.0,1.0,2.0,8.0,2.0,5.0,Not a religious person,,Female,1998.0,22.0,Single,Student
SGP,702071685,1.0,2.0,2.0,2.0,4.0,4.0,4.0,An atheist,5.0,Female,1963.0,57.0,Single,Full time
SGP,702071686,1.0,1.0,3.0,3.0,7.0,5.0,5.0,Not a religious person,7.0,Male,1952.0,68.0,Married,Retired/pensioned
SGP,702071687,1.0,2.0,1.0,1.0,4.0,8.0,7.0,A religious person,7.0,Female,1964.0,56.0,Married,Full time
SGP,702071688,1.0,1.0,2.0,1.0,10.0,10.0,10.0,Not a religious person,10.0,Female,1963.0,57.0,Single,Full time
SGP,702071689,1.0,1.0,2.0,1.0,7.0,9.0,7.0,,8.0,Female,1959.0,61.0,Married,Retired/pensioned
SGP,702071690,1.0,1.0,1.0,2.0,7.0,8.0,8.0,A religious person,5.0,Male,1953.0,67.0,Married,Full time
SGP,702071691,1.0,1.0,2.0,2.0,8.0,8.0,7.0,A religious person,6.0,Female,1998.0,22.0,Single,Full time
SGP,702071692,1.0,2.0,2.0,2.0,5.0,4.0,2.0,A religious person,6.0,Female,1978.0,42.0,Married,Homemaker not otherwise employed
SGP,702071693,1.0,2.0,2.0,2.0,8.0,8.0,8.0,A religious person,6.0,Female,1973.0,47.0,Married,Full time
SGP,702071694,1.0,2.0,3.0,2.0,8.0,10.0,10.0,A religious person,6.0,Female,1964.0,56.0,Married,Homemaker not otherwise employed
SGP,702071695,1.0,1.0,1.0,2.0,10.0,9.0,9.0,A religious person,-2.0,Female,1968.0,52.0,Married,Self employed
SGP,702071696,1.0,1.0,1.0,2.0,10.0,10.0,3.0,Not a religious person,,Male,1942.0,78.0,Separated,Retired/pensioned
SGP,702071697,1.0,1.0,2.0,1.0,9.0,5.0,3.0,A religious person,1.0,Male,1989.0,31.0,Single,Full time
SGP,702071698,2.0,2.0,1.0,1.0,5.0,8.0,3.0,A religious person,3.0,Female,1966.0,54.0,Married,Full time
SGP,702071699,1.0,2.0,3.0,2.0,7.0,8.0,7.0,A religious person,3.0,Female,1992.0,28.0,Single,Full time
SGP,702071700,1.0,2.0,3.0,3.0,7.0,7.0,7.0,Not a religious person,5.0,Female,1964.0,56.0,Single,Full time
SGP,702071701,1.0,1.0,2.0,2.0,9.0,7.0,6.0,A religious person,1.0,Male,1988.0,32.0,Single,Self employed
SGP,702071702,1.0,3.0,2.0,1.0,5.0,6.0,5.0,Not a religious person,6.0,Male,1988.0,32.0,Single,Self employed
SGP,702071703,1.0,2.0,3.0,2.0,5.0,5.0,5.0,A religious person,1.0,Female,1963.0,57.0,Married,Full time
SGP,702071704,1.0,3.0,3.0,2.0,7.0,8.0,7.0,A religious person,3.0,Female,1958.0,62.0,Single,Full time
SGP,702071705,1.0,2.0,2.0,2.0,5.0,8.0,8.0,A religious person,4.0,Female,1968.0,52.0,Married,Full time
SGP,702071706,2.0,2.0,2.0,2.0,4.0,6.0,5.0,Not a religious person,3.0,Female,1995.0,25.0,Single,Full time
SGP,702071707,1.0,2.0,3.0,3.0,9.0,10.0,9.0,A religious person,6.0,Female,1982.0,38.0,Married,Homemaker not otherwise employed
SGP,702071708,1.0,1.0,2.0,2.0,4.0,6.0,5.0,Not a religious person,5.0,Male,1999.0,21.0,Single,Full time
SGP,702071709,1.0,1.0,2.0,2.0,8.0,8.0,6.0,Not a religious person,5.0,Female,1978.0,42.0,Married,Homemaker not otherwise employed
SGP,702071710,1.0,2.0,2.0,2.0,7.0,6.0,6.0,Not a religious person,5.0,Female,1976.0,44.0,Married,Homemaker not otherwise employed
SGP,702071711,1.0,1.0,2.0,2.0,8.0,8.0,9.0,A religious person,5.0,Female,1980.0,40.0,Married,Homemaker not otherwise employed
SGP,702071712,1.0,1.0,2.0,2.0,7.0,7.0,8.0,A religious person,5.0,Female,1970.0,50.0,Married,Part time
SGP,702071713,1.0,2.0,3.0,1.0,6.0,5.0,2.0,Not a religious person,6.0,Female,1974.0,46.0,Married,Self employed
SGP,702071714,1.0,1.0,3.0,1.0,5.0,5.0,3.0,An atheist,3.0,Male,1974.0,46.0,Married,Self employed
SGP,702071715,1.0,2.0,2.0,2.0,3.0,6.0,3.0,A religious person,5.0,Male,1979.0,41.0,Married,Self employed
SGP,702071716,1.0,2.0,1.0,1.0,5.0,6.0,5.0,A religious person,5.0,Female,1985.0,35.0,Married,Homemaker not otherwise employed
SGP,702071717,1.0,2.0,2.0,1.0,8.0,8.0,8.0,A religious person,5.0,Female,1981.0,39.0,Single,Self employed
SGP,702071718,1.0,2.0,2.0,1.0,9.0,5.0,5.0,An atheist,3.0,Female,1968.0,52.0,Single,Unemployed
SGP,702071719,1.0,1.0,2.0,2.0,10.0,8.0,7.0,Not a religious person,3.0,Male,1989.0,31.0,Married,Full time
SGP,702071720,1.0,2.0,1.0,1.0,6.0,8.0,7.0,A religious person,5.0,Female,1984.0,36.0,Married,Full time
SGP,702071721,1.0,2.0,3.0,2.0,5.0,7.0,8.0,A religious person,5.0,Female,1951.0,69.0,Married,Retired/pensioned
SGP,702071722,1.0,2.0,3.0,1.0,4.0,4.0,8.0,A religious person,6.0,Female,1965.0,55.0,Married,Retired/pensioned
SGP,702071723,1.0,2.0,2.0,3.0,6.0,9.0,9.0,A religious person,5.0,Male,1948.0,72.0,Married,Part time
SGP,702071724,1.0,1.0,3.0,3.0,5.0,8.0,9.0,A religious person,1.0,Female,1956.0,64.0,Widowed,Homemaker not otherwise employed
SGP,702071725,1.0,1.0,2.0,1.0,8.0,9.0,9.0,Not a religious person,5.0,Female,1988.0,32.0,Single,Unemployed
SGP,702071726,1.0,2.0,2.0,3.0,7.0,8.0,6.0,A religious person,2.0,Female,1971.0,49.0,Married,Homemaker not otherwise employed
SGP,702071727,1.0,1.0,1.0,1.0,5.0,5.0,3.0,A religious person,6.0,Female,1975.0,45.0,Married,Homemaker not otherwise employed
SGP,702071728,1.0,2.0,2.0,2.0,6.0,8.0,8.0,A religious person,6.0,Female,1957.0,63.0,Married,Retired/pensioned
SGP,702071729,1.0,2.0,1.0,2.0,4.0,4.0,5.0,An atheist,8.0,Female,1972.0,48.0,Married,Homemaker not otherwise employed
SGP,702071730,2.0,2.0,1.0,1.0,8.0,7.0,7.0,Not a religious person,5.0,Male,1961.0,59.0,Single,Full time
SGP,702071731,1.0,1.0,3.0,2.0,7.0,7.0,7.0,Not a religious person,6.0,Female,1960.0,60.0,Single,Part time
SGP,702071732,1.0,2.0,2.0,2.0,6.0,6.0,7.0,Not a religious person,6.0,Female,1968.0,52.0,Single,Self employed
SGP,702071733,1.0,2.0,3.0,2.0,7.0,7.0,8.0,A religious person,7.0,Female,1979.0,41.0,Single,Full time
SGP,702071734,1.0,2.0,3.0,1.0,5.0,5.0,3.0,A religious person,5.0,Female,1975.0,45.0,Married,Full time
SGP,702071735,1.0,1.0,2.0,2.0,6.0,6.0,6.0,A religious person,7.0,Female,1977.0,43.0,Married,Homemaker not otherwise employed
SGP,702071736,1.0,2.0,1.0,2.0,6.0,7.0,7.0,A religious person,8.0,Female,1972.0,48.0,Married,Full time
SGP,702071737,1.0,2.0,2.0,2.0,8.0,8.0,8.0,A religious person,5.0,Female,1979.0,41.0,Single,Full time
SGP,702071738,1.0,1.0,2.0,2.0,5.0,5.0,4.0,A religious person,,Male,1962.0,58.0,Married,Full time
SGP,702071739,1.0,2.0,2.0,1.0,7.0,8.0,8.0,A religious person,8.0,Male,1968.0,52.0,Married,Full time
SGP,702071740,1.0,2.0,3.0,2.0,8.0,7.0,5.0,A religious person,5.0,Male,1963.0,57.0,Married,Part time
SGP,702071741,2.0,2.0,2.0,1.0,7.0,5.0,5.0,A religious person,6.0,Female,1973.0,47.0,Widowed,Part time
SGP,702071742,4.0,4.0,4.0,3.0,5.0,5.0,3.0,Not a religious person,5.0,Female,1999.0,21.0,Single,Student
SGP,702071743,1.0,1.0,2.0,1.0,5.0,8.0,5.0,A religious person,3.0,Female,1965.0,55.0,Single,Unemployed
SGP,702071744,1.0,1.0,2.0,2.0,7.0,7.0,9.0,A religious person,3.0,Male,1965.0,55.0,Married,Full time
SGP,702071745,1.0,1.0,2.0,2.0,7.0,5.0,6.0,Not a religious person,1.0,Male,1999.0,21.0,Single,Other
SGP,702071746,1.0,2.0,2.0,2.0,8.0,8.0,7.0,Not a religious person,3.0,Female,1999.0,21.0,Single,Full time
SGP,702071747,1.0,2.0,2.0,1.0,6.0,8.0,9.0,A religious person,6.0,Male,1941.0,79.0,Married,Retired/pensioned
SGP,702071748,1.0,1.0,1.0,1.0,6.0,6.0,8.0,Not a religious person,6.0,Male,1967.0,53.0,Married,Part time
SGP,702071749,2.0,2.0,1.0,2.0,2.0,2.0,7.0,A religious person,5.0,Male,1979.0,41.0,Married,Full time
SGP,702071750,3.0,2.0,1.0,2.0,7.0,7.0,6.0,A religious person,3.0,Female,1978.0,42.0,Single,Unemployed
SGP,702071751,1.0,2.0,1.0,4.0,9.0,9.0,9.0,Not a religious person,5.0,Female,1977.0,43.0,Married,Full time
SGP,702071752,1.0,3.0,2.0,2.0,7.0,7.0,6.0,A religious person,6.0,Male,1967.0,53.0,Married,Full time
SGP,702071753,1.0,2.0,2.0,1.0,7.0,7.0,1.0,A religious person,10.0,Female,1966.0,54.0,Married,Unemployed
SGP,702071754,2.0,1.0,2.0,2.0,8.0,2.0,2.0,Not a religious person,8.0,Male,1966.0,54.0,Married,Unemployed
SGP,702071755,1.0,2.0,3.0,2.0,8.0,8.0,8.0,A religious person,7.0,Male,1967.0,53.0,Married,Unemployed
SGP,702071756,1.0,2.0,2.0,2.0,2.0,9.0,2.0,Not a religious person,3.0,Female,1980.0,40.0,Married,Homemaker not otherwise employed
SGP,702071757,1.0,1.0,1.0,1.0,7.0,7.0,5.0,Not a religious person,8.0,Male,1994.0,26.0,Single,Full time
SGP,702071758,1.0,1.0,1.0,1.0,4.0,5.0,2.0,Not a religious person,,Male,1994.0,26.0,Single,Part time
SGP,702071759,1.0,2.0,2.0,2.0,9.0,8.0,8.0,Not a religious person,7.0,Female,1978.0,42.0,Single,Full time
SGP,702071760,1.0,1.0,2.0,1.0,7.0,7.0,3.0,A religious person,5.0,Female,1958.0,62.0,Widowed,Full time
SGP,702071761,1.0,2.0,1.0,2.0,10.0,9.0,9.0,Not a religious person,5.0,Female,1975.0,45.0,Married,Full time
SGP,702071762,1.0,2.0,2.0,2.0,7.0,8.0,8.0,Not a religious person,,Female,1990.0,30.0,Married,Full time
SGP,702071763,1.0,2.0,2.0,2.0,3.0,5.0,3.0,Not a religious person,5.0,Female,1999.0,21.0,Single,Student
SGP,702071764,1.0,2.0,1.0,2.0,4.0,5.0,4.0,,,Female,1999.0,21.0,Single,Part time
SGP,702071765,2.0,2.0,2.0,4.0,7.0,7.0,5.0,A religious person,8.0,Female,1950.0,70.0,Single,Retired/pensioned
SGP,702071766,1.0,1.0,2.0,1.0,10.0,10.0,10.0,A religious person,6.0,Female,1972.0,48.0,Divorced,Full time
SGP,702071767,1.0,1.0,1.0,1.0,8.0,8.0,8.0,A religious person,,Male,1956.0,64.0,Married,Self employed
SGP,702071768,1.0,2.0,2.0,1.0,5.0,5.0,1.0,Not a religious person,,Male,1966.0,54.0,Single,Unemployed
SGP,702071769,1.0,1.0,1.0,1.0,5.0,5.0,5.0,Not a religious person,,Female,1959.0,61.0,Married,Homemaker not otherwise employed
SGP,702071770,1.0,1.0,2.0,1.0,5.0,5.0,5.0,Not a religious person,,Male,1992.0,28.0,Single,Full time
SGP,702071771,,4.0,2.0,1.0,5.0,5.0,5.0,,,Male,1969.0,51.0,Single,Self employed
SGP,702071772,1.0,1.0,2.0,1.0,5.0,5.0,5.0,A religious person,,Male,1990.0,30.0,Single,Self employed
SGP,702071773,1.0,1.0,1.0,1.0,5.0,5.0,5.0,Not a religious person,,Male,1994.0,26.0,Single,Full time
SGP,702071774,1.0,1.0,1.0,1.0,5.0,5.0,5.0,Not a religious person,,Male,1994.0,26.0,Single,Student
SGP,702071775,1.0,1.0,1.0,1.0,5.0,5.0,5.0,Not a religious person,,Male,1990.0,30.0,Married,Self employed
SGP,702071776,1.0,1.0,1.0,1.0,5.0,5.0,5.0,Not a religious person,,Male,1988.0,32.0,Single,Full time
SGP,702071777,1.0,1.0,2.0,2.0,10.0,10.0,5.0,Not a religious person,,Male,1988.0,32.0,Single,Full time
SGP,702071778,1.0,1.0,1.0,2.0,5.0,5.0,5.0,Not a religious person,,Female,1990.0,30.0,Single,Full time
SGP,702071779,1.0,1.0,1.0,1.0,5.0,5.0,5.0,A religious person,,Female,1989.0,31.0,Married,Full time
SGP,702071780,1.0,1.0,1.0,2.0,5.0,5.0,5.0,Not a religious person,,Female,1969.0,51.0,Married,Full time
SGP,702071781,1.0,2.0,2.0,3.0,5.0,8.0,9.0,A religious person,10.0,Female,1956.0,64.0,Married,Part time
SGP,702071782,1.0,2.0,2.0,1.0,5.0,6.0,6.0,A religious person,5.0,Female,1979.0,41.0,Married,Full time
SGP,702071783,1.0,2.0,3.0,1.0,6.0,8.0,7.0,A religious person,5.0,Female,1978.0,42.0,Married,Homemaker not otherwise employed
SGP,702071784,1.0,2.0,3.0,1.0,6.0,5.0,3.0,A religious person,,Female,1981.0,39.0,Married,Part time
SGP,702071785,1.0,2.0,3.0,2.0,5.0,4.0,5.0,,,Female,1980.0,40.0,Married,Homemaker not otherwise employed
SGP,702071786,1.0,2.0,2.0,2.0,5.0,6.0,4.0,A religious person,5.0,Female,1997.0,23.0,Single,Student
SGP,702071787,1.0,2.0,2.0,2.0,6.0,7.0,7.0,A religious person,5.0,Female,1951.0,69.0,Married,Homemaker not otherwise employed
SGP,702071788,1.0,2.0,2.0,2.0,6.0,6.0,6.0,Not a religious person,,Male,1983.0,37.0,Married,Self employed
SGP,702071789,2.0,2.0,2.0,2.0,9.0,8.0,8.0,A religious person,8.0,Female,1967.0,53.0,Single,Full time
SGP,702071790,2.0,2.0,1.0,3.0,4.0,3.0,2.0,A religious person,5.0,Male,1949.0,71.0,Married,Part time
SGP,702071791,1.0,3.0,2.0,3.0,5.0,5.0,5.0,A religious person,6.0,Female,1933.0,87.0,Widowed,Retired/pensioned
SGP,702071792,1.0,1.0,2.0,2.0,7.0,7.0,7.0,A religious person,7.0,Female,1953.0,67.0,Married,Part time
SGP,702071793,1.0,1.0,2.0,4.0,5.0,7.0,10.0,A religious person,8.0,Female,1959.0,61.0,Single,Retired/pensioned
SGP,702071794,1.0,2.0,2.0,3.0,4.0,7.0,6.0,A religious person,7.0,Female,1960.0,60.0,Married,Homemaker not otherwise employed
SGP,702071795,1.0,2.0,1.0,2.0,8.0,7.0,6.0,A religious person,7.0,Male,1986.0,34.0,Single,Full time
SGP,702071796,1.0,2.0,2.0,1.0,7.0,7.0,6.0,A religious person,8.0,Male,1954.0,66.0,Married,Unemployed
SGP,702071797,1.0,2.0,2.0,1.0,6.0,6.0,6.0,A religious person,6.0,Male,1975.0,45.0,Married,Full time
SGP,702071798,1.0,2.0,2.0,1.0,8.0,8.0,8.0,Not a religious person,6.0,Female,1990.0,30.0,Single,Full time
SGP,702071799,1.0,1.0,2.0,2.0,7.0,7.0,6.0,An atheist,6.0,Male,1943.0,77.0,Married,Unemployed
SGP,702071800,1.0,2.0,1.0,2.0,8.0,8.0,8.0,A religious person,5.0,Male,1974.0,46.0,Single,Full time
SGP,702071801,1.0,2.0,2.0,2.0,6.0,7.0,6.0,A religious person,6.0,Male,1958.0,62.0,Single,Full time
SGP,702071802,1.0,2.0,3.0,4.0,6.0,6.0,6.0,A religious person,,Female,1945.0,75.0,Widowed,Homemaker not otherwise employed
SGP,702071803,1.0,2.0,2.0,2.0,7.0,7.0,7.0,A religious person,7.0,Female,1987.0,33.0,Married,Full time
SGP,702071804,1.0,2.0,2.0,1.0,8.0,7.0,7.0,A religious person,5.0,Female,1985.0,35.0,Married,Full time
SGP,702071805,1.0,2.0,2.0,2.0,7.0,7.0,8.0,A religious person,6.0,Female,1968.0,52.0,Married,Full time
SGP,702071806,1.0,2.0,2.0,2.0,8.0,8.0,8.0,A religious person,6.0,Male,1996.0,24.0,Single,Student
SGP,702071807,1.0,2.0,2.0,2.0,7.0,7.0,7.0,A religious person,5.0,Male,1960.0,60.0,Married,Full time
SGP,702071808,1.0,2.0,2.0,2.0,4.0,7.0,6.0,Not a religious person,8.0,Female,1974.0,46.0,Married,Full time
SGP,702071809,1.0,2.0,3.0,2.0,8.0,8.0,7.0,A religious person,-2.0,Female,1972.0,48.0,Single,Full time
SGP,702071810,1.0,2.0,2.0,2.0,7.0,7.0,6.0,A religious person,5.0,Female,1946.0,74.0,Widowed,Homemaker not otherwise employed
SGP,702071811,1.0,2.0,2.0,2.0,5.0,5.0,5.0,A religious person,,Male,1961.0,59.0,Single,Unemployed
SGP,702071812,1.0,2.0,2.0,2.0,7.0,7.0,7.0,A religious person,,Female,1962.0,58.0,Single,Full time
SGP,702071813,1.0,2.0,2.0,3.0,7.0,6.0,7.0,A religious person,3.0,Male,1978.0,42.0,Married,Full time
SGP,702071814,1.0,2.0,2.0,2.0,7.0,7.0,5.0,A religious person,,Female,1937.0,83.0,Widowed,Part time
SGP,702071815,1.0,2.0,2.0,2.0,7.0,7.0,7.0,Not a religious person,,Female,1960.0,60.0,Married,Homemaker not otherwise employed
SGP,702071816,2.0,2.0,2.0,3.0,7.0,7.0,8.0,Not a religious person,7.0,Male,1991.0,29.0,Single,Full time
SGP,702071817,1.0,2.0,2.0,1.0,5.0,5.0,4.0,A religious person,,Female,1974.0,46.0,Married,Part time
SGP,702071818,1.0,2.0,2.0,2.0,5.0,6.0,6.0,Not a religious person,,Female,1968.0,52.0,Married,Part time
SGP,702071819,1.0,2.0,2.0,2.0,3.0,4.0,8.0,Not a religious person,4.0,Male,1958.0,62.0,Single,Full time
SGP,702071820,1.0,2.0,2.0,2.0,7.0,7.0,8.0,A religious person,5.0,Female,1953.0,67.0,Married,Retired/pensioned
SGP,702071821,2.0,2.0,2.0,3.0,8.0,8.0,8.0,A religious person,9.0,Female,1951.0,69.0,Single,Retired/pensioned
SGP,702071822,1.0,1.0,2.0,1.0,7.0,7.0,7.0,A religious person,8.0,Male,1948.0,72.0,Married,Part time
SGP,702071823,1.0,2.0,2.0,2.0,8.0,7.0,7.0,A religious person,5.0,Male,1961.0,59.0,Married,Full time
SGP,702071824,1.0,1.0,2.0,3.0,8.0,8.0,7.0,A religious person,8.0,Male,1943.0,77.0,Divorced,Part time
SGP,702071825,1.0,1.0,1.0,1.0,10.0,10.0,10.0,A religious person,8.0,Female,1980.0,40.0,Married,Part time
SGP,702071826,2.0,2.0,1.0,2.0,4.0,6.0,5.0,A religious person,5.0,Male,1972.0,48.0,Single,Full time
SGP,702071827,2.0,2.0,2.0,3.0,7.0,7.0,7.0,A religious person,5.0,Female,1957.0,63.0,Married,Homemaker not otherwise employed
SGP,702071828,2.0,2.0,2.0,2.0,5.0,5.0,5.0,A religious person,9.0,Male,1950.0,70.0,Divorced,Part time
SGP,702071829,1.0,2.0,2.0,4.0,7.0,7.0,7.0,A religious person,8.0,Female,1946.0,74.0,Divorced,Retired/pensioned
SGP,702071830,1.0,1.0,2.0,1.0,4.0,4.0,4.0,A religious person,8.0,Female,1964.0,56.0,Married,Part time
SGP,702071831,1.0,1.0,1.0,3.0,6.0,8.0,7.0,A religious person,8.0,Female,1953.0,67.0,Married,Retired/pensioned
SGP,702071832,1.0,2.0,2.0,2.0,5.0,6.0,6.0,Not a religious person,8.0,Female,1957.0,63.0,Single,Self employed
SGP,702071833,1.0,2.0,2.0,3.0,8.0,10.0,10.0,A religious person,9.0,Female,1969.0,51.0,Married,Homemaker not otherwise employed
SGP,702071834,1.0,2.0,2.0,2.0,8.0,8.0,9.0,Not a religious person,4.0,Male,1991.0,29.0,Single,Full time
SGP,702071835,2.0,2.0,2.0,2.0,8.0,6.0,5.0,Not a religious person,7.0,Female,1995.0,25.0,Single,Full time
SGP,702071836,1.0,1.0,2.0,3.0,8.0,10.0,10.0,Not a religious person,8.0,Female,1997.0,23.0,Single,Student
SGP,702071837,1.0,1.0,1.0,1.0,7.0,7.0,7.0,A religious person,4.0,Male,1977.0,43.0,Single,Full time
SGP,702071838,1.0,1.0,3.0,3.0,6.0,6.0,7.0,Not a religious person,8.0,Female,1962.0,58.0,Separated,Homemaker not otherwise employed
SGP,702071839,1.0,2.0,3.0,2.0,10.0,10.0,10.0,An atheist,3.0,Female,1979.0,41.0,Married,Homemaker not otherwise employed
SGP,702071840,1.0,1.0,2.0,2.0,7.0,7.0,7.0,An atheist,6.0,Female,1946.0,74.0,Married,Retired/pensioned
SGP,702071841,2.0,2.0,2.0,2.0,6.0,5.0,5.0,A religious person,5.0,Male,1959.0,61.0,Divorced,Part time
SGP,702071842,1.0,2.0,2.0,2.0,7.0,7.0,7.0,A religious person,6.0,Female,1973.0,47.0,Married,Homemaker not otherwise employed
SGP,702071843,1.0,2.0,2.0,2.0,10.0,10.0,6.0,A religious person,6.0,Female,1945.0,75.0,Married,Homemaker not otherwise employed
SGP,702071844,1.0,2.0,2.0,3.0,10.0,10.0,7.0,A religious person,5.0,Female,1949.0,71.0,Married,Part time
SGP,702071845,1.0,2.0,3.0,3.0,8.0,7.0,8.0,A religious person,5.0,Female,1963.0,57.0,Married,Homemaker not otherwise employed
SGP,702071846,1.0,2.0,2.0,2.0,8.0,9.0,9.0,A religious person,6.0,Female,1958.0,62.0,Single,Retired/pensioned
SGP,702071847,1.0,2.0,2.0,3.0,8.0,9.0,7.0,A religious person,8.0,Female,1951.0,69.0,Married,Part time
SGP,702071848,1.0,1.0,1.0,2.0,6.0,7.0,6.0,A religious person,5.0,Male,1945.0,75.0,Married,Retired/pensioned
SGP,702071849,1.0,1.0,2.0,3.0,7.0,7.0,7.0,A religious person,6.0,Male,1950.0,70.0,Married,Retired/pensioned
SGP,702071850,1.0,2.0,2.0,4.0,6.0,8.0,6.0,A religious person,7.0,Female,1949.0,71.0,Married,Retired/pensioned
SGP,702071851,1.0,3.0,1.0,3.0,5.0,5.0,5.0,Not a religious person,,Female,1964.0,56.0,Single,Unemployed
SGP,702071852,1.0,2.0,2.0,3.0,7.0,7.0,7.0,A religious person,6.0,Female,1950.0,70.0,Married,Homemaker not otherwise employed
SGP,702071853,1.0,3.0,2.0,2.0,7.0,6.0,5.0,An atheist,,Male,1975.0,45.0,Married,Full time
SGP,702071854,1.0,1.0,1.0,1.0,7.0,7.0,7.0,A religious person,4.0,Female,1983.0,37.0,Married,Unemployed
SGP,702071855,1.0,2.0,2.0,2.0,8.0,5.0,2.0,A religious person,5.0,Female,1975.0,45.0,Separated,Full time
SGP,702071856,1.0,1.0,1.0,2.0,9.0,9.0,9.0,An atheist,5.0,Female,1967.0,53.0,Married,Part time
SGP,702071857,1.0,2.0,1.0,3.0,8.0,8.0,8.0,An atheist,9.0,Female,1951.0,69.0,Married,Retired/pensioned
SGP,702071858,1.0,2.0,2.0,2.0,8.0,8.0,7.0,Not a religious person,6.0,Female,1955.0,65.0,Married,Retired/pensioned
SGP,702071859,1.0,1.0,1.0,3.0,9.0,8.0,8.0,A religious person,8.0,Female,1950.0,70.0,Widowed,Retired/pensioned
SGP,702071860,1.0,3.0,2.0,3.0,7.0,5.0,4.0,Not a religious person,5.0,Female,1985.0,35.0,Divorced,Full time
SGP,702071861,1.0,2.0,1.0,2.0,8.0,8.0,8.0,Not a religious person,3.0,Female,1988.0,32.0,Married,Full time
SGP,702071862,1.0,1.0,1.0,2.0,9.0,8.0,6.0,Not a religious person,3.0,Male,1992.0,28.0,Single,Full time
SGP,702071863,1.0,2.0,2.0,1.0,8.0,8.0,7.0,A religious person,3.0,Female,1991.0,29.0,Married,Full time
SGP,702071864,1.0,2.0,2.0,2.0,3.0,3.0,2.0,Not a religious person,1.0,Female,1994.0,26.0,Single,Full time
SGP,702071865,1.0,2.0,2.0,2.0,7.0,8.0,8.0,Not a religious person,4.0,Male,1991.0,29.0,Married,Full time
SGP,702071866,1.0,1.0,1.0,1.0,9.0,7.0,7.0,An atheist,1.0,Female,1995.0,25.0,Single,Full time
SGP,702071867,1.0,1.0,1.0,1.0,7.0,10.0,10.0,A religious person,1.0,Male,1994.0,26.0,Single,Full time
SGP,702071868,1.0,3.0,3.0,2.0,4.0,8.0,8.0,A religious person,5.0,Female,1959.0,61.0,Single,Full time
SGP,702071869,1.0,1.0,1.0,2.0,6.0,7.0,7.0,An atheist,3.0,Female,1972.0,48.0,Married,Full time
SGP,702071870,1.0,1.0,1.0,2.0,2.0,8.0,6.0,Not a religious person,2.0,Male,1992.0,28.0,Single,Full time
SGP,702071871,1.0,1.0,2.0,2.0,8.0,7.0,7.0,Not a religious person,3.0,Male,1999.0,21.0,Single,Full time
SGP,702071872,1.0,1.0,1.0,3.0,10.0,9.0,7.0,A religious person,3.0,Male,1951.0,69.0,Married,Retired/pensioned
SGP,702071873,1.0,2.0,1.0,2.0,7.0,6.0,4.0,Not a religious person,5.0,Female,1979.0,41.0,Single,Full time
SGP,702071874,2.0,3.0,2.0,2.0,8.0,6.0,7.0,A religious person,4.0,Male,1963.0,57.0,Married,Part time
SGP,702071875,1.0,1.0,2.0,3.0,7.0,7.0,10.0,A religious person,10.0,Female,1954.0,66.0,Married,Homemaker not otherwise employed
SGP,702071876,1.0,2.0,2.0,1.0,8.0,8.0,7.0,A religious person,6.0,Female,1971.0,49.0,Married,Full time
SGP,702071877,1.0,2.0,3.0,1.0,5.0,5.0,6.0,A religious person,5.0,Female,1972.0,48.0,Married,Full time
SGP,702071878,2.0,1.0,3.0,2.0,4.0,4.0,7.0,An atheist,8.0,Female,1957.0,63.0,Single,Part time
SGP,702071879,1.0,2.0,3.0,2.0,4.0,4.0,6.0,A religious person,5.0,Male,1987.0,33.0,Married,Self employed
SGP,702071880,1.0,2.0,2.0,2.0,7.0,8.0,10.0,A religious person,8.0,Female,1963.0,57.0,Married,Full time
SGP,702071881,1.0,2.0,2.0,2.0,6.0,7.0,6.0,A religious person,10.0,Female,1968.0,52.0,Married,Full time
SGP,702071882,1.0,1.0,1.0,2.0,8.0,8.0,5.0,A religious person,10.0,Female,1961.0,59.0,Married,Homemaker not otherwise employed
SGP,702071883,1.0,2.0,2.0,2.0,7.0,7.0,4.0,A religious person,7.0,Male,1974.0,46.0,Married,Full time
SGP,702071884,1.0,2.0,1.0,2.0,6.0,7.0,1.0,A religious person,10.0,Female,1965.0,55.0,Single,Unemployed
SGP,702071885,2.0,2.0,3.0,2.0,8.0,7.0,8.0,A religious person,5.0,Female,1964.0,56.0,Single,Full time
SGP,702071886,1.0,2.0,1.0,2.0,8.0,7.0,7.0,Not a religious person,6.0,Female,1993.0,27.0,Single,Full time
SGP,702071887,1.0,1.0,1.0,1.0,7.0,7.0,7.0,A religious person,2.0,Female,1977.0,43.0,Married,Full time
SGP,702071888,1.0,1.0,1.0,2.0,8.0,8.0,8.0,A religious person,2.0,Female,1965.0,55.0,Married,Full time
SGP,702071889,2.0,2.0,3.0,2.0,10.0,10.0,10.0,A religious person,,Male,1998.0,22.0,Single,Full time
SGP,702071890,2.0,2.0,2.0,2.0,7.0,8.0,6.0,A religious person,8.0,Female,1947.0,73.0,Widowed,Part time
SGP,702071891,1.0,2.0,2.0,2.0,5.0,5.0,2.0,A religious person,5.0,Female,1961.0,59.0,Married,Homemaker not otherwise employed
SGP,702071892,1.0,1.0,2.0,3.0,5.0,6.0,3.0,A religious person,8.0,Female,1948.0,72.0,Married,Retired/pensioned
SGP,702071893,1.0,1.0,1.0,2.0,7.0,7.0,7.0,Not a religious person,6.0,Male,1995.0,25.0,Single,Student
SGP,702071894,1.0,2.0,2.0,2.0,8.0,8.0,8.0,Not a religious person,6.0,Female,1984.0,36.0,Married,Full time
SGP,702071895,1.0,2.0,1.0,1.0,7.0,7.0,6.0,A religious person,7.0,Female,1989.0,31.0,Married,Full time
SGP,702071896,1.0,2.0,2.0,3.0,8.0,8.0,8.0,A religious person,8.0,Female,1954.0,66.0,Married,Retired/pensioned
SGP,702071897,1.0,2.0,2.0,1.0,10.0,10.0,10.0,A religious person,6.0,Female,1954.0,66.0,Married,Full time
SGP,702071898,1.0,2.0,2.0,2.0,10.0,10.0,10.0,A religious person,6.0,Female,1949.0,71.0,Married,Homemaker not otherwise employed
SGP,702071899,1.0,2.0,2.0,1.0,6.0,7.0,6.0,A religious person,8.0,Female,1961.0,59.0,Married,Homemaker not otherwise employed
SGP,702071900,1.0,2.0,2.0,2.0,6.0,7.0,7.0,Not a religious person,5.0,Male,1957.0,63.0,Married,Self employed
SGP,702071901,1.0,2.0,3.0,4.0,5.0,6.0,7.0,Not a religious person,5.0,Male,1962.0,58.0,Married,Full time
SGP,702071902,1.0,1.0,2.0,4.0,10.0,10.0,10.0,Not a religious person,,Male,1943.0,77.0,Married,Retired/pensioned
SGP,702071903,1.0,2.0,2.0,3.0,7.0,7.0,6.0,Not a religious person,6.0,Male,1963.0,57.0,Married,Self employed
SGP,702071904,1.0,2.0,2.0,2.0,6.0,6.0,5.0,A religious person,,Female,1992.0,28.0,Single,Full time
SGP,702071905,1.0,2.0,1.0,2.0,10.0,8.0,8.0,A religious person,,Female,1965.0,55.0,Married,Homemaker not otherwise employed
SGP,702071906,1.0,2.0,2.0,3.0,5.0,8.0,5.0,A religious person,,Female,1958.0,62.0,Widowed,Homemaker not otherwise employed
SGP,702071907,1.0,2.0,2.0,3.0,6.0,7.0,5.0,Not a religious person,7.0,Male,1954.0,66.0,Single,Unemployed
SGP,702071908,1.0,2.0,1.0,1.0,9.0,7.0,9.0,Not a religious person,4.0,Female,1981.0,39.0,Single,Full time
SGP,702071909,1.0,2.0,3.0,2.0,7.0,8.0,8.0,Not a religious person,2.0,Female,1989.0,31.0,Single,Full time
SGP,702071910,1.0,1.0,1.0,1.0,1.0,8.0,9.0,Not a religious person,5.0,Female,1957.0,63.0,Married,Part time
SGP,702071911,1.0,2.0,3.0,2.0,7.0,8.0,5.0,Not a religious person,5.0,Female,1958.0,62.0,Married,Full time
SGP,702071912,2.0,2.0,3.0,1.0,5.0,7.0,8.0,A religious person,5.0,Female,1961.0,59.0,Married,Homemaker not otherwise employed
SGP,702071913,1.0,2.0,2.0,1.0,8.0,5.0,6.0,Not a religious person,5.0,Male,1969.0,51.0,Married,Full time
SGP,702071914,1.0,1.0,1.0,2.0,10.0,5.0,10.0,A religious person,7.0,Male,1936.0,84.0,Married,Retired/pensioned
SGP,702071915,1.0,1.0,1.0,1.0,8.0,7.0,3.0,An atheist,,Female,1957.0,63.0,Divorced,Full time
SGP,702071916,1.0,2.0,2.0,3.0,5.0,5.0,6.0,Not a religious person,5.0,Male,1964.0,56.0,Single,Full time
SGP,702071917,1.0,3.0,1.0,2.0,8.0,10.0,10.0,A religious person,5.0,Female,1959.0,61.0,Married,Unemployed
SGP,702071918,1.0,2.0,2.0,1.0,6.0,6.0,8.0,A religious person,6.0,Female,1962.0,58.0,Married,Homemaker not otherwise employed
SGP,702071919,1.0,2.0,3.0,1.0,5.0,3.0,5.0,A religious person,5.0,Female,1960.0,60.0,Married,Homemaker not otherwise employed
SGP,702071920,1.0,1.0,2.0,2.0,10.0,10.0,9.0,A religious person,7.0,Female,1974.0,46.0,Married,Self employed
SGP,702071921,2.0,2.0,2.0,3.0,7.0,8.0,7.0,A religious person,6.0,Female,1964.0,56.0,Single,Part time
SGP,702071922,1.0,2.0,2.0,1.0,7.0,7.0,5.0,An atheist,5.0,Male,1974.0,46.0,Married,Full time
SGP,702071923,1.0,2.0,1.0,2.0,7.0,7.0,7.0,A religious person,3.0,Female,1965.0,55.0,Married,Full time
SGP,702071924,1.0,2.0,1.0,1.0,8.0,6.0,6.0,A religious person,5.0,Male,1983.0,37.0,Single,Self employed
SGP,702071925,1.0,3.0,2.0,3.0,9.0,9.0,9.0,An atheist,6.0,Male,1948.0,72.0,Married,Retired/pensioned
SGP,702071926,1.0,1.0,1.0,3.0,7.0,8.0,7.0,A religious person,6.0,Male,1960.0,60.0,Married,Part time
SGP,702071927,2.0,2.0,2.0,3.0,8.0,7.0,6.0,A religious person,,Male,1965.0,55.0,Single,Part time
SGP,702071928,2.0,2.0,2.0,2.0,2.0,3.0,4.0,A religious person,5.0,Male,1957.0,63.0,Single,Self employed
SGP,702071929,1.0,1.0,1.0,2.0,3.0,5.0,3.0,A religious person,5.0,Male,1958.0,62.0,Single,Retired/pensioned
SGP,702071930,1.0,2.0,2.0,3.0,4.0,6.0,6.0,Not a religious person,4.0,Male,1960.0,60.0,Married,Unemployed
SGP,702071931,1.0,1.0,1.0,1.0,7.0,7.0,8.0,Not a religious person,,Male,1990.0,30.0,Single,Full time
SGP,702071932,1.0,2.0,2.0,3.0,7.0,6.0,9.0,A religious person,,Male,1931.0,89.0,Widowed,Retired/pensioned
SGP,702071933,1.0,1.0,1.0,1.0,8.0,8.0,9.0,Not a religious person,8.0,Female,1965.0,55.0,Separated,Full time
SGP,702071934,1.0,3.0,2.0,1.0,5.0,8.0,8.0,A religious person,5.0,Female,1956.0,64.0,Married,Part time
SGP,702071935,1.0,1.0,1.0,1.0,6.0,8.0,8.0,Not a religious person,,Male,1993.0,27.0,Single,Full time
SGP,702071936,3.0,2.0,2.0,1.0,3.0,4.0,3.0,Not a religious person,,Female,1955.0,65.0,Divorced,Part time
SGP,702071937,1.0,1.0,1.0,2.0,6.0,6.0,7.0,Not a religious person,6.0,Male,1995.0,25.0,Single,Full time
SGP,702071938,1.0,1.0,3.0,1.0,7.0,7.0,7.0,A religious person,4.0,Female,1967.0,53.0,Married,Full time
SGP,702071939,1.0,1.0,1.0,1.0,6.0,6.0,8.0,Not a religious person,,Female,1992.0,28.0,Single,Full time
SGP,702071940,1.0,2.0,2.0,1.0,10.0,10.0,10.0,Not a religious person,6.0,Male,1952.0,68.0,Married,Full time
SGP,702071941,1.0,1.0,2.0,3.0,7.0,7.0,7.0,Not a religious person,9.0,Female,1949.0,71.0,Single,Retired/pensioned
SGP,702071942,1.0,1.0,1.0,1.0,6.0,7.0,3.0,,9.0,Female,1970.0,50.0,Single,Full time
SGP,702071943,1.0,2.0,2.0,2.0,5.0,7.0,5.0,A religious person,5.0,Female,1966.0,54.0,Married,Part time
SGP,702071944,1.0,2.0,2.0,3.0,6.0,6.0,5.0,,8.0,Female,1937.0,83.0,Widowed,Retired/pensioned
SGP,702071945,1.0,2.0,2.0,3.0,6.0,,,,9.0,Female,1949.0,71.0,Married,Retired/pensioned
SGP,702071946,1.0,2.0,2.0,2.0,7.0,7.0,7.0,Not a religious person,,Female,1963.0,57.0,Widowed,Part time
SGP,702071947,1.0,2.0,2.0,1.0,8.0,9.0,8.0,Not a religious person,3.0,Female,1989.0,31.0,Married,Full time
SGP,702071948,1.0,2.0,1.0,2.0,7.0,8.0,10.0,Not a religious person,8.0,Female,1985.0,35.0,Married,Full time
SGP,702071949,1.0,2.0,2.0,2.0,7.0,8.0,8.0,A religious person,5.0,Male,1953.0,67.0,Married,Full time
SGP,702071950,1.0,1.0,1.0,2.0,7.0,7.0,7.0,A religious person,5.0,Female,1985.0,35.0,Married,Full time
SGP,702071951,1.0,2.0,2.0,2.0,6.0,6.0,7.0,Not a religious person,6.0,Male,1979.0,41.0,Married,Full time
SGP,702071952,2.0,2.0,2.0,3.0,4.0,6.0,8.0,An atheist,1.0,Female,1996.0,24.0,Single,Full time
SGP,702071953,1.0,2.0,4.0,2.0,4.0,4.0,4.0,An atheist,5.0,Female,1962.0,58.0,Single,Retired/pensioned
SGP,702071954,1.0,2.0,2.0,1.0,7.0,9.0,9.0,A religious person,9.0,Male,1964.0,56.0,Married,Full time
SGP,702071955,1.0,2.0,2.0,2.0,8.0,7.0,7.0,A religious person,3.0,Female,1991.0,29.0,Married,Full time
SGP,702071956,1.0,2.0,2.0,1.0,8.0,,7.0,A religious person,-2.0,Male,1993.0,27.0,Single,Full time
SGP,702071957,1.0,2.0,3.0,3.0,5.0,6.0,6.0,An atheist,6.0,Female,1952.0,68.0,Married,Homemaker not otherwise employed
SGP,702071958,1.0,1.0,1.0,2.0,10.0,10.0,10.0,A religious person,9.0,Female,1971.0,49.0,Married,Full time
SGP,702071959,1.0,2.0,3.0,2.0,7.0,4.0,5.0,A religious person,7.0,Female,1975.0,45.0,Married,Retired/pensioned
SGP,702071960,1.0,1.0,1.0,1.0,5.0,5.0,5.0,Not a religious person,5.0,Female,1993.0,27.0,Single,Full time
SGP,702071961,1.0,2.0,1.0,2.0,5.0,5.0,5.0,,,Female,1965.0,55.0,Married,Full time
SGP,702071962,1.0,1.0,1.0,1.0,5.0,5.0,5.0,Not a religious person,,Male,1997.0,23.0,Single,Part time
SGP,702071963,1.0,1.0,1.0,1.0,5.0,5.0,5.0,A religious person,,Female,1999.0,21.0,Single,Part time
SGP,702071964,1.0,1.0,1.0,1.0,5.0,5.0,5.0,Not a religious person,,Male,1992.0,28.0,Single,Self employed
SGP,702071965,1.0,1.0,1.0,1.0,5.0,5.0,5.0,A religious person,,Female,1989.0,31.0,Single,Full time
SGP,702071966,1.0,1.0,1.0,1.0,5.0,5.0,5.0,A religious person,,Male,1992.0,28.0,Single,Full time
SGP,702071967,1.0,1.0,1.0,1.0,5.0,5.0,5.0,Not a religious person,,Male,1990.0,30.0,Single,Full time
SGP,702071968,2.0,2.0,2.0,2.0,7.0,5.0,6.0,Not a religious person,5.0,Male,1964.0,56.0,Single,Full time
SGP,702071969,1.0,1.0,1.0,2.0,8.0,8.0,8.0,A religious person,,Female,1954.0,66.0,Married,Full time
SGP,702071970,1.0,3.0,2.0,3.0,5.0,7.0,6.0,A religious person,4.0,Female,1987.0,33.0,Married,Homemaker not otherwise employed
SGP,702071971,1.0,2.0,3.0,3.0,5.0,8.0,8.0,Not a religious person,,Female,1957.0,63.0,Widowed,Homemaker not otherwise employed
SGP,702071972,1.0,1.0,1.0,1.0,6.0,7.0,8.0,Not a religious person,8.0,Female,1984.0,36.0,Married,Full time
SGP,702071973,1.0,1.0,1.0,1.0,6.0,7.0,8.0,Not a religious person,7.0,Female,1984.0,36.0,Married,Full time
SGP,702071974,1.0,1.0,1.0,1.0,7.0,7.0,7.0,A religious person,5.0,Male,1955.0,65.0,Married,Full time
SGP,702071975,1.0,2.0,2.0,1.0,5.0,4.0,4.0,Not a religious person,,Male,1964.0,56.0,Married,Full time
SGP,702071976,1.0,3.0,3.0,3.0,5.0,4.0,4.0,A religious person,5.0,Female,1948.0,72.0,Married,Homemaker not otherwise employed
SGP,702071977,1.0,1.0,1.0,1.0,3.0,3.0,3.0,Not a religious person,,Male,1965.0,55.0,Divorced,Full time
SGP,702071978,1.0,3.0,2.0,3.0,5.0,6.0,6.0,Not a religious person,3.0,Female,1944.0,76.0,Widowed,Unemployed
SGP,702071979,1.0,3.0,2.0,3.0,7.0,7.0,7.0,A religious person,,Male,1951.0,69.0,Married,Retired/pensioned
SGP,702071980,1.0,3.0,3.0,2.0,4.0,4.0,3.0,Not a religious person,,Female,1956.0,64.0,Married,Unemployed
SGP,702071981,3.0,1.0,3.0,1.0,6.0,6.0,5.0,Not a religious person,6.0,Male,1954.0,66.0,Divorced,Full time
SGP,702071982,2.0,3.0,1.0,1.0,4.0,3.0,4.0,Not a religious person,,Female,1976.0,44.0,Divorced,Self employed
SGP,702071983,2.0,4.0,3.0,3.0,4.0,5.0,7.0,Not a religious person,7.0,Male,1950.0,70.0,Widowed,Retired/pensioned
SGP,702071984,1.0,1.0,1.0,1.0,4.0,8.0,7.0,Not a religious person,,Male,1977.0,43.0,Married,Full time
SGP,702071985,1.0,1.0,1.0,2.0,7.0,7.0,7.0,Not a religious person,6.0,Male,1972.0,48.0,Married,Full time
SGP,702071986,1.0,2.0,2.0,3.0,8.0,8.0,8.0,Not a religious person,5.0,Male,1972.0,48.0,Single,Full time
SGP,702071987,1.0,1.0,1.0,2.0,8.0,7.0,7.0,Not a religious person,5.0,Male,1967.0,53.0,Married,Full time
SGP,702071988,1.0,1.0,1.0,2.0,7.0,6.0,6.0,A religious person,6.0,Male,1969.0,51.0,Married,Full time
SGP,702071989,1.0,1.0,1.0,2.0,7.0,7.0,7.0,A religious person,6.0,Male,1974.0,46.0,Married,Full time
SGP,702071990,1.0,1.0,1.0,1.0,5.0,5.0,5.0,Not a religious person,,Female,1996.0,24.0,Single,Self employed
SGP,702071991,1.0,1.0,1.0,1.0,5.0,5.0,5.0,Not a religious person,,Female,1995.0,25.0,Single,Full time
SGP,702071992,1.0,1.0,2.0,1.0,5.0,5.0,5.0,Not a religious person,,Female,1997.0,23.0,Single,Self employed
SGP,702071993,1.0,1.0,2.0,1.0,5.0,5.0,5.0,Not a religious person,,Male,1993.0,27.0,Single,Full time
SGP,702071994,1.0,1.0,1.0,1.0,5.0,5.0,5.0,A religious person,,Female,1993.0,27.0,Single,Full time
SGP,702071995,1.0,1.0,1.0,1.0,5.0,5.0,5.0,Not a religious person,,Male,1973.0,47.0,Divorced,Full time
SGP,702071996,1.0,2.0,3.0,1.0,10.0,10.0,10.0,A religious person,5.0,Female,1991.0,29.0,Single,Unemployed
SGP,702071997,1.0,1.0,1.0,3.0,7.0,8.0,8.0,A religious person,8.0,Male,1944.0,76.0,Married,Retired/pensioned
SGP,702071998,1.0,1.0,2.0,2.0,10.0,10.0,10.0,A religious person,6.0,Male,1961.0,59.0,Widowed,Full time
SGP,702071999,1.0,1.0,2.0,2.0,7.0,7.0,8.0,A religious person,5.0,Male,1962.0,58.0,Widowed,Retired/pensioned
SGP,702072000,1.0,1.0,2.0,3.0,6.0,5.0,6.0,Not a religious person,7.0,Male,1940.0,80.0,Widowed,Retired/pensioned
SGP,702072001,1.0,1.0,1.0,1.0,6.0,7.0,6.0,Not a religious person,7.0,Female,1979.0,41.0,Married,Full time
SGP,702072002,1.0,1.0,2.0,3.0,6.0,7.0,7.0,Not a religious person,7.0,Female,1941.0,79.0,Widowed,Retired/pensioned
SGP,702072003,1.0,2.0,3.0,2.0,6.0,6.0,4.0,Not a religious person,,Male,1976.0,44.0,Married,Full time
SGP,702072004,1.0,2.0,2.0,4.0,10.0,9.0,5.0,A religious person,5.0,Female,1984.0,36.0,Married,Full time
SGP,702072005,1.0,2.0,3.0,1.0,7.0,7.0,4.0,Not a religious person,7.0,Male,1982.0,38.0,Married,Full time
SGP,702072006,1.0,1.0,1.0,2.0,10.0,9.0,10.0,Not a religious person,5.0,Male,1962.0,58.0,Married,Self employed
SGP,702072007,1.0,1.0,1.0,2.0,8.0,6.0,8.0,A religious person,5.0,Male,1970.0,50.0,Married,Student
SGP,702072008,1.0,4.0,2.0,1.0,3.0,3.0,2.0,A religious person,,Male,1976.0,44.0,Divorced,Self employed
SGP,702072009,1.0,1.0,1.0,2.0,5.0,5.0,5.0,An atheist,1.0,Male,1981.0,39.0,Married,Self employed
SGP,702072010,1.0,2.0,2.0,2.0,6.0,4.0,4.0,A religious person,5.0,Male,1964.0,56.0,Married,Self employed
SGP,702072011,1.0,2.0,2.0,1.0,8.0,7.0,5.0,A religious person,6.0,Male,1976.0,44.0,Single,Full time
SGP,702072012,1.0,2.0,3.0,2.0,5.0,6.0,6.0,A religious person,8.0,Male,1969.0,51.0,Married,Full time
